{
"type": "FeatureCollection",
"name": "evacuation_sites_tsunami",
"crs": { "type": "name", "properties": { "name": "urn:ogc:def:crs:OGC:1.3:CRS84" } },
"features": [
{ "type": "Feature", "properties": { "fid": 402, "NO": "1145", "共通ID": "E0120600010201", "施設・場所名": "阿寒町行政センター２階・３階", "住所": "北海道釧路市阿寒町中央1-4-1", "洪水": "", "崖崩れ、土石流及び地滑り": "", "高潮": "", "地震": "", "津波": "1", "大規模な火事": "", "内水氾濫": "", "火山現象": "", "指定避難所との住所同一": "1", "備考": "" }, "geometry": { "type": "Point", "coordinates": [ 144.12353, 43.112689 ] } },
{ "type": "Feature", "properties": { "fid": 403, "NO": "1146", "共通ID": "E0120600011201", "施設・場所名": "阿寒町スポーツセンター１階・２階", "住所": "北海道釧路市阿寒町中央1-6-1", "洪水": "", "崖崩れ、土石流及び地滑り": "", "高潮": "", "地震": "", "津波": "1", "大規模な火事": "", "内水氾濫": "", "火山現象": "", "指定避難所との住所同一": "1", "備考": "" }, "geometry": { "type": "Point", "coordinates": [ 144.122917, 43.11354 ] } },
{ "type": "Feature", "properties": { "fid": 404, "NO": "1147", "共通ID": "E0120600013201", "施設・場所名": "阿寒町公民館１階・２階", "住所": "北海道釧路市阿寒町中央2-4", "洪水": "", "崖崩れ、土石流及び地滑り": "", "高潮": "", "地震": "", "津波": "1", "大規模な火事": "", "内水氾濫": "", "火山現象": "", "指定避難所との住所同一": "", "備考": "" }, "geometry": { "type": "Point", "coordinates": [ 144.12384, 43.115543 ] } },
{ "type": "Feature", "properties": { "fid": 405, "NO": "1148", "共通ID": "E0120600017201", "施設・場所名": "阿寒小学校１階・２階", "住所": "北海道釧路市阿寒町富士見1-17", "洪水": "", "崖崩れ、土石流及び地滑り": "", "高潮": "", "地震": "", "津波": "1", "大規模な火事": "", "内水氾濫": "", "火山現象": "", "指定避難所との住所同一": "", "備考": "" }, "geometry": { "type": "Point", "coordinates": [ 144.126315, 43.106522 ] } },
{ "type": "Feature", "properties": { "fid": 406, "NO": "1149", "共通ID": "E0120600022201", "施設・場所名": "阿寒中学校１階・２階", "住所": "北海道釧路市阿寒町北新町2-4", "洪水": "", "崖崩れ、土石流及び地滑り": "", "高潮": "", "地震": "", "津波": "1", "大規模な火事": "", "内水氾濫": "", "火山現象": "", "指定避難所との住所同一": "", "備考": "" }, "geometry": { "type": "Point", "coordinates": [ 144.125976, 43.118283 ] } },
{ "type": "Feature", "properties": { "fid": 407, "NO": "1150", "共通ID": "E0120600024201", "施設・場所名": "中部地区コミュニティセンター（コアかがやき）１～２階", "住所": "北海道釧路市愛国191-5511", "洪水": "", "崖崩れ、土石流及び地滑り": "", "高潮": "", "地震": "", "津波": "1", "大規模な火事": "", "内水氾濫": "", "火山現象": "", "指定避難所との住所同一": "1", "備考": "" }, "geometry": { "type": "Point", "coordinates": [ 144.398421, 43.025267 ] } },
{ "type": "Feature", "properties": { "fid": 408, "NO": "1151", "共通ID": "E0120600025201", "施設・場所名": "釧路中央ＩＣ避難高台広場", "住所": "北海道釧路市愛国１９１地先", "洪水": "", "崖崩れ、土石流及び地滑り": "", "高潮": "", "地震": "", "津波": "1", "大規模な火事": "", "内水氾濫": "", "火山現象": "", "指定避難所との住所同一": "", "備考": "" }, "geometry": { "type": "Point", "coordinates": [ 144.401003, 43.028927 ] } },
{ "type": "Feature", "properties": { "fid": 409, "NO": "1152", "共通ID": "E0120600026201", "施設・場所名": "愛国小学校２～３階", "住所": "北海道釧路市愛国西1-25", "洪水": "", "崖崩れ、土石流及び地滑り": "", "高潮": "", "地震": "", "津波": "1", "大規模な火事": "", "内水氾濫": "", "火山現象": "", "指定避難所との住所同一": "", "備考": "" }, "geometry": { "type": "Point", "coordinates": [ 144.386668, 43.012082 ] } },
{ "type": "Feature", "properties": { "fid": 410, "NO": "1153", "共通ID": "E0120600028201", "施設・場所名": "明輝高等学校３階・４階", "住所": "北海道釧路市愛国西1-38", "洪水": "", "崖崩れ、土石流及び地滑り": "", "高潮": "", "地震": "", "津波": "1", "大規模な火事": "", "内水氾濫": "", "火山現象": "", "指定避難所との住所同一": "", "備考": "" }, "geometry": { "type": "Point", "coordinates": [ 144.385461, 43.015155 ] } },
{ "type": "Feature", "properties": { "fid": 411, "NO": "1154", "共通ID": "E0120600033201", "施設・場所名": "旭改良住宅４階～９階", "住所": "北海道釧路市旭町12", "洪水": "", "崖崩れ、土石流及び地滑り": "", "高潮": "", "地震": "", "津波": "1", "大規模な火事": "", "内水氾濫": "", "火山現象": "", "指定避難所との住所同一": "", "備考": "" }, "geometry": { "type": "Point", "coordinates": [ 144.391635, 42.98536 ] } },
{ "type": "Feature", "properties": { "fid": 412, "NO": "1155", "共通ID": "E0120600034201", "施設・場所名": "総合福祉センター３～４階", "住所": "北海道釧路市旭町12-3", "洪水": "", "崖崩れ、土石流及び地滑り": "", "高潮": "", "地震": "", "津波": "1", "大規模な火事": "", "内水氾濫": "", "火山現象": "", "指定避難所との住所同一": "1", "備考": "" }, "geometry": { "type": "Point", "coordinates": [ 144.391078, 42.985239 ] } },
{ "type": "Feature", "properties": { "fid": 413, "NO": "1156", "共通ID": "E0120600261201", "施設・場所名": "コーディアルタウン旭橋４～１０階", "住所": "北海道釧路市旭町24", "洪水": "", "崖崩れ、土石流及び地滑り": "", "高潮": "", "地震": "", "津波": "1", "大規模な火事": "", "内水氾濫": "", "火山現象": "", "指定避難所との住所同一": "", "備考": "" }, "geometry": { "type": "Point", "coordinates": [ 144.393769, 42.986238 ] } },
{ "type": "Feature", "properties": { "fid": 414, "NO": "1157", "共通ID": "E0120600035201", "施設・場所名": "芦野小学校２～３階", "住所": "北海道釧路市芦野1-13", "洪水": "", "崖崩れ、土石流及び地滑り": "", "高潮": "", "地震": "", "津波": "1", "大規模な火事": "", "内水氾濫": "", "火山現象": "", "指定避難所との住所同一": "", "備考": "" }, "geometry": { "type": "Point", "coordinates": [ 144.398981, 43.011674 ] } },
{ "type": "Feature", "properties": { "fid": 415, "NO": "1158", "共通ID": "E0120600039201", "施設・場所名": "釧路公立大学１階～４階", "住所": "北海道釧路市芦野4-1", "洪水": "", "崖崩れ、土石流及び地滑り": "", "高潮": "", "地震": "", "津波": "1", "大規模な火事": "", "内水氾濫": "", "火山現象": "", "指定避難所との住所同一": "", "備考": "" }, "geometry": { "type": "Point", "coordinates": [ 144.396564, 43.018744 ] } },
{ "type": "Feature", "properties": { "fid": 416, "NO": "1159", "共通ID": "E0120600042201", "施設・場所名": "釧路小学校１階・２階", "住所": "北海道釧路市浦見2-2", "洪水": "", "崖崩れ、土石流及び地滑り": "", "高潮": "", "地震": "", "津波": "1", "大規模な火事": "", "内水氾濫": "", "火山現象": "", "指定避難所との住所同一": "", "備考": "" }, "geometry": { "type": "Point", "coordinates": [ 144.384174, 42.976609 ] } },
{ "type": "Feature", "properties": { "fid": 417, "NO": "1160", "共通ID": "E0120600044201", "施設・場所名": "東部地区コミュニティセンター（コア大空）１階・２階", "住所": "北海道釧路市益浦1-20", "洪水": "", "崖崩れ、土石流及び地滑り": "", "高潮": "", "地震": "", "津波": "1", "大規模な火事": "", "内水氾濫": "", "火山現象": "", "指定避難所との住所同一": "", "備考": "" }, "geometry": { "type": "Point", "coordinates": [ 144.431047, 42.955781 ] } },
{ "type": "Feature", "properties": { "fid": 418, "NO": "1161", "共通ID": "E0120600046201", "施設・場所名": "体験学習センター１階", "住所": "北海道釧路市音別町音別原野基線138-3", "洪水": "", "崖崩れ、土石流及び地滑り": "", "高潮": "", "地震": "", "津波": "1", "大規模な火事": "", "内水氾濫": "", "火山現象": "", "指定避難所との住所同一": "", "備考": "" }, "geometry": { "type": "Point", "coordinates": [ 143.876944, 42.972411 ] } },
{ "type": "Feature", "properties": { "fid": 419, "NO": "1162", "共通ID": "E0120600282201", "施設・場所名": "音別浄化センター　屋上", "住所": "北海道釧路市音別町海光1-31", "洪水": "", "崖崩れ、土石流及び地滑り": "", "高潮": "", "地震": "", "津波": "1", "大規模な火事": "", "内水氾濫": "", "火山現象": "", "指定避難所との住所同一": "", "備考": "" }, "geometry": { "type": "Point", "coordinates": [ 143.937835, 42.887771 ] } },
{ "type": "Feature", "properties": { "fid": 420, "NO": "1163", "共通ID": "E0120600281201", "施設・場所名": "海光団地かいこう２２　５階", "住所": "北海道釧路市音別町海光1-31-3", "洪水": "", "崖崩れ、土石流及び地滑り": "", "高潮": "", "地震": "", "津波": "1", "大規模な火事": "", "内水氾濫": "", "火山現象": "", "指定避難所との住所同一": "", "備考": "" }, "geometry": { "type": "Point", "coordinates": [ 143.934703, 42.88778 ] } },
{ "type": "Feature", "properties": { "fid": 421, "NO": "1164", "共通ID": "E0120600050201", "施設・場所名": "音別公園墓地駐車場", "住所": "北海道釧路市音別町尺別9-1", "洪水": "", "崖崩れ、土石流及び地滑り": "", "高潮": "", "地震": "", "津波": "1", "大規模な火事": "", "内水氾濫": "", "火山現象": "", "指定避難所との住所同一": "", "備考": "" }, "geometry": { "type": "Point", "coordinates": [ 143.923274, 42.882817 ] } },
{ "type": "Feature", "properties": { "fid": 422, "NO": "1165", "共通ID": "E0120600051201", "施設・場所名": "音別神社１階・２階", "住所": "北海道釧路市音別町尺別9-2", "洪水": "", "崖崩れ、土石流及び地滑り": "", "高潮": "", "地震": "", "津波": "1", "大規模な火事": "", "内水氾濫": "", "火山現象": "", "指定避難所との住所同一": "", "備考": "" }, "geometry": { "type": "Point", "coordinates": [ 143.922552, 42.884356 ] } },
{ "type": "Feature", "properties": { "fid": 423, "NO": "1166", "共通ID": "E0120600052201", "施設・場所名": "尺別中央会館１階", "住所": "北海道釧路市音別町尺別原野基線41-5", "洪水": "", "崖崩れ、土石流及び地滑り": "", "高潮": "", "地震": "", "津波": "1", "大規模な火事": "", "内水氾濫": "", "火山現象": "", "指定避難所との住所同一": "1", "備考": "" }, "geometry": { "type": "Point", "coordinates": [ 143.871207, 42.892246 ] } },
{ "type": "Feature", "properties": { "fid": 424, "NO": "1167", "共通ID": "E0120600053201", "施設・場所名": "おんべつ学園３階", "住所": "北海道釧路市音別町川東1-200-1", "洪水": "", "崖崩れ、土石流及び地滑り": "", "高潮": "", "地震": "", "津波": "1", "大規模な火事": "", "内水氾濫": "", "火山現象": "", "指定避難所との住所同一": "1", "備考": "" }, "geometry": { "type": "Point", "coordinates": [ 143.933119, 42.898575 ] } },
{ "type": "Feature", "properties": { "fid": 425, "NO": "1168", "共通ID": "E0120600055201", "施設・場所名": "西消防署音別支署屋上", "住所": "北海道釧路市音別町中園1-78", "洪水": "", "崖崩れ、土石流及び地滑り": "", "高潮": "", "地震": "", "津波": "1", "大規模な火事": "", "内水氾濫": "", "火山現象": "", "指定避難所との住所同一": "1", "備考": "" }, "geometry": { "type": "Point", "coordinates": [ 143.9326, 42.895062 ] } },
{ "type": "Feature", "properties": { "fid": 426, "NO": "1169", "共通ID": "E0120600059201", "施設・場所名": "音別町行政センター３階・屋上", "住所": "北海道釧路市音別町中園町1-134", "洪水": "", "崖崩れ、土石流及び地滑り": "", "高潮": "", "地震": "", "津波": "1", "大規模な火事": "", "内水氾濫": "", "火山現象": "", "指定避難所との住所同一": "", "備考": "" }, "geometry": { "type": "Point", "coordinates": [ 143.933296, 42.892785 ] } },
{ "type": "Feature", "properties": { "fid": 427, "NO": "1170", "共通ID": "E0120600061201", "施設・場所名": "拓北会館１階", "住所": "北海道釧路市音別町中音別445-1", "洪水": "", "崖崩れ、土石流及び地滑り": "", "高潮": "", "地震": "", "津波": "1", "大規模な火事": "", "内水氾濫": "", "火山現象": "", "指定避難所との住所同一": "1", "備考": "" }, "geometry": { "type": "Point", "coordinates": [ 143.926093, 42.946702 ] } },
{ "type": "Feature", "properties": { "fid": 428, "NO": "1171", "共通ID": "E0120600062201", "施設・場所名": "チノミ台高台（旧おんべつ学園付近）", "住所": "北海道釧路市音別町中音別630", "洪水": "", "崖崩れ、土石流及び地滑り": "", "高潮": "", "地震": "", "津波": "1", "大規模な火事": "", "内水氾濫": "", "火山現象": "", "指定避難所との住所同一": "", "備考": "" }, "geometry": { "type": "Point", "coordinates": [ 143.978164, 42.90954 ] } },
{ "type": "Feature", "properties": { "fid": 429, "NO": "1172", "共通ID": "E0120600063201", "施設・場所名": "大塚製薬工場釧路工場屋上", "住所": "北海道釧路市音別町朝日1-13", "洪水": "", "崖崩れ、土石流及び地滑り": "", "高潮": "", "地震": "", "津波": "1", "大規模な火事": "", "内水氾濫": "", "火山現象": "", "指定避難所との住所同一": "1", "備考": "" }, "geometry": { "type": "Point", "coordinates": [ 143.939711, 42.892771 ] } },
{ "type": "Feature", "properties": { "fid": 430, "NO": "1173", "共通ID": "E0120600066201", "施設・場所名": "直別生活館東の高台路肩", "住所": "北海道釧路市音別町直別原野東1", "洪水": "", "崖崩れ、土石流及び地滑り": "", "高潮": "", "地震": "", "津波": "1", "大規模な火事": "", "内水氾濫": "", "火山現象": "", "指定避難所との住所同一": "", "備考": "" }, "geometry": { "type": "Point", "coordinates": [ 143.859723, 42.857945 ] } },
{ "type": "Feature", "properties": { "fid": 431, "NO": "1174", "共通ID": "E0120600067201", "施設・場所名": "共栄中学校２～３階", "住所": "北海道釧路市花園町9-40", "洪水": "", "崖崩れ、土石流及び地滑り": "", "高潮": "", "地震": "", "津波": "1", "大規模な火事": "", "内水氾濫": "", "火山現象": "", "指定避難所との住所同一": "1", "備考": "" }, "geometry": { "type": "Point", "coordinates": [ 144.385193, 43.001529 ] } },
{ "type": "Feature", "properties": { "fid": 432, "NO": "1175", "共通ID": "E0120600259201", "施設・場所名": "小学校給食センター２階", "住所": "北海道釧路市貝塚3-7-22", "洪水": "", "崖崩れ、土石流及び地滑り": "", "高潮": "", "地震": "", "津波": "1", "大規模な火事": "", "内水氾濫": "", "火山現象": "", "指定避難所との住所同一": "", "備考": "" }, "geometry": { "type": "Point", "coordinates": [ 144.416676, 42.998755 ] } },
{ "type": "Feature", "properties": { "fid": 433, "NO": "1176", "共通ID": "E0120600260201", "施設・場所名": "貝塚送配水ポンプ場１階", "住所": "北海道釧路市貝塚4-14-77", "洪水": "", "崖崩れ、土石流及び地滑り": "", "高潮": "", "地震": "", "津波": "1", "大規模な火事": "", "内水氾濫": "", "火山現象": "", "指定避難所との住所同一": "", "備考": "" }, "geometry": { "type": "Point", "coordinates": [ 144.420543, 42.996322 ] } },
{ "type": "Feature", "properties": { "fid": 434, "NO": "1177", "共通ID": "E0120600069201", "施設・場所名": "北中学校３階・４階", "住所": "北海道釧路市喜多町1-23", "洪水": "", "崖崩れ、土石流及び地滑り": "", "高潮": "", "地震": "", "津波": "1", "大規模な火事": "", "内水氾濫": "", "火山現象": "", "指定避難所との住所同一": "1", "備考": "" }, "geometry": { "type": "Point", "coordinates": [ 144.37335, 42.995429 ] } },
{ "type": "Feature", "properties": { "fid": 435, "NO": "1178", "共通ID": "E0120600070201", "施設・場所名": "宮本会館１階", "住所": "北海道釧路市宮本2-12", "洪水": "", "崖崩れ、土石流及び地滑り": "", "高潮": "", "地震": "", "津波": "1", "大規模な火事": "", "内水氾濫": "", "火山現象": "", "指定避難所との住所同一": "", "備考": "" }, "geometry": { "type": "Point", "coordinates": [ 144.386164, 42.972832 ] } },
{ "type": "Feature", "properties": { "fid": 436, "NO": "1179", "共通ID": "E0120600072201", "施設・場所名": "はまなす会館１階", "住所": "北海道釧路市興津2-17", "洪水": "", "崖崩れ、土石流及び地滑り": "", "高潮": "", "地震": "", "津波": "1", "大規模な火事": "", "内水氾濫": "", "火山現象": "", "指定避難所との住所同一": "", "備考": "" }, "geometry": { "type": "Point", "coordinates": [ 144.414292, 42.962307 ] } },
{ "type": "Feature", "properties": { "fid": 437, "NO": "1180", "共通ID": "E0120600076201", "施設・場所名": "フィッシャーマンズワーフＭＯＯ４階・５階", "住所": "北海道釧路市錦町2-4", "洪水": "", "崖崩れ、土石流及び地滑り": "", "高潮": "", "地震": "", "津波": "1", "大規模な火事": "", "内水氾濫": "", "火山現象": "", "指定避難所との住所同一": "1", "備考": "" }, "geometry": { "type": "Point", "coordinates": [ 144.383981, 42.9818 ] } },
{ "type": "Feature", "properties": { "fid": 438, "NO": "1181", "共通ID": "E0120600077201", "施設・場所名": "ＡＮＡクラウンプラザホテル釧路３階・５階", "住所": "北海道釧路市錦町3-7", "洪水": "", "崖崩れ、土石流及び地滑り": "", "高潮": "", "地震": "", "津波": "1", "大規模な火事": "", "内水氾濫": "", "火山現象": "", "指定避難所との住所同一": "", "備考": "" }, "geometry": { "type": "Point", "coordinates": [ 144.382087, 42.982511 ] } },
{ "type": "Feature", "properties": { "fid": 439, "NO": "1182", "共通ID": "E0120600078201", "施設・場所名": "駒場団地（Ｓ８）４階～７階", "住所": "北海道釧路市駒場町11", "洪水": "", "崖崩れ、土石流及び地滑り": "", "高潮": "", "地震": "", "津波": "1", "大規模な火事": "", "内水氾濫": "", "火山現象": "", "指定避難所との住所同一": "", "備考": "" }, "geometry": { "type": "Point", "coordinates": [ 144.368538, 43.003217 ] } },
{ "type": "Feature", "properties": { "fid": 440, "NO": "1183", "共通ID": "E0120600078202", "施設・場所名": "駒場団地（Ｓ７）４階～８階", "住所": "北海道釧路市駒場町11", "洪水": "", "崖崩れ、土石流及び地滑り": "", "高潮": "", "地震": "", "津波": "1", "大規模な火事": "", "内水氾濫": "", "火山現象": "", "指定避難所との住所同一": "", "備考": "" }, "geometry": { "type": "Point", "coordinates": [ 144.368266, 43.002756 ] } },
{ "type": "Feature", "properties": { "fid": 441, "NO": "1184", "共通ID": "E0120600081201", "施設・場所名": "旧桂恋小学校１～２階", "住所": "北海道釧路市桂恋172", "洪水": "", "崖崩れ、土石流及び地滑り": "", "高潮": "", "地震": "", "津波": "1", "大規模な火事": "", "内水氾濫": "", "火山現象": "", "指定避難所との住所同一": "", "備考": "" }, "geometry": { "type": "Point", "coordinates": [ 144.451853, 42.946963 ] } },
{ "type": "Feature", "properties": { "fid": 442, "NO": "1185", "共通ID": "E0120600082201", "施設・場所名": "古川下水終末処理場２～３階", "住所": "北海道釧路市古川町7-4", "洪水": "", "崖崩れ、土石流及び地滑り": "", "高潮": "", "地震": "", "津波": "1", "大規模な火事": "", "内水氾濫": "", "火山現象": "", "指定避難所との住所同一": "", "備考": "" }, "geometry": { "type": "Point", "coordinates": [ 144.401132, 42.998975 ] } },
{ "type": "Feature", "properties": { "fid": 443, "NO": "1186", "共通ID": "E0120600083201", "施設・場所名": "光陽小学校２～３階", "住所": "北海道釧路市光陽町15-17", "洪水": "", "崖崩れ、土石流及び地滑り": "", "高潮": "", "地震": "", "津波": "1", "大規模な火事": "", "内水氾濫": "", "火山現象": "", "指定避難所との住所同一": "1", "備考": "" }, "geometry": { "type": "Point", "coordinates": [ 144.391995, 43.002224 ] } },
{ "type": "Feature", "properties": { "fid": 444, "NO": "1187", "共通ID": "E0120600084201", "施設・場所名": "江南高等学校３階・４階", "住所": "北海道釧路市光陽町24-17", "洪水": "", "崖崩れ、土石流及び地滑り": "", "高潮": "", "地震": "", "津波": "1", "大規模な火事": "", "内水氾濫": "", "火山現象": "", "指定避難所との住所同一": "1", "備考": "" }, "geometry": { "type": "Point", "coordinates": [ 144.390072, 43.005125 ] } },
{ "type": "Feature", "properties": { "fid": 445, "NO": "1188", "共通ID": "E0120600085201", "施設・場所名": "釧路地方合同庁舎３階～９階", "住所": "北海道釧路市幸町10-3", "洪水": "", "崖崩れ、土石流及び地滑り": "", "高潮": "", "地震": "", "津波": "1", "大規模な火事": "", "内水氾濫": "", "火山現象": "", "指定避難所との住所同一": "1", "備考": "" }, "geometry": { "type": "Point", "coordinates": [ 144.377879, 42.986671 ] } },
{ "type": "Feature", "properties": { "fid": 446, "NO": "1189", "共通ID": "E0120600086201", "施設・場所名": "道営住宅であえーる幸団地３階～１２階", "住所": "北海道釧路市幸町13-2-4", "洪水": "", "崖崩れ、土石流及び地滑り": "", "高潮": "", "地震": "", "津波": "1", "大規模な火事": "", "内水氾濫": "", "火山現象": "", "指定避難所との住所同一": "", "備考": "" }, "geometry": { "type": "Point", "coordinates": [ 144.378836, 42.989281 ] } },
{ "type": "Feature", "properties": { "fid": 447, "NO": "1190", "共通ID": "E0120600087201", "施設・場所名": "釧路プリンスホテル３階・５階", "住所": "北海道釧路市幸町7-1", "洪水": "", "崖崩れ、土石流及び地滑り": "", "高潮": "", "地震": "", "津波": "1", "大規模な火事": "", "内水氾濫": "", "火山現象": "", "指定避難所との住所同一": "", "備考": "" }, "geometry": { "type": "Point", "coordinates": [ 144.380464, 42.984639 ] } },
{ "type": "Feature", "properties": { "fid": 448, "NO": "1191", "共通ID": "E0120600089201", "施設・場所名": "湿原の風アリーナ釧路１階～３階", "住所": "北海道釧路市広里18", "洪水": "", "崖崩れ、土石流及び地滑り": "", "高潮": "", "地震": "", "津波": "1", "大規模な火事": "", "内水氾濫": "", "火山現象": "", "指定避難所との住所同一": "1", "備考": "" }, "geometry": { "type": "Point", "coordinates": [ 144.417725, 43.027553 ] } },
{ "type": "Feature", "properties": { "fid": 449, "NO": "1192", "共通ID": "E0120600090201", "施設・場所名": "釧路広域連合清掃工場２階～３階", "住所": "北海道釧路市高山30-1", "洪水": "", "崖崩れ、土石流及び地滑り": "", "高潮": "", "地震": "", "津波": "1", "大規模な火事": "", "内水氾濫": "", "火山現象": "", "指定避難所との住所同一": "1", "備考": "" }, "geometry": { "type": "Point", "coordinates": [ 144.472249, 42.957373 ] } },
{ "type": "Feature", "properties": { "fid": 450, "NO": "1193", "共通ID": "E0120600091201", "施設・場所名": "阿部ビル（釧路ロイヤルイン）１０階・１１階", "住所": "北海道釧路市黒金町14-9", "洪水": "", "崖崩れ、土石流及び地滑り": "", "高潮": "", "地震": "", "津波": "1", "大規模な火事": "", "内水氾濫": "", "火山現象": "", "指定避難所との住所同一": "", "備考": "" }, "geometry": { "type": "Point", "coordinates": [ 144.380529, 42.990269 ] } },
{ "type": "Feature", "properties": { "fid": 451, "NO": "1194", "共通ID": "E0120600092201", "施設・場所名": "市役所３階～５階", "住所": "北海道釧路市黒金町7-5", "洪水": "", "崖崩れ、土石流及び地滑り": "", "高潮": "", "地震": "", "津波": "1", "大規模な火事": "", "内水氾濫": "", "火山現象": "", "指定避難所との住所同一": "1", "備考": "" }, "geometry": { "type": "Point", "coordinates": [ 144.381348, 42.984863 ] } },
{ "type": "Feature", "properties": { "fid": 452, "NO": "1195", "共通ID": "E0120600093201", "施設・場所名": "市役所防災庁舎３～５階・屋上", "住所": "北海道釧路市黒金町8-2", "洪水": "", "崖崩れ、土石流及び地滑り": "", "高潮": "", "地震": "", "津波": "1", "大規模な火事": "", "内水氾濫": "", "火山現象": "", "指定避難所との住所同一": "1", "備考": "" }, "geometry": { "type": "Point", "coordinates": [ 144.381544, 42.985508 ] } },
{ "type": "Feature", "properties": { "fid": 453, "NO": "1196", "共通ID": "E0120600104201", "施設・場所名": "山花温泉　リフレ", "住所": "北海道釧路市山花１４線131", "洪水": "", "崖崩れ、土石流及び地滑り": "", "高潮": "", "地震": "", "津波": "1", "大規模な火事": "", "内水氾濫": "", "火山現象": "", "指定避難所との住所同一": "1", "備考": "" }, "geometry": { "type": "Point", "coordinates": [ 144.230535, 43.07918 ] } },
{ "type": "Feature", "properties": { "fid": 454, "NO": "1197", "共通ID": "E0120600105201", "施設・場所名": "山花小中学校", "住所": "北海道釧路市山花１４線132", "洪水": "", "崖崩れ、土石流及び地滑り": "", "高潮": "", "地震": "", "津波": "1", "大規模な火事": "", "内水氾濫": "", "火山現象": "", "指定避難所との住所同一": "1", "備考": "" }, "geometry": { "type": "Point", "coordinates": [ 144.232466, 43.076568 ] } },
{ "type": "Feature", "properties": { "fid": 455, "NO": "1198", "共通ID": "E0120600106201", "施設・場所名": "市民文化会館２階・３階", "住所": "北海道釧路市治水町12-10", "洪水": "", "崖崩れ、土石流及び地滑り": "", "高潮": "", "地震": "", "津波": "1", "大規模な火事": "", "内水氾濫": "", "火山現象": "", "指定避難所との住所同一": "1", "備考": "" }, "geometry": { "type": "Point", "coordinates": [ 144.373134, 43.010175 ] } },
{ "type": "Feature", "properties": { "fid": 456, "NO": "1199", "共通ID": "E0120600109201", "施設・場所名": "ラスティングホテル３階～８階", "住所": "北海道釧路市若松町3-3", "洪水": "", "崖崩れ、土石流及び地滑り": "", "高潮": "", "地震": "", "津波": "1", "大規模な火事": "", "内水氾濫": "", "火山現象": "", "指定避難所との住所同一": "", "備考": "" }, "geometry": { "type": "Point", "coordinates": [ 144.385338, 42.991262 ] } },
{ "type": "Feature", "properties": { "fid": 457, "NO": "1200", "共通ID": "E0120600266201", "施設・場所名": "北海道職員住宅ＲＣ－９６－１　３～４階", "住所": "北海道釧路市若竹町5", "洪水": "", "崖崩れ、土石流及び地滑り": "", "高潮": "", "地震": "", "津波": "1", "大規模な火事": "", "内水氾濫": "", "火山現象": "", "指定避難所との住所同一": "", "備考": "" }, "geometry": { "type": "Point", "coordinates": [ 144.377022, 42.997763 ] } },
{ "type": "Feature", "properties": { "fid": 458, "NO": "1201", "共通ID": "E0120600266203", "施設・場所名": "北海道職員住宅ＲＣ－９８－１　３～４階", "住所": "北海道釧路市若竹町5", "洪水": "", "崖崩れ、土石流及び地滑り": "", "高潮": "", "地震": "", "津波": "1", "大規模な火事": "", "内水氾濫": "", "火山現象": "", "指定避難所との住所同一": "", "備考": "" }, "geometry": { "type": "Point", "coordinates": [ 144.376915, 42.998108 ] } },
{ "type": "Feature", "properties": { "fid": 459, "NO": "1202", "共通ID": "E0120600266202", "施設・場所名": "北海道職員住宅ＲＣ－９７－１　３～４階", "住所": "北海道釧路市若竹町5", "洪水": "", "崖崩れ、土石流及び地滑り": "", "高潮": "", "地震": "", "津波": "1", "大規模な火事": "", "内水氾濫": "", "火山現象": "", "指定避難所との住所同一": "", "備考": "" }, "geometry": { "type": "Point", "coordinates": [ 144.376321, 42.997632 ] } },
{ "type": "Feature", "properties": { "fid": 460, "NO": "1203", "共通ID": "E0120600110201", "施設・場所名": "中央小学校３階", "住所": "北海道釧路市寿1-2", "洪水": "", "崖崩れ、土石流及び地滑り": "", "高潮": "", "地震": "", "津波": "1", "大規模な火事": "", "内水氾濫": "", "火山現象": "", "指定避難所との住所同一": "", "備考": "" }, "geometry": { "type": "Point", "coordinates": [ 144.376003, 42.990718 ] } },
{ "type": "Feature", "properties": { "fid": 461, "NO": "1204", "共通ID": "E0120600113201", "施設・場所名": "釧路ガス３階", "住所": "北海道釧路市寿4-1", "洪水": "", "崖崩れ、土石流及び地滑り": "", "高潮": "", "地震": "", "津波": "1", "大規模な火事": "", "内水氾濫": "", "火山現象": "", "指定避難所との住所同一": "", "備考": "" }, "geometry": { "type": "Point", "coordinates": [ 144.372896, 42.991876 ] } },
{ "type": "Feature", "properties": { "fid": 462, "NO": "1205", "共通ID": "E0120600114201", "施設・場所名": "児童発達支援センター２階～４階", "住所": "北海道釧路市住吉2-12-37", "洪水": "", "崖崩れ、土石流及び地滑り": "", "高潮": "", "地震": "", "津波": "1", "大規模な火事": "", "内水氾濫": "", "火山現象": "", "指定避難所との住所同一": "1", "備考": "" }, "geometry": { "type": "Point", "coordinates": [ 144.394846, 42.977036 ] } },
{ "type": "Feature", "properties": { "fid": 463, "NO": "1206", "共通ID": "E0120600115201", "施設・場所名": "幣舞中学校１階～３階", "住所": "北海道釧路市春湖台1-3", "洪水": "", "崖崩れ、土石流及び地滑り": "", "高潮": "", "地震": "", "津波": "1", "大規模な火事": "", "内水氾濫": "", "火山現象": "", "指定避難所との住所同一": "1", "備考": "" }, "geometry": { "type": "Point", "coordinates": [ 144.400992, 42.975491 ] } },
{ "type": "Feature", "properties": { "fid": 464, "NO": "1207", "共通ID": "E0120600116201", "施設・場所名": "春採生活館１階・２階", "住所": "北海道釧路市春採1-12", "洪水": "", "崖崩れ、土石流及び地滑り": "", "高潮": "", "地震": "", "津波": "1", "大規模な火事": "", "内水氾濫": "", "火山現象": "", "指定避難所との住所同一": "", "備考": "" }, "geometry": { "type": "Point", "coordinates": [ 144.401344, 42.969461 ] } },
{ "type": "Feature", "properties": { "fid": 465, "NO": "1208", "共通ID": "E0120600121201", "施設・場所名": "春採中学校１階～３階", "住所": "北海道釧路市春採5-1", "洪水": "", "崖崩れ、土石流及び地滑り": "", "高潮": "", "地震": "", "津波": "1", "大規模な火事": "", "内水氾濫": "", "火山現象": "", "指定避難所との住所同一": "", "備考": "" }, "geometry": { "type": "Point", "coordinates": [ 144.413513, 42.9705 ] } },
{ "type": "Feature", "properties": { "fid": 466, "NO": "1209", "共通ID": "E0120600262202", "施設・場所名": "公営住宅春日ヴィレッジ（さくら）３～５階", "住所": "北海道釧路市春日町7", "洪水": "", "崖崩れ、土石流及び地滑り": "", "高潮": "", "地震": "", "津波": "1", "大規模な火事": "", "内水氾濫": "", "火山現象": "", "指定避難所との住所同一": "", "備考": "" }, "geometry": { "type": "Point", "coordinates": [ 144.377231, 42.997032 ] } },
{ "type": "Feature", "properties": { "fid": 467, "NO": "1210", "共通ID": "E0120600262201", "施設・場所名": "公営住宅春日ヴィレッジ（いちい）３～５階", "住所": "北海道釧路市春日町7", "洪水": "", "崖崩れ、土石流及び地滑り": "", "高潮": "", "地震": "", "津波": "1", "大規模な火事": "", "内水氾濫": "", "火山現象": "", "指定避難所との住所同一": "", "備考": "" }, "geometry": { "type": "Point", "coordinates": [ 144.376603, 42.99722 ] } },
{ "type": "Feature", "properties": { "fid": 468, "NO": "1211", "共通ID": "E0120600262203", "施設・場所名": "公営住宅春日ヴィレッジ（かえで）３～９階", "住所": "北海道釧路市春日町7", "洪水": "", "崖崩れ、土石流及び地滑り": "", "高潮": "", "地震": "", "津波": "1", "大規模な火事": "", "内水氾濫": "", "火山現象": "", "指定避難所との住所同一": "", "備考": "" }, "geometry": { "type": "Point", "coordinates": [ 144.376667, 42.996557 ] } },
{ "type": "Feature", "properties": { "fid": 469, "NO": "1212", "共通ID": "E0120600262204", "施設・場所名": "公営住宅春日ヴィレッジ（ぽぷら）３～９階", "住所": "北海道釧路市春日町7", "洪水": "", "崖崩れ、土石流及び地滑り": "", "高潮": "", "地震": "", "津波": "1", "大規模な火事": "", "内水氾濫": "", "火山現象": "", "指定避難所との住所同一": "", "備考": "" }, "geometry": { "type": "Point", "coordinates": [ 144.377215, 42.996403 ] } },
{ "type": "Feature", "properties": { "fid": 470, "NO": "1213", "共通ID": "E0120600124201", "施設・場所名": "昭和小学校２階・３階", "住所": "北海道釧路市昭和中央3-12", "洪水": "", "崖崩れ、土石流及び地滑り": "", "高潮": "", "地震": "", "津波": "1", "大規模な火事": "", "内水氾濫": "", "火山現象": "", "指定避難所との住所同一": "", "備考": "" }, "geometry": { "type": "Point", "coordinates": [ 144.364328, 43.021351 ] } },
{ "type": "Feature", "properties": { "fid": 471, "NO": "1214", "共通ID": "E0120600126201", "施設・場所名": "イオンモール釧路昭和２階", "住所": "北海道釧路市昭和中央4-18-1", "洪水": "", "崖崩れ、土石流及び地滑り": "", "高潮": "", "地震": "", "津波": "1", "大規模な火事": "", "内水氾濫": "", "火山現象": "", "指定避難所との住所同一": "", "備考": "" }, "geometry": { "type": "Point", "coordinates": [ 144.359939, 43.026726 ] } },
{ "type": "Feature", "properties": { "fid": 472, "NO": "1215", "共通ID": "E0120600128201", "施設・場所名": "商業高等学校２階～４階", "住所": "北海道釧路市昭和中央5-10-1", "洪水": "", "崖崩れ、土石流及び地滑り": "", "高潮": "", "地震": "", "津波": "1", "大規模な火事": "", "内水氾濫": "", "火山現象": "", "指定避難所との住所同一": "1", "備考": "" }, "geometry": { "type": "Point", "coordinates": [ 144.355849, 43.025769 ] } },
{ "type": "Feature", "properties": { "fid": 473, "NO": "1216", "共通ID": "E0120600274203", "施設・場所名": "公営住宅昭和団地（ＳＷ３さくらそう）２～５階", "住所": "北海道釧路市昭和中央5-8", "洪水": "", "崖崩れ、土石流及び地滑り": "", "高潮": "", "地震": "", "津波": "1", "大規模な火事": "", "内水氾濫": "", "火山現象": "", "指定避難所との住所同一": "", "備考": "" }, "geometry": { "type": "Point", "coordinates": [ 144.354385, 43.024817 ] } },
{ "type": "Feature", "properties": { "fid": 474, "NO": "1217", "共通ID": "E0120600274201", "施設・場所名": "公営住宅昭和団地（ＳＷ１りんどう）２～５階", "住所": "北海道釧路市昭和中央5-8", "洪水": "", "崖崩れ、土石流及び地滑り": "", "高潮": "", "地震": "", "津波": "1", "大規模な火事": "", "内水氾濫": "", "火山現象": "", "指定避難所との住所同一": "", "備考": "" }, "geometry": { "type": "Point", "coordinates": [ 144.353326, 43.024974 ] } },
{ "type": "Feature", "properties": { "fid": 475, "NO": "1218", "共通ID": "E0120600274202", "施設・場所名": "公営住宅昭和団地（ＳＷ２えんれいそう）２～５階", "住所": "北海道釧路市昭和中央5-8", "洪水": "", "崖崩れ、土石流及び地滑り": "", "高潮": "", "地震": "", "津波": "1", "大規模な火事": "", "内水氾濫": "", "火山現象": "", "指定避難所との住所同一": "", "備考": "" }, "geometry": { "type": "Point", "coordinates": [ 144.353999, 43.024587 ] } },
{ "type": "Feature", "properties": { "fid": 476, "NO": "1219", "共通ID": "E0120600274204", "施設・場所名": "公営住宅昭和団地（ＳＷ４はなしのぶ）２～５階", "住所": "北海道釧路市昭和中央5-8", "洪水": "", "崖崩れ、土石流及び地滑り": "", "高潮": "", "地震": "", "津波": "1", "大規模な火事": "", "内水氾濫": "", "火山現象": "", "指定避難所との住所同一": "", "備考": "" }, "geometry": { "type": "Point", "coordinates": [ 144.35465, 43.025199 ] } },
{ "type": "Feature", "properties": { "fid": 477, "NO": "1220", "共通ID": "E0120600274205", "施設・場所名": "公営住宅昭和団地（ＳＷ５なでしこ）２～５階", "住所": "北海道釧路市昭和中央5-8", "洪水": "", "崖崩れ、土石流及び地滑り": "", "高潮": "", "地震": "", "津波": "1", "大規模な火事": "", "内水氾濫": "", "火山現象": "", "指定避難所との住所同一": "", "備考": "" }, "geometry": { "type": "Point", "coordinates": [ 144.354006, 43.025445 ] } },
{ "type": "Feature", "properties": { "fid": 478, "NO": "1221", "共通ID": "E0120600129201", "施設・場所名": "鳥取中学校２階～４階", "住所": "北海道釧路市昭和町2-5", "洪水": "", "崖崩れ、土石流及び地滑り": "", "高潮": "", "地震": "", "津波": "1", "大規模な火事": "", "内水氾濫": "", "火山現象": "", "指定避難所との住所同一": "", "備考": "" }, "geometry": { "type": "Point", "coordinates": [ 144.36674, 43.013913 ] } },
{ "type": "Feature", "properties": { "fid": 479, "NO": "1222", "共通ID": "E0120600136201", "施設・場所名": "城山小学校３階", "住所": "北海道釧路市城山1-14", "洪水": "", "崖崩れ、土石流及び地滑り": "", "高潮": "", "地震": "", "津波": "1", "大規模な火事": "", "内水氾濫": "", "火山現象": "", "指定避難所との住所同一": "", "備考": "" }, "geometry": { "type": "Point", "coordinates": [ 144.397978, 42.982739 ] } },
{ "type": "Feature", "properties": { "fid": 480, "NO": "1223", "共通ID": "E0120600138201", "施設・場所名": "北海道教育大学釧路校１階～４階", "住所": "北海道釧路市城山1-15", "洪水": "", "崖崩れ、土石流及び地滑り": "", "高潮": "", "地震": "", "津波": "1", "大規模な火事": "", "内水氾濫": "", "火山現象": "", "指定避難所との住所同一": "", "備考": "" }, "geometry": { "type": "Point", "coordinates": [ 144.398534, 42.981325 ] } },
{ "type": "Feature", "properties": { "fid": 481, "NO": "1224", "共通ID": "E0120600264204", "施設・場所名": "公営住宅新川団地（Ｓ－５）３～７階", "住所": "北海道釧路市新川町17", "洪水": "", "崖崩れ、土石流及び地滑り": "", "高潮": "", "地震": "", "津波": "1", "大規模な火事": "", "内水氾濫": "", "火山現象": "", "指定避難所との住所同一": "", "備考": "" }, "geometry": { "type": "Point", "coordinates": [ 144.372283, 43.00183 ] } },
{ "type": "Feature", "properties": { "fid": 482, "NO": "1225", "共通ID": "E0120600264203", "施設・場所名": "公営住宅新川団地（Ｓ－４）３～８階", "住所": "北海道釧路市新川町17", "洪水": "", "崖崩れ、土石流及び地滑り": "", "高潮": "", "地震": "", "津波": "1", "大規模な火事": "", "内水氾濫": "", "火山現象": "", "指定避難所との住所同一": "", "備考": "" }, "geometry": { "type": "Point", "coordinates": [ 144.371593, 43.001709 ] } },
{ "type": "Feature", "properties": { "fid": 483, "NO": "1226", "共通ID": "E0120600264202", "施設・場所名": "公営住宅新川団地（Ｓ－３）３～７階", "住所": "北海道釧路市新川町17", "洪水": "", "崖崩れ、土石流及び地滑り": "", "高潮": "", "地震": "", "津波": "1", "大規模な火事": "", "内水氾濫": "", "火山現象": "", "指定避難所との住所同一": "", "備考": "" }, "geometry": { "type": "Point", "coordinates": [ 144.372054, 43.002493 ] } },
{ "type": "Feature", "properties": { "fid": 484, "NO": "1227", "共通ID": "E0120600264201", "施設・場所名": "公営住宅新川団地（Ｓ－２）３～８階", "住所": "北海道釧路市新川町17", "洪水": "", "崖崩れ、土石流及び地滑り": "", "高潮": "", "地震": "", "津波": "1", "大規模な火事": "", "内水氾濫": "", "火山現象": "", "指定避難所との住所同一": "", "備考": "" }, "geometry": { "type": "Point", "coordinates": [ 144.37141, 43.002368 ] } },
{ "type": "Feature", "properties": { "fid": 485, "NO": "1228", "共通ID": "E0120600141201", "施設・場所名": "青葉小学校３階", "住所": "北海道釧路市新川町3-7", "洪水": "", "崖崩れ、土石流及び地滑り": "", "高潮": "", "地震": "", "津波": "1", "大規模な火事": "", "内水氾濫": "", "火山現象": "", "指定避難所との住所同一": "1", "備考": "" }, "geometry": { "type": "Point", "coordinates": [ 144.376033, 43.002248 ] } },
{ "type": "Feature", "properties": { "fid": 486, "NO": "1229", "共通ID": "E0120600270201", "施設・場所名": "北海道職員住宅朋友寮　屋上", "住所": "北海道釧路市新富士町4-3-28", "洪水": "", "崖崩れ、土石流及び地滑り": "", "高潮": "", "地震": "", "津波": "1", "大規模な火事": "", "内水氾濫": "", "火山現象": "", "指定避難所との住所同一": "", "備考": "" }, "geometry": { "type": "Point", "coordinates": [ 144.347088, 43.004039 ] } },
{ "type": "Feature", "properties": { "fid": 487, "NO": "1230", "共通ID": "E0120600143201", "施設・場所名": "公設地方卸売市場３階・屋上", "住所": "北海道釧路市新富士町6-1", "洪水": "", "崖崩れ、土石流及び地滑り": "", "高潮": "", "地震": "", "津波": "1", "大規模な火事": "", "内水氾濫": "", "火山現象": "", "指定避難所との住所同一": "", "備考": "" }, "geometry": { "type": "Point", "coordinates": [ 144.339331, 43.007292 ] } },
{ "type": "Feature", "properties": { "fid": 488, "NO": "1231", "共通ID": "E0166800080201", "施設・場所名": "釧白工業団地第一工区（東側）津波指定避難場所", "住所": "北海道釧路市新野", "洪水": "", "崖崩れ、土石流及び地滑り": "", "高潮": "", "地震": "1", "津波": "1", "大規模な火事": "", "内水氾濫": "", "火山現象": "", "指定避難所との住所同一": "", "備考": "" }, "geometry": { "type": "Point", "coordinates": [ 144.219714, 43.006861 ] } },
{ "type": "Feature", "properties": { "fid": 489, "NO": "1232", "共通ID": "E0120600144201", "施設・場所名": "サンエス電気通信３階・４階", "住所": "北海道釧路市星が浦大通1-7", "洪水": "", "崖崩れ、土石流及び地滑り": "", "高潮": "", "地震": "", "津波": "1", "大規模な火事": "", "内水氾濫": "", "火山現象": "", "指定避難所との住所同一": "", "備考": "" }, "geometry": { "type": "Point", "coordinates": [ 144.327285, 43.016603 ] } },
{ "type": "Feature", "properties": { "fid": 490, "NO": "1233", "共通ID": "E0120600275201", "施設・場所名": "社会医療法人孝仁会老人保健施設星が浦３階", "住所": "北海道釧路市星が浦大通3-9-35", "洪水": "", "崖崩れ、土石流及び地滑り": "", "高潮": "", "地震": "", "津波": "1", "大規模な火事": "", "内水氾濫": "", "火山現象": "", "指定避難所との住所同一": "", "備考": "" }, "geometry": { "type": "Point", "coordinates": [ 144.31696, 43.016534 ] } },
{ "type": "Feature", "properties": { "fid": 491, "NO": "1234", "共通ID": "E0120600146201", "施設・場所名": "釧路交通本社ビル４階", "住所": "北海道釧路市星が浦大通5-5", "洪水": "", "崖崩れ、土石流及び地滑り": "", "高潮": "", "地震": "", "津波": "1", "大規模な火事": "", "内水氾濫": "", "火山現象": "", "指定避難所との住所同一": "", "備考": "" }, "geometry": { "type": "Point", "coordinates": [ 144.306528, 43.014805 ] } },
{ "type": "Feature", "properties": { "fid": 492, "NO": "1235", "共通ID": "E0120600147201", "施設・場所名": "大楽毛下水終末処理場３階・屋上", "住所": "北海道釧路市星が浦南6-9", "洪水": "", "崖崩れ、土石流及び地滑り": "", "高潮": "", "地震": "", "津波": "1", "大規模な火事": "", "内水氾濫": "", "火山現象": "", "指定避難所との住所同一": "", "備考": "" }, "geometry": { "type": "Point", "coordinates": [ 144.305567, 43.009122 ] } },
{ "type": "Feature", "properties": { "fid": 493, "NO": "1236", "共通ID": "E0120600150201", "施設・場所名": "マルセンクリーニング本社工場３階・４階・屋上", "住所": "北海道釧路市星が浦北4-2", "洪水": "", "崖崩れ、土石流及び地滑り": "", "高潮": "", "地震": "", "津波": "1", "大規模な火事": "", "内水氾濫": "", "火山現象": "", "指定避難所との住所同一": "", "備考": "" }, "geometry": { "type": "Point", "coordinates": [ 144.308924, 43.017146 ] } },
{ "type": "Feature", "properties": { "fid": 494, "NO": "1237", "共通ID": "E0120600151201", "施設・場所名": "釧路市港湾庁舎屋上", "住所": "北海道釧路市西港1-100", "洪水": "", "崖崩れ、土石流及び地滑り": "", "高潮": "", "地震": "", "津波": "1", "大規模な火事": "", "内水氾濫": "", "火山現象": "", "指定避難所との住所同一": "", "備考": "" }, "geometry": { "type": "Point", "coordinates": [ 144.336408, 43.000146 ] } },
{ "type": "Feature", "properties": { "fid": 495, "NO": "1238", "共通ID": "E0120600153201", "施設・場所名": "ヤマダ電機・ビッグハウス旭町店３階", "住所": "北海道釧路市川上町8-8", "洪水": "", "崖崩れ、土石流及び地滑り": "", "高潮": "", "地震": "", "津波": "1", "大規模な火事": "", "内水氾濫": "", "火山現象": "", "指定避難所との住所同一": "", "備考": "" }, "geometry": { "type": "Point", "coordinates": [ 144.389307, 42.987175 ] } },
{ "type": "Feature", "properties": { "fid": 496, "NO": "1239", "共通ID": "E0120600154201", "施設・場所名": "道営住宅川北団地Ｄ３４号棟（Ｄ３４Ａ、Ｄ３４Ｂ合算）４階・５階", "住所": "北海道釧路市川北町1-6", "洪水": "", "崖崩れ、土石流及び地滑り": "", "高潮": "", "地震": "", "津波": "1", "大規模な火事": "", "内水氾濫": "", "火山現象": "", "指定避難所との住所同一": "", "備考": "" }, "geometry": { "type": "Point", "coordinates": [ 144.390371, 42.989387 ] } },
{ "type": "Feature", "properties": { "fid": 497, "NO": "1240", "共通ID": "E0120600265201", "施設・場所名": "新川北団地わかば３～５階", "住所": "北海道釧路市川北町2", "洪水": "", "崖崩れ、土石流及び地滑り": "", "高潮": "", "地震": "", "津波": "1", "大規模な火事": "", "内水氾濫": "", "火山現象": "", "指定避難所との住所同一": "", "備考": "" }, "geometry": { "type": "Point", "coordinates": [ 144.391148, 42.990586 ] } },
{ "type": "Feature", "properties": { "fid": 498, "NO": "1241", "共通ID": "E0120600156201", "施設・場所名": "新川北団地ふたば３～５階", "住所": "北海道釧路市川北町4-67", "洪水": "", "崖崩れ、土石流及び地滑り": "", "高潮": "", "地震": "", "津波": "1", "大規模な火事": "", "内水氾濫": "", "火山現象": "", "指定避難所との住所同一": "", "備考": "" }, "geometry": { "type": "Point", "coordinates": [ 144.390181, 42.989711 ] } },
{ "type": "Feature", "properties": { "fid": 499, "NO": "1242", "共通ID": "E0120600157201", "施設・場所名": "釧路製作所３階", "住所": "北海道釧路市川北町9-19", "洪水": "", "崖崩れ、土石流及び地滑り": "", "高潮": "", "地震": "", "津波": "1", "大規模な火事": "", "内水氾濫": "", "火山現象": "", "指定避難所との住所同一": "", "備考": "" }, "geometry": { "type": "Point", "coordinates": [ 144.397142, 42.994299 ] } },
{ "type": "Feature", "properties": { "fid": 500, "NO": "1243", "共通ID": "E0120600158201", "施設・場所名": "共栄小学校３階・屋上", "住所": "北海道釧路市双葉町4-17", "洪水": "", "崖崩れ、土石流及び地滑り": "", "高潮": "", "地震": "", "津波": "1", "大規模な火事": "", "内水氾濫": "", "火山現象": "", "指定避難所との住所同一": "1", "備考": "" }, "geometry": { "type": "Point", "coordinates": [ 144.390409, 42.995945 ] } },
{ "type": "Feature", "properties": { "fid": 501, "NO": "1244", "共通ID": "E0120600159201", "施設・場所名": "大楽毛中学校屋上", "住所": "北海道釧路市大楽毛1-10", "洪水": "", "崖崩れ、土石流及び地滑り": "", "高潮": "", "地震": "", "津波": "1", "大規模な火事": "", "内水氾濫": "", "火山現象": "", "指定避難所との住所同一": "", "備考": "" }, "geometry": { "type": "Point", "coordinates": [ 144.297029, 43.012055 ] } },
{ "type": "Feature", "properties": { "fid": 502, "NO": "1245", "共通ID": "E0120600162203", "施設・場所名": "王子マテリア社宅（７棟）屋上", "住所": "北海道釧路市大楽毛2-5", "洪水": "", "崖崩れ、土石流及び地滑り": "", "高潮": "", "地震": "", "津波": "1", "大規模な火事": "", "内水氾濫": "", "火山現象": "", "指定避難所との住所同一": "", "備考": "" }, "geometry": { "type": "Point", "coordinates": [ 144.291384, 43.012393 ] } },
{ "type": "Feature", "properties": { "fid": 503, "NO": "1246", "共通ID": "E0120600162202", "施設・場所名": "王子マテリア社宅（９棟）屋上", "住所": "北海道釧路市大楽毛2-5", "洪水": "", "崖崩れ、土石流及び地滑り": "", "高潮": "", "地震": "", "津波": "1", "大規模な火事": "", "内水氾濫": "", "火山現象": "", "指定避難所との住所同一": "", "備考": "" }, "geometry": { "type": "Point", "coordinates": [ 144.290553, 43.011942 ] } },
{ "type": "Feature", "properties": { "fid": 504, "NO": "1247", "共通ID": "E0120600162201", "施設・場所名": "王子マテリア社宅（独身寮）屋上", "住所": "北海道釧路市大楽毛2-5", "洪水": "", "崖崩れ、土石流及び地滑り": "", "高潮": "", "地震": "", "津波": "1", "大規模な火事": "", "内水氾濫": "", "火山現象": "", "指定避難所との住所同一": "", "備考": "" }, "geometry": { "type": "Point", "coordinates": [ 144.288, 43.013165 ] } },
{ "type": "Feature", "properties": { "fid": 505, "NO": "1248", "共通ID": "E0120600164201", "施設・場所名": "釧路優心病院５階", "住所": "北海道釧路市大楽毛4-1", "洪水": "", "崖崩れ、土石流及び地滑り": "", "高潮": "", "地震": "", "津波": "1", "大規模な火事": "", "内水氾濫": "", "火山現象": "", "指定避難所との住所同一": "", "備考": "" }, "geometry": { "type": "Point", "coordinates": [ 144.273472, 43.009486 ] } },
{ "type": "Feature", "properties": { "fid": 506, "NO": "1249", "共通ID": "E0120600163201", "施設・場所名": "釧路新道大楽毛避難階段", "住所": "北海道釧路市大楽毛３－２地先", "洪水": "", "崖崩れ、土石流及び地滑り": "", "高潮": "", "地震": "", "津波": "1", "大規模な火事": "", "内水氾濫": "", "火山現象": "", "指定避難所との住所同一": "", "備考": "" }, "geometry": { "type": "Point", "coordinates": [ 144.272948, 43.022072 ] } },
{ "type": "Feature", "properties": { "fid": 507, "NO": "1250", "共通ID": "E0120600280201", "施設・場所名": "大楽毛西住宅５０１　３～５階", "住所": "北海道釧路市大楽毛西2-26", "洪水": "", "崖崩れ、土石流及び地滑り": "", "高潮": "", "地震": "", "津波": "1", "大規模な火事": "", "内水氾濫": "", "火山現象": "", "指定避難所との住所同一": "", "備考": "" }, "geometry": { "type": "Point", "coordinates": [ 144.261606, 43.013604 ] } },
{ "type": "Feature", "properties": { "fid": 508, "NO": "1251", "共通ID": "E0120600278202", "施設・場所名": "市営住宅Ｋ－２　３～４階", "住所": "北海道釧路市大楽毛西2-31", "洪水": "", "崖崩れ、土石流及び地滑り": "", "高潮": "", "地震": "", "津波": "1", "大規模な火事": "", "内水氾濫": "", "火山現象": "", "指定避難所との住所同一": "", "備考": "" }, "geometry": { "type": "Point", "coordinates": [ 144.263316, 43.015046 ] } },
{ "type": "Feature", "properties": { "fid": 509, "NO": "1252", "共通ID": "E0120600278201", "施設・場所名": "市営住宅Ｋ－１　３～５階", "住所": "北海道釧路市大楽毛西2-31", "洪水": "", "崖崩れ、土石流及び地滑り": "", "高潮": "", "地震": "", "津波": "1", "大規模な火事": "", "内水氾濫": "", "火山現象": "", "指定避難所との住所同一": "", "備考": "" }, "geometry": { "type": "Point", "coordinates": [ 144.263723, 43.015125 ] } },
{ "type": "Feature", "properties": { "fid": 510, "NO": "1253", "共通ID": "E0120600278203", "施設・場所名": "市営住宅Ｋ－３　３～４階", "住所": "北海道釧路市大楽毛西2-31", "洪水": "", "崖崩れ、土石流及び地滑り": "", "高潮": "", "地震": "", "津波": "1", "大規模な火事": "", "内水氾濫": "", "火山現象": "", "指定避難所との住所同一": "", "備考": "" }, "geometry": { "type": "Point", "coordinates": [ 144.262972, 43.014727 ] } },
{ "type": "Feature", "properties": { "fid": 511, "NO": "1254", "共通ID": "E0120600166201", "施設・場所名": "工業高等専門学校３階・４階", "住所": "北海道釧路市大楽毛西2-32", "洪水": "", "崖崩れ、土石流及び地滑り": "", "高潮": "", "地震": "", "津波": "1", "大規模な火事": "", "内水氾濫": "", "火山現象": "", "指定避難所との住所同一": "", "備考": "" }, "geometry": { "type": "Point", "coordinates": [ 144.261658, 43.015372 ] } },
{ "type": "Feature", "properties": { "fid": 512, "NO": "1255", "共通ID": "E0120600168201", "施設・場所名": "北海道立釧路高等技術専門学院　屋上", "住所": "北海道釧路市大楽毛南1-2-51", "洪水": "", "崖崩れ、土石流及び地滑り": "", "高潮": "", "地震": "", "津波": "1", "大規模な火事": "", "内水氾濫": "", "火山現象": "", "指定避難所との住所同一": "1", "備考": "" }, "geometry": { "type": "Point", "coordinates": [ 144.297204, 43.00851 ] } },
{ "type": "Feature", "properties": { "fid": 513, "NO": "1256", "共通ID": "E0120600276201", "施設・場所名": "釧路星ケ浦自動車学校３階", "住所": "北海道釧路市大楽毛南2-2-76", "洪水": "", "崖崩れ、土石流及び地滑り": "", "高潮": "", "地震": "", "津波": "1", "大規模な火事": "", "内水氾濫": "", "火山現象": "", "指定避難所との住所同一": "", "備考": "" }, "geometry": { "type": "Point", "coordinates": [ 144.293043, 43.008903 ] } },
{ "type": "Feature", "properties": { "fid": 514, "NO": "1257", "共通ID": "E0120600277201", "施設・場所名": "グループホーム育成会　屋上", "住所": "北海道釧路市大楽毛南4-6-8", "洪水": "", "崖崩れ、土石流及び地滑り": "", "高潮": "", "地震": "", "津波": "1", "大規模な火事": "", "内水氾濫": "", "火山現象": "", "指定避難所との住所同一": "", "備考": "" }, "geometry": { "type": "Point", "coordinates": [ 144.276998, 43.007375 ] } },
{ "type": "Feature", "properties": { "fid": 515, "NO": "1258", "共通ID": "E0120600279201", "施設・場所名": "北海道職員住宅ＲＣ－９９－１　３階～４階間の踊場、４階", "住所": "北海道釧路市大楽毛南5-11", "洪水": "", "崖崩れ、土石流及び地滑り": "", "高潮": "", "地震": "", "津波": "1", "大規模な火事": "", "内水氾濫": "", "火山現象": "", "指定避難所との住所同一": "", "備考": "" }, "geometry": { "type": "Point", "coordinates": [ 144.270379, 43.008237 ] } },
{ "type": "Feature", "properties": { "fid": 516, "NO": "1259", "共通ID": "E0120600171201", "施設・場所名": "釧路センチュリーキャッスルホテル３階", "住所": "北海道釧路市大川町2-5", "洪水": "", "崖崩れ、土石流及び地滑り": "", "高潮": "", "地震": "", "津波": "1", "大規模な火事": "", "内水氾濫": "", "火山現象": "", "指定避難所との住所同一": "", "備考": "" }, "geometry": { "type": "Point", "coordinates": [ 144.387373, 42.980431 ] } },
{ "type": "Feature", "properties": { "fid": 517, "NO": "1260", "共通ID": "E0120600269201", "施設・場所名": "日本製紙（株）社宅１０号アパート　３～４階", "住所": "北海道釧路市鳥取大通2-2", "洪水": "", "崖崩れ、土石流及び地滑り": "", "高潮": "", "地震": "", "津波": "1", "大規模な火事": "", "内水氾濫": "", "火山現象": "", "指定避難所との住所同一": "", "備考": "" }, "geometry": { "type": "Point", "coordinates": [ 144.36359, 43.01038 ] } },
{ "type": "Feature", "properties": { "fid": 518, "NO": "1261", "共通ID": "E0120600273201", "施設・場所名": "釧路アイスアリーナ２階", "住所": "北海道釧路市鳥取大通3-6-33", "洪水": "", "崖崩れ、土石流及び地滑り": "", "高潮": "", "地震": "", "津波": "1", "大規模な火事": "", "内水氾濫": "", "火山現象": "", "指定避難所との住所同一": "", "備考": "" }, "geometry": { "type": "Point", "coordinates": [ 144.360134, 43.013272 ] } },
{ "type": "Feature", "properties": { "fid": 519, "NO": "1262", "共通ID": "E0120600175201", "施設・場所名": "ホテルマーシュランド４階～７階", "住所": "北海道釧路市鳥取大通5-2", "洪水": "", "崖崩れ、土石流及び地滑り": "", "高潮": "", "地震": "", "津波": "1", "大規模な火事": "", "内水氾濫": "", "火山現象": "", "指定避難所との住所同一": "", "備考": "" }, "geometry": { "type": "Point", "coordinates": [ 144.347441, 43.013928 ] } },
{ "type": "Feature", "properties": { "fid": 520, "NO": "1263", "共通ID": "E0120600272201", "施設・場所名": "釧路ヤクルト販売２～３階", "住所": "北海道釧路市鳥取大通7-2-1", "洪水": "", "崖崩れ、土石流及び地滑り": "", "高潮": "", "地震": "", "津波": "1", "大規模な火事": "", "内水氾濫": "", "火山現象": "", "指定避難所との住所同一": "", "備考": "" }, "geometry": { "type": "Point", "coordinates": [ 144.340323, 43.015956 ] } },
{ "type": "Feature", "properties": { "fid": 521, "NO": "1264", "共通ID": "E0120600176201", "施設・場所名": "鳥取団地とっとり４階・５階", "住所": "北海道釧路市鳥取南3-7", "洪水": "", "崖崩れ、土石流及び地滑り": "", "高潮": "", "地震": "", "津波": "1", "大規模な火事": "", "内水氾濫": "", "火山現象": "", "指定避難所との住所同一": "", "備考": "" }, "geometry": { "type": "Point", "coordinates": [ 144.353828, 43.011094 ] } },
{ "type": "Feature", "properties": { "fid": 522, "NO": "1265", "共通ID": "E0120600177201", "施設・場所名": "㈱道新総合印刷釧路工場３階・屋上", "住所": "北海道釧路市鳥取南3-8", "洪水": "", "崖崩れ、土石流及び地滑り": "", "高潮": "", "地震": "", "津波": "1", "大規模な火事": "", "内水氾濫": "", "火山現象": "", "指定避難所との住所同一": "", "備考": "" }, "geometry": { "type": "Point", "coordinates": [ 144.353306, 43.00953 ] } },
{ "type": "Feature", "properties": { "fid": 523, "NO": "1266", "共通ID": "E0120600178202", "施設・場所名": "鳥取南団地しんよう１　４階・５階", "住所": "北海道釧路市鳥取南4-1", "洪水": "", "崖崩れ、土石流及び地滑り": "", "高潮": "", "地震": "", "津波": "1", "大規模な火事": "", "内水氾濫": "", "火山現象": "", "指定避難所との住所同一": "", "備考": "" }, "geometry": { "type": "Point", "coordinates": [ 144.346803, 43.006752 ] } },
{ "type": "Feature", "properties": { "fid": 524, "NO": "1267", "共通ID": "E0120600178201", "施設・場所名": "鳥取南団地しんよう２　４階・５階", "住所": "北海道釧路市鳥取南4-1", "洪水": "", "崖崩れ、土石流及び地滑り": "", "高潮": "", "地震": "", "津波": "1", "大規模な火事": "", "内水氾濫": "", "火山現象": "", "指定避難所との住所同一": "", "備考": "" }, "geometry": { "type": "Point", "coordinates": [ 144.347236, 43.00683 ] } },
{ "type": "Feature", "properties": { "fid": 525, "NO": "1268", "共通ID": "E0120600271202", "施設・場所名": "北海道職員住宅ＲＣ－９３－３　３～４階", "住所": "北海道釧路市鳥取南8-15", "洪水": "", "崖崩れ、土石流及び地滑り": "", "高潮": "", "地震": "", "津波": "1", "大規模な火事": "", "内水氾濫": "", "火山現象": "", "指定避難所との住所同一": "", "備考": "" }, "geometry": { "type": "Point", "coordinates": [ 144.3358, 43.013401 ] } },
{ "type": "Feature", "properties": { "fid": 526, "NO": "1269", "共通ID": "E0120600271201", "施設・場所名": "北海道職員住宅ＲＣ－９２－２　３～４階", "住所": "北海道釧路市鳥取南8-15", "洪水": "", "崖崩れ、土石流及び地滑り": "", "高潮": "", "地震": "", "津波": "1", "大規模な火事": "", "内水氾濫": "", "火山現象": "", "指定避難所との住所同一": "", "備考": "" }, "geometry": { "type": "Point", "coordinates": [ 144.334898, 43.013333 ] } },
{ "type": "Feature", "properties": { "fid": 527, "NO": "1270", "共通ID": "E0120600181201", "施設・場所名": "鳥取小学校２～３階", "住所": "北海道釧路市鳥取北3-13", "洪水": "", "崖崩れ、土石流及び地滑り": "", "高潮": "", "地震": "", "津波": "1", "大規模な火事": "", "内水氾濫": "", "火山現象": "", "指定避難所との住所同一": "", "備考": "" }, "geometry": { "type": "Point", "coordinates": [ 144.356189, 43.01616 ] } },
{ "type": "Feature", "properties": { "fid": 528, "NO": "1271", "共通ID": "E0120600186201", "施設・場所名": "鳥取西小学校２～３階", "住所": "北海道釧路市鳥取北7-5", "洪水": "", "崖崩れ、土石流及び地滑り": "", "高潮": "", "地震": "", "津波": "1", "大規模な火事": "", "内水氾濫": "", "火山現象": "", "指定避難所との住所同一": "", "備考": "" }, "geometry": { "type": "Point", "coordinates": [ 144.340768, 43.018912 ] } },
{ "type": "Feature", "properties": { "fid": 529, "NO": "1272", "共通ID": "E0120600188201", "施設・場所名": "鳥取コミュニティセンター（コア鳥取）２階・屋上", "住所": "北海道釧路市鳥取北8-3", "洪水": "", "崖崩れ、土石流及び地滑り": "", "高潮": "", "地震": "", "津波": "1", "大規模な火事": "", "内水氾濫": "", "火山現象": "", "指定避難所との住所同一": "", "備考": "" }, "geometry": { "type": "Point", "coordinates": [ 144.337126, 43.019551 ] } },
{ "type": "Feature", "properties": { "fid": 530, "NO": "1273", "共通ID": "E0120600190201", "施設・場所名": "鳥取西中学校２～３階", "住所": "北海道釧路市鳥取北9-7", "洪水": "", "崖崩れ、土石流及び地滑り": "", "高潮": "", "地震": "", "津波": "1", "大規模な火事": "", "内水氾濫": "", "火山現象": "", "指定避難所との住所同一": "", "備考": "" }, "geometry": { "type": "Point", "coordinates": [ 144.334886, 43.020602 ] } },
{ "type": "Feature", "properties": { "fid": 531, "NO": "1274", "共通ID": "E0120600194201", "施設・場所名": "工業高等学校１階～４階", "住所": "北海道釧路市鶴ケ岱3-5", "洪水": "", "崖崩れ、土石流及び地滑り": "", "高潮": "", "地震": "", "津波": "1", "大規模な火事": "", "内水氾濫": "", "火山現象": "", "指定避難所との住所同一": "", "備考": "" }, "geometry": { "type": "Point", "coordinates": [ 144.407018, 42.98123 ] } },
{ "type": "Feature", "properties": { "fid": 532, "NO": "1275", "共通ID": "E0120600196201", "施設・場所名": "釧路空港ビル２階・３階", "住所": "北海道釧路市鶴丘2", "洪水": "", "崖崩れ、土石流及び地滑り": "", "高潮": "", "地震": "", "津波": "1", "大規模な火事": "", "内水氾濫": "", "火山現象": "", "指定避難所との住所同一": "1", "備考": "" }, "geometry": { "type": "Point", "coordinates": [ 144.196434, 43.044942 ] } },
{ "type": "Feature", "properties": { "fid": 533, "NO": "1276", "共通ID": "E0120600199201", "施設・場所名": "鶴野小学校２～３階", "住所": "北海道釧路市鶴野58-64", "洪水": "", "崖崩れ、土石流及び地滑り": "", "高潮": "", "地震": "", "津波": "1", "大規模な火事": "", "内水氾濫": "", "火山現象": "", "指定避難所との住所同一": "", "備考": "" }, "geometry": { "type": "Point", "coordinates": [ 144.317281, 43.024502 ] } },
{ "type": "Feature", "properties": { "fid": 534, "NO": "1277", "共通ID": "E0120600200201", "施設・場所名": "釧路鶴野支援学校３階・４階", "住所": "北海道釧路市鶴野58-92", "洪水": "", "崖崩れ、土石流及び地滑り": "", "高潮": "", "地震": "", "津波": "1", "大規模な火事": "", "内水氾濫": "", "火山現象": "", "指定避難所との住所同一": "", "備考": "" }, "geometry": { "type": "Point", "coordinates": [ 144.294986, 43.019084 ] } },
{ "type": "Feature", "properties": { "fid": 535, "NO": "1278", "共通ID": "E0120600202201", "施設・場所名": "景雲中学校２～４階", "住所": "北海道釧路市東川町16-1", "洪水": "", "崖崩れ、土石流及び地滑り": "", "高潮": "", "地震": "", "津波": "1", "大規模な火事": "", "内水氾濫": "", "火山現象": "", "指定避難所との住所同一": "1", "備考": "" }, "geometry": { "type": "Point", "coordinates": [ 144.377209, 43.011713 ] } },
{ "type": "Feature", "properties": { "fid": 536, "NO": "1279", "共通ID": "E0120600204201", "施設・場所名": "釧路シーサイドハイツ４階～１０階", "住所": "北海道釧路市南大通5-1", "洪水": "", "崖崩れ、土石流及び地滑り": "", "高潮": "", "地震": "", "津波": "1", "大規模な火事": "", "内水氾濫": "", "火山現象": "", "指定避難所との住所同一": "", "備考": "" }, "geometry": { "type": "Point", "coordinates": [ 144.379888, 42.977363 ] } },
{ "type": "Feature", "properties": { "fid": 537, "NO": "1280", "共通ID": "E0120600208201", "施設・場所名": "東雲小学校１階", "住所": "北海道釧路市白樺台3-19", "洪水": "", "崖崩れ、土石流及び地滑り": "", "高潮": "", "地震": "", "津波": "1", "大規模な火事": "", "内水氾濫": "", "火山現象": "", "指定避難所との住所同一": "", "備考": "" }, "geometry": { "type": "Point", "coordinates": [ 144.450342, 42.960732 ] } },
{ "type": "Feature", "properties": { "fid": 538, "NO": "1281", "共通ID": "E0120600211201", "施設・場所名": "美原小学校１～３階", "住所": "北海道釧路市美原4-2", "洪水": "", "崖崩れ、土石流及び地滑り": "", "高潮": "", "地震": "", "津波": "1", "大規模な火事": "", "内水氾濫": "", "火山現象": "", "指定避難所との住所同一": "", "備考": "" }, "geometry": { "type": "Point", "coordinates": [ 144.40769, 43.022545 ] } },
{ "type": "Feature", "properties": { "fid": 539, "NO": "1282", "共通ID": "E0120600215201", "施設・場所名": "美原中学校１～３階", "住所": "北海道釧路市美原4-7", "洪水": "", "崖崩れ、土石流及び地滑り": "", "高潮": "", "地震": "", "津波": "1", "大規模な火事": "", "内水氾濫": "", "火山現象": "", "指定避難所との住所同一": "", "備考": "" }, "geometry": { "type": "Point", "coordinates": [ 144.405454, 43.023716 ] } },
{ "type": "Feature", "properties": { "fid": 540, "NO": "1283", "共通ID": "E0120600217201", "施設・場所名": "マリントポス（水産センター）展望室", "住所": "北海道釧路市浜町3-18", "洪水": "", "崖崩れ、土石流及び地滑り": "", "高潮": "", "地震": "", "津波": "1", "大規模な火事": "", "内水氾濫": "", "火山現象": "", "指定避難所との住所同一": "", "備考": "" }, "geometry": { "type": "Point", "coordinates": [ 144.364806, 42.98973 ] } },
{ "type": "Feature", "properties": { "fid": 541, "NO": "1284", "共通ID": "E0120600218201", "施設・場所名": "浜町ポンプ場屋上", "住所": "北海道釧路市浜町6-6", "洪水": "", "崖崩れ、土石流及び地滑り": "", "高潮": "", "地震": "", "津波": "1", "大規模な火事": "", "内水氾濫": "", "火山現象": "", "指定避難所との住所同一": "", "備考": "" }, "geometry": { "type": "Point", "coordinates": [ 144.360891, 42.997487 ] } },
{ "type": "Feature", "properties": { "fid": 542, "NO": "1285", "共通ID": "E0120600219201", "施設・場所名": "富士見会館１階", "住所": "北海道釧路市富士見3-2", "洪水": "", "崖崩れ、土石流及び地滑り": "", "高潮": "", "地震": "", "津波": "1", "大規模な火事": "", "内水氾濫": "", "火山現象": "", "指定避難所との住所同一": "", "備考": "" }, "geometry": { "type": "Point", "coordinates": [ 144.391729, 42.976592 ] } },
{ "type": "Feature", "properties": { "fid": 543, "NO": "1286", "共通ID": "E0120600222201", "施設・場所名": "湖畔小学校１階～３階", "住所": "北海道釧路市武佐2-27", "洪水": "", "崖崩れ、土石流及び地滑り": "", "高潮": "", "地震": "", "津波": "1", "大規模な火事": "", "内水氾濫": "", "火山現象": "", "指定避難所との住所同一": "", "備考": "" }, "geometry": { "type": "Point", "coordinates": [ 144.428061, 42.98181 ] } },
{ "type": "Feature", "properties": { "fid": 544, "NO": "1287", "共通ID": "E0120600226201", "施設・場所名": "武佐小学校１～３階", "住所": "北海道釧路市武佐4-3", "洪水": "", "崖崩れ、土石流及び地滑り": "", "高潮": "", "地震": "", "津波": "1", "大規模な火事": "", "内水氾濫": "", "火山現象": "", "指定避難所との住所同一": "", "備考": "" }, "geometry": { "type": "Point", "coordinates": [ 144.422792, 42.989451 ] } },
{ "type": "Feature", "properties": { "fid": 545, "NO": "1288", "共通ID": "E0120600268201", "施設・場所名": "北海道職員住宅ＲＣ－９４－４　２～３階", "住所": "北海道釧路市文苑1-27-2", "洪水": "", "崖崩れ、土石流及び地滑り": "", "高潮": "", "地震": "", "津波": "1", "大規模な火事": "", "内水氾濫": "", "火山現象": "", "指定避難所との住所同一": "", "備考": "" }, "geometry": { "type": "Point", "coordinates": [ 144.385887, 43.02007 ] } },
{ "type": "Feature", "properties": { "fid": 546, "NO": "1289", "共通ID": "E0120600267201", "施設・場所名": "北海道職員住宅双鶴寮２～３階・屋上", "住所": "北海道釧路市文苑1-27-20", "洪水": "", "崖崩れ、土石流及び地滑り": "", "高潮": "", "地震": "", "津波": "1", "大規模な火事": "", "内水氾濫": "", "火山現象": "", "指定避難所との住所同一": "", "備考": "" }, "geometry": { "type": "Point", "coordinates": [ 144.386116, 43.020311 ] } },
{ "type": "Feature", "properties": { "fid": 547, "NO": "1290", "共通ID": "E0120600231201", "施設・場所名": "生涯学習センター１階～８階", "住所": "北海道釧路市幣舞町4-28", "洪水": "", "崖崩れ、土石流及び地滑り": "", "高潮": "", "地震": "", "津波": "1", "大規模な火事": "", "内水氾濫": "", "火山現象": "", "指定避難所との住所同一": "1", "備考": "" }, "geometry": { "type": "Point", "coordinates": [ 144.385753, 42.978149 ] } },
{ "type": "Feature", "properties": { "fid": 548, "NO": "1291", "共通ID": "E0120600234201", "施設・場所名": "高齢者生きがい交流プラザ（プラザよねまち）３階・４階", "住所": "北海道釧路市米町4-3-16", "洪水": "", "崖崩れ、土石流及び地滑り": "", "高潮": "", "地震": "", "津波": "1", "大規模な火事": "", "内水氾濫": "", "火山現象": "", "指定避難所との住所同一": "1", "備考": "" }, "geometry": { "type": "Point", "coordinates": [ 144.37947, 42.968936 ] } },
{ "type": "Feature", "properties": { "fid": 549, "NO": "1292", "共通ID": "E0120600237201", "施設・場所名": "ホテルクラウンヒルズ釧路（釧路東急イン）１０階", "住所": "北海道釧路市北大通13-1", "洪水": "", "崖崩れ、土石流及び地滑り": "", "高潮": "", "地震": "", "津波": "1", "大規模な火事": "", "内水氾濫": "", "火山現象": "", "指定避難所との住所同一": "", "備考": "" }, "geometry": { "type": "Point", "coordinates": [ 144.38353, 42.989125 ] } },
{ "type": "Feature", "properties": { "fid": 550, "NO": "1293", "共通ID": "E0120600238201", "施設・場所名": "湿原展望台", "住所": "北海道釧路市北斗6-11", "洪水": "", "崖崩れ、土石流及び地滑り": "", "高潮": "", "地震": "", "津波": "1", "大規模な火事": "", "内水氾濫": "", "火山現象": "", "指定避難所との住所同一": "", "備考": "" }, "geometry": { "type": "Point", "coordinates": [ 144.320566, 43.073996 ] } },
{ "type": "Feature", "properties": { "fid": 551, "NO": "1294", "共通ID": "E0120600240201", "施設・場所名": "旧東栄小学校１階・２階", "住所": "北海道釧路市弥生2-1", "洪水": "", "崖崩れ、土石流及び地滑り": "", "高潮": "", "地震": "", "津波": "1", "大規模な火事": "", "内水氾濫": "", "火山現象": "", "指定避難所との住所同一": "", "備考": "" }, "geometry": { "type": "Point", "coordinates": [ 144.380496, 42.973275 ] } },
{ "type": "Feature", "properties": { "fid": 552, "NO": "1295", "共通ID": "E0120600242201", "施設・場所名": "柳町スピードスケート場２階", "住所": "北海道釧路市柳町1-1", "洪水": "", "崖崩れ、土石流及び地滑り": "", "高潮": "", "地震": "", "津波": "1", "大規模な火事": "", "内水氾濫": "", "火山現象": "", "指定避難所との住所同一": "1", "備考": "" }, "geometry": { "type": "Point", "coordinates": [ 144.382652, 43.002891 ] } },
{ "type": "Feature", "properties": { "fid": 553, "NO": "1296", "共通ID": "E0120600248201", "施設・場所名": "湖陵高等学校１階～４階", "住所": "北海道釧路市緑ケ岡3-1", "洪水": "", "崖崩れ、土石流及び地滑り": "", "高潮": "", "地震": "", "津波": "1", "大規模な火事": "", "内水氾濫": "", "火山現象": "", "指定避難所との住所同一": "", "備考": "" }, "geometry": { "type": "Point", "coordinates": [ 144.409, 42.982273 ] } },
{ "type": "Feature", "properties": { "fid": 554, "NO": "1297", "共通ID": "E0120600251201", "施設・場所名": "清明小学校１階～３階", "住所": "北海道釧路市緑ケ岡4-8", "洪水": "", "崖崩れ、土石流及び地滑り": "", "高潮": "", "地震": "", "津波": "1", "大規模な火事": "", "内水氾濫": "", "火山現象": "", "指定避難所との住所同一": "", "備考": "" }, "geometry": { "type": "Point", "coordinates": [ 144.410679, 42.990153 ] } },
{ "type": "Feature", "properties": { "fid": 555, "NO": "1298", "共通ID": "E0120600255201", "施設・場所名": "青陵中学校１階～３階", "住所": "北海道釧路市緑ケ岡6-9", "洪水": "", "崖崩れ、土石流及び地滑り": "", "高潮": "", "地震": "", "津波": "1", "大規模な火事": "", "内水氾濫": "", "火山現象": "", "指定避難所との住所同一": "", "備考": "" }, "geometry": { "type": "Point", "coordinates": [ 144.415995, 42.988504 ] } },
{ "type": "Feature", "properties": { "fid": 556, "NO": "1299", "共通ID": "E0166100082201", "施設・場所名": "釧路神社", "住所": "北海道釧路町遠野52-206", "洪水": "1", "崖崩れ、土石流及び地滑り": "", "高潮": "", "地震": "", "津波": "1", "大規模な火事": "", "内水氾濫": "", "火山現象": "", "指定避難所との住所同一": "", "備考": "" }, "geometry": { "type": "Point", "coordinates": [ 144.462978, 43.050909 ] } },
{ "type": "Feature", "properties": { "fid": 557, "NO": "1300", "共通ID": "E0166100004201", "施設・場所名": "釧路町公民館", "住所": "北海道釧路町河畔7-52-1", "洪水": "1", "崖崩れ、土石流及び地滑り": "1", "高潮": "", "地震": "", "津波": "1", "大規模な火事": "", "内水氾濫": "", "火山現象": "", "指定避難所との住所同一": "1", "備考": "" }, "geometry": { "type": "Point", "coordinates": [ 144.455774, 43.038247 ] } },
{ "type": "Feature", "properties": { "fid": 558, "NO": "1301", "共通ID": "E0166100008201", "施設・場所名": "イオン釧路店屋上駐車場", "住所": "北海道釧路町桂木1-1-7", "洪水": "1", "崖崩れ、土石流及び地滑り": "", "高潮": "", "地震": "", "津波": "1", "大規模な火事": "", "内水氾濫": "", "火山現象": "", "指定避難所との住所同一": "", "備考": "" }, "geometry": { "type": "Point", "coordinates": [ 144.404631, 43.00925 ] } },
{ "type": "Feature", "properties": { "fid": 559, "NO": "1302", "共通ID": "E0166100010201", "施設・場所名": "つくし保育所", "住所": "北海道釧路町光和3-10", "洪水": "1", "崖崩れ、土石流及び地滑り": "", "高潮": "", "地震": "", "津波": "1", "大規模な火事": "", "内水氾濫": "", "火山現象": "", "指定避難所との住所同一": "1", "備考": "" }, "geometry": { "type": "Point", "coordinates": [ 144.401932, 43.00489 ] } },
{ "type": "Feature", "properties": { "fid": 560, "NO": "1303", "共通ID": "E0166100011201", "施設・場所名": "旧昆布森小グラウンド高台海産干場", "住所": "北海道釧路町昆布森1-156", "洪水": "1", "崖崩れ、土石流及び地滑り": "1", "高潮": "", "地震": "", "津波": "1", "大規模な火事": "", "内水氾濫": "", "火山現象": "", "指定避難所との住所同一": "", "備考": "" }, "geometry": { "type": "Point", "coordinates": [ 144.527291, 42.954894 ] } },
{ "type": "Feature", "properties": { "fid": 561, "NO": "1304", "共通ID": "E0166100014201", "施設・場所名": "昆布森小学校裏山", "住所": "北海道釧路町昆布森3-168", "洪水": "1", "崖崩れ、土石流及び地滑り": "1", "高潮": "", "地震": "", "津波": "1", "大規模な火事": "", "内水氾濫": "", "火山現象": "", "指定避難所との住所同一": "", "備考": "" }, "geometry": { "type": "Point", "coordinates": [ 144.532951, 42.955236 ] } },
{ "type": "Feature", "properties": { "fid": 562, "NO": "1305", "共通ID": "E0166100081201", "施設・場所名": "東陽防災ひろば", "住所": "北海道釧路町字別保原野", "洪水": "1", "崖崩れ、土石流及び地滑り": "", "高潮": "", "地震": "", "津波": "1", "大規模な火事": "", "内水氾濫": "", "火山現象": "", "指定避難所との住所同一": "", "備考": "" }, "geometry": { "type": "Point", "coordinates": [ 144.430422, 43.003651 ] } },
{ "type": "Feature", "properties": { "fid": 563, "NO": "1306", "共通ID": "E0166100078201", "施設・場所名": "釧路町防災交流センター　まもりーふ", "住所": "北海道釧路町若葉1-28-3", "洪水": "1", "崖崩れ、土石流及び地滑り": "", "高潮": "", "地震": "", "津波": "1", "大規模な火事": "", "内水氾濫": "", "火山現象": "", "指定避難所との住所同一": "1", "備考": "" }, "geometry": { "type": "Point", "coordinates": [ 144.417206, 43.005478 ] } },
{ "type": "Feature", "properties": { "fid": 564, "NO": "1307", "共通ID": "E0166100025201", "施設・場所名": "海鳴り仙鳳趾館", "住所": "北海道釧路町仙鳳趾村59", "洪水": "1", "崖崩れ、土石流及び地滑り": "1", "高潮": "", "地震": "", "津波": "1", "大規模な火事": "", "内水氾濫": "", "火山現象": "", "指定避難所との住所同一": "1", "備考": "" }, "geometry": { "type": "Point", "coordinates": [ 144.719736, 42.982861 ] } },
{ "type": "Feature", "properties": { "fid": 565, "NO": "1308", "共通ID": "E0166100026201", "施設・場所名": "知方学小学校", "住所": "北海道釧路町仙鳳趾村字知方学41", "洪水": "1", "崖崩れ、土石流及び地滑り": "1", "高潮": "", "地震": "", "津波": "1", "大規模な火事": "", "内水氾濫": "", "火山現象": "", "指定避難所との住所同一": "1", "備考": "" }, "geometry": { "type": "Point", "coordinates": [ 144.734397, 42.938566 ] } },
{ "type": "Feature", "properties": { "fid": 566, "NO": "1309", "共通ID": "E0166100030201", "施設・場所名": "町道西アチョロベツ線高所", "住所": "北海道釧路町大字昆布森村字アチョロベツ75-2", "洪水": "1", "崖崩れ、土石流及び地滑り": "1", "高潮": "", "地震": "", "津波": "1", "大規模な火事": "", "内水氾濫": "", "火山現象": "", "指定避難所との住所同一": "", "備考": "" }, "geometry": { "type": "Point", "coordinates": [ 144.509151, 42.948907 ] } },
{ "type": "Feature", "properties": { "fid": 567, "NO": "1310", "共通ID": "E0166100031201", "施設・場所名": "道道又飯時パーキング", "住所": "北海道釧路町大字昆布森村字昆布森114", "洪水": "1", "崖崩れ、土石流及び地滑り": "1", "高潮": "", "地震": "", "津波": "1", "大規模な火事": "", "内水氾濫": "", "火山現象": "", "指定避難所との住所同一": "", "備考": "" }, "geometry": { "type": "Point", "coordinates": [ 144.491185, 42.948133 ] } },
{ "type": "Feature", "properties": { "fid": 568, "NO": "1311", "共通ID": "E0166100032201", "施設・場所名": "昆布森墓地", "住所": "北海道釧路町大字昆布森村字昆布森84-24", "洪水": "1", "崖崩れ、土石流及び地滑り": "1", "高潮": "", "地震": "", "津波": "1", "大規模な火事": "", "内水氾濫": "", "火山現象": "", "指定避難所との住所同一": "", "備考": "" }, "geometry": { "type": "Point", "coordinates": [ 144.526787, 42.958159 ] } },
{ "type": "Feature", "properties": { "fid": 569, "NO": "1312", "共通ID": "E0166100033201", "施設・場所名": "町道宿徳内線高所", "住所": "北海道釧路町大字昆布森村字昆布森88-1", "洪水": "1", "崖崩れ、土石流及び地滑り": "1", "高潮": "", "地震": "", "津波": "1", "大規模な火事": "", "内水氾濫": "", "火山現象": "", "指定避難所との住所同一": "", "備考": "" }, "geometry": { "type": "Point", "coordinates": [ 144.501174, 42.949853 ] } },
{ "type": "Feature", "properties": { "fid": 570, "NO": "1313", "共通ID": "E0166100036201", "施設・場所名": "町道跡永賀２号線高所", "住所": "北海道釧路町大字跡永賀村字跡永賀52-2", "洪水": "1", "崖崩れ、土石流及び地滑り": "1", "高潮": "", "地震": "", "津波": "1", "大規模な火事": "", "内水氾濫": "", "火山現象": "", "指定避難所との住所同一": "", "備考": "" }, "geometry": { "type": "Point", "coordinates": [ 144.633743, 42.955006 ] } },
{ "type": "Feature", "properties": { "fid": 571, "NO": "1314", "共通ID": "E0166100038201", "施設・場所名": "町道老者舞線高所", "住所": "北海道釧路町大字仙鳳趾村字老者舞123", "洪水": "1", "崖崩れ、土石流及び地滑り": "1", "高潮": "", "地震": "", "津波": "1", "大規模な火事": "", "内水氾濫": "", "火山現象": "", "指定避難所との住所同一": "", "備考": "" }, "geometry": { "type": "Point", "coordinates": [ 144.721601, 42.943046 ] } },
{ "type": "Feature", "properties": { "fid": 572, "NO": "1315", "共通ID": "E0166100077201", "施設・場所名": "中央防災ひろば", "住所": "北海道釧路町中央4", "洪水": "1", "崖崩れ、土石流及び地滑り": "", "高潮": "", "地震": "", "津波": "1", "大規模な火事": "", "内水氾濫": "", "火山現象": "", "指定避難所との住所同一": "", "備考": "" }, "geometry": { "type": "Point", "coordinates": [ 144.42804, 43.007307 ] } },
{ "type": "Feature", "properties": { "fid": 573, "NO": "1316", "共通ID": "E0166100076201", "施設・場所名": "白梅幼稚園駐車場・園庭", "住所": "北海道釧路町中央8-91", "洪水": "1", "崖崩れ、土石流及び地滑り": "1", "高潮": "", "地震": "", "津波": "1", "大規模な火事": "", "内水氾濫": "", "火山現象": "", "指定避難所との住所同一": "", "備考": "" }, "geometry": { "type": "Point", "coordinates": [ 144.434326, 43.011429 ] } },
{ "type": "Feature", "properties": { "fid": 574, "NO": "1317", "共通ID": "E0166100041201", "施設・場所名": "天寧コミュニティセンター", "住所": "北海道釧路町中央9-12", "洪水": "1", "崖崩れ、土石流及び地滑り": "1", "高潮": "", "地震": "", "津波": "1", "大規模な火事": "", "内水氾濫": "", "火山現象": "", "指定避難所との住所同一": "1", "備考": "" }, "geometry": { "type": "Point", "coordinates": [ 144.441311, 43.013269 ] } },
{ "type": "Feature", "properties": { "fid": 575, "NO": "1318", "共通ID": "E0166100043201", "施設・場所名": "遠矢中学校", "住所": "北海道釧路町鳥通西6-1", "洪水": "1", "崖崩れ、土石流及び地滑り": "1", "高潮": "", "地震": "", "津波": "1", "大規模な火事": "", "内水氾濫": "", "火山現象": "", "指定避難所との住所同一": "1", "備考": "" }, "geometry": { "type": "Point", "coordinates": [ 144.462704, 43.053877 ] } },
{ "type": "Feature", "properties": { "fid": 576, "NO": "1319", "共通ID": "E0166100046201", "施設・場所名": "釧路町保健福祉センター", "住所": "北海道釧路町東陽大通西1-1-1", "洪水": "1", "崖崩れ、土石流及び地滑り": "1", "高潮": "", "地震": "", "津波": "1", "大規模な火事": "", "内水氾濫": "", "火山現象": "", "指定避難所との住所同一": "1", "備考": "" }, "geometry": { "type": "Point", "coordinates": [ 144.435034, 42.997154 ] } },
{ "type": "Feature", "properties": { "fid": 577, "NO": "1320", "共通ID": "E0166100047201", "施設・場所名": "釧路東部消防組合釧路消防署", "住所": "北海道釧路町東陽大通西3-3-3", "洪水": "1", "崖崩れ、土石流及び地滑り": "1", "高潮": "", "地震": "", "津波": "1", "大規模な火事": "", "内水氾濫": "", "火山現象": "", "指定避難所との住所同一": "1", "備考": "" }, "geometry": { "type": "Point", "coordinates": [ 144.432405, 42.996611 ] } },
{ "type": "Feature", "properties": { "fid": 578, "NO": "1321", "共通ID": "E0166100048201", "施設・場所名": "遠矢小学校", "住所": "北海道釧路町南陽台10-1", "洪水": "1", "崖崩れ、土石流及び地滑り": "", "高潮": "", "地震": "", "津波": "1", "大規模な火事": "", "内水氾濫": "", "火山現象": "", "指定避難所との住所同一": "1", "備考": "" }, "geometry": { "type": "Point", "coordinates": [ 144.467459, 43.04226 ] } },
{ "type": "Feature", "properties": { "fid": 579, "NO": "1322", "共通ID": "E0166100050201", "施設・場所名": "富原中学校", "住所": "北海道釧路町富原2", "洪水": "1", "崖崩れ、土石流及び地滑り": "", "高潮": "", "地震": "", "津波": "1", "大規模な火事": "", "内水氾濫": "", "火山現象": "", "指定避難所との住所同一": "1", "備考": "" }, "geometry": { "type": "Point", "coordinates": [ 144.418515, 43.014181 ] } },
{ "type": "Feature", "properties": { "fid": 580, "NO": "1323", "共通ID": "E0166100050202", "施設・場所名": "富原小学校", "住所": "北海道釧路町富原2", "洪水": "1", "崖崩れ、土石流及び地滑り": "", "高潮": "", "地震": "", "津波": "1", "大規模な火事": "", "内水氾濫": "", "火山現象": "", "指定避難所との住所同一": "1", "備考": "" }, "geometry": { "type": "Point", "coordinates": [ 144.417549, 43.015122 ] } },
{ "type": "Feature", "properties": { "fid": 581, "NO": "1324", "共通ID": "E0166100051201", "施設・場所名": "釧路東高等学校", "住所": "北海道釧路町富原3-1", "洪水": "1", "崖崩れ、土石流及び地滑り": "", "高潮": "", "地震": "", "津波": "1", "大規模な火事": "", "内水氾濫": "", "火山現象": "", "指定避難所との住所同一": "1", "備考": "" }, "geometry": { "type": "Point", "coordinates": [ 144.417828, 43.012726 ] } },
{ "type": "Feature", "properties": { "fid": 582, "NO": "1325", "共通ID": "E0166100057201", "施設・場所名": "釧望やすらぎの郷駐車場", "住所": "北海道釧路町別保原野南２０線53-9", "洪水": "1", "崖崩れ、土石流及び地滑り": "1", "高潮": "", "地震": "", "津波": "1", "大規模な火事": "", "内水氾濫": "", "火山現象": "", "指定避難所との住所同一": "", "備考": "" }, "geometry": { "type": "Point", "coordinates": [ 144.444285, 43.021835 ] } },
{ "type": "Feature", "properties": { "fid": 583, "NO": "1326", "共通ID": "E0166100059201", "施設・場所名": "釧路町総合体育館", "住所": "北海道釧路町別保原野南２３線105-2", "洪水": "1", "崖崩れ、土石流及び地滑り": "", "高潮": "", "地震": "", "津波": "1", "大規模な火事": "", "内水氾濫": "", "火山現象": "", "指定避難所との住所同一": "1", "備考": "" }, "geometry": { "type": "Point", "coordinates": [ 144.421833, 43.013138 ] } },
{ "type": "Feature", "properties": { "fid": 584, "NO": "1327", "共通ID": "E0166100060201", "施設・場所名": "セチリ防災ひろば", "住所": "北海道釧路町別保原野南２３線109-1", "洪水": "1", "崖崩れ、土石流及び地滑り": "", "高潮": "", "地震": "1", "津波": "1", "大規模な火事": "1", "内水氾濫": "", "火山現象": "", "指定避難所との住所同一": "", "備考": "" }, "geometry": { "type": "Point", "coordinates": [ 144.422558, 43.015481 ] } },
{ "type": "Feature", "properties": { "fid": 585, "NO": "1328", "共通ID": "E0166100080201", "施設・場所名": "春日公園避難タワー", "住所": "北海道釧路町北見団地1-15", "洪水": "1", "崖崩れ、土石流及び地滑り": "", "高潮": "", "地震": "1", "津波": "1", "大規模な火事": "", "内水氾濫": "", "火山現象": "", "指定避難所との住所同一": "", "備考": "" }, "geometry": { "type": "Point", "coordinates": [ 144.404251, 42.999355 ] } },
{ "type": "Feature", "properties": { "fid": 586, "NO": "1329", "共通ID": "E0166100079201", "施設・場所名": "中園公園避難タワー", "住所": "北海道釧路町北見団地4-63-1", "洪水": "1", "崖崩れ、土石流及び地滑り": "", "高潮": "", "地震": "1", "津波": "1", "大規模な火事": "", "内水氾濫": "", "火山現象": "", "指定避難所との住所同一": "", "備考": "" }, "geometry": { "type": "Point", "coordinates": [ 144.408005, 43.000793 ] } },
{ "type": "Feature", "properties": { "fid": 587, "NO": "1330", "共通ID": "E0166100083201", "施設・場所名": "緑公園避難タワー", "住所": "北海道釧路町北見団地5-18", "洪水": "1", "崖崩れ、土石流及び地滑り": "", "高潮": "", "地震": "", "津波": "1", "大規模な火事": "", "内水氾濫": "", "火山現象": "", "指定避難所との住所同一": "", "備考": "" }, "geometry": { "type": "Point", "coordinates": [ 144.409865, 43.002003 ] } },
{ "type": "Feature", "properties": { "fid": 588, "NO": "1331", "共通ID": "E0166100068201", "施設・場所名": "釧路町コミュニティセンター", "住所": "北海道釧路町木場1-2", "洪水": "1", "崖崩れ、土石流及び地滑り": "", "高潮": "", "地震": "", "津波": "1", "大規模な火事": "", "内水氾濫": "", "火山現象": "", "指定避難所との住所同一": "", "備考": "" }, "geometry": { "type": "Point", "coordinates": [ 144.405356, 43.006125 ] } },
{ "type": "Feature", "properties": { "fid": 607, "NO": "1585", "共通ID": "E0166200003202", "施設・場所名": "緑のふるさと公園駐車場", "住所": "北海道厚岸町愛冠5", "洪水": "", "崖崩れ、土石流及び地滑り": "", "高潮": "1", "地震": "", "津波": "1", "大規模な火事": "", "内水氾濫": "", "火山現象": "", "指定避難所との住所同一": "", "備考": "" }, "geometry": { "type": "Point", "coordinates": [ 144.841262, 43.025462 ] } },
{ "type": "Feature", "properties": { "fid": 608, "NO": "1586", "共通ID": "E0166200003201", "施設・場所名": "森林センター（集会室兼休憩室）", "住所": "北海道厚岸町愛冠5", "洪水": "", "崖崩れ、土石流及び地滑り": "", "高潮": "1", "地震": "", "津波": "1", "大規模な火事": "", "内水氾濫": "", "火山現象": "", "指定避難所との住所同一": "", "備考": "" }, "geometry": { "type": "Point", "coordinates": [ 144.841701, 43.025402 ] } },
{ "type": "Feature", "properties": { "fid": 609, "NO": "1587", "共通ID": "E0166200006201", "施設・場所名": "愛冠駐車場", "住所": "北海道厚岸町愛冠6", "洪水": "", "崖崩れ、土石流及び地滑り": "", "高潮": "1", "地震": "", "津波": "1", "大規模な火事": "", "内水氾濫": "", "火山現象": "", "指定避難所との住所同一": "", "備考": "" }, "geometry": { "type": "Point", "coordinates": [ 144.842148, 43.019668 ] } },
{ "type": "Feature", "properties": { "fid": 610, "NO": "1588", "共通ID": "E0166200006203", "施設・場所名": "道立少年自然の家（体育館）", "住所": "北海道厚岸町愛冠6", "洪水": "", "崖崩れ、土石流及び地滑り": "", "高潮": "1", "地震": "", "津波": "1", "大規模な火事": "", "内水氾濫": "", "火山現象": "", "指定避難所との住所同一": "", "備考": "" }, "geometry": { "type": "Point", "coordinates": [ 144.84249, 43.02428 ] } },
{ "type": "Feature", "properties": { "fid": 611, "NO": "1589", "共通ID": "E0166200006202", "施設・場所名": "道立少年自然の家駐車場", "住所": "北海道厚岸町愛冠6", "洪水": "", "崖崩れ、土石流及び地滑り": "", "高潮": "1", "地震": "", "津波": "1", "大規模な火事": "", "内水氾濫": "", "火山現象": "", "指定避難所との住所同一": "", "備考": "" }, "geometry": { "type": "Point", "coordinates": [ 144.841399, 43.024869 ] } },
{ "type": "Feature", "properties": { "fid": 612, "NO": "1591", "共通ID": "E0166200008201", "施設・場所名": "宮園丘陵地区集会所", "住所": "北海道厚岸町宮園2-1", "洪水": "", "崖崩れ、土石流及び地滑り": "", "高潮": "1", "地震": "", "津波": "1", "大規模な火事": "", "内水氾濫": "", "火山現象": "", "指定避難所との住所同一": "", "備考": "" }, "geometry": { "type": "Point", "coordinates": [ 144.834708, 43.059119 ] } },
{ "type": "Feature", "properties": { "fid": 613, "NO": "1592", "共通ID": "E0166200010201", "施設・場所名": "宝龍寺境内（庫裡）", "住所": "北海道厚岸町宮園2-2", "洪水": "", "崖崩れ、土石流及び地滑り": "", "高潮": "1", "地震": "", "津波": "1", "大規模な火事": "", "内水氾濫": "", "火山現象": "", "指定避難所との住所同一": "", "備考": "" }, "geometry": { "type": "Point", "coordinates": [ 144.833741, 43.057869 ] } },
{ "type": "Feature", "properties": { "fid": 614, "NO": "1593", "共通ID": "E0166200011201", "施設・場所名": "東岸寺境内（庫裡、本堂）", "住所": "北海道厚岸町宮園2-3", "洪水": "", "崖崩れ、土石流及び地滑り": "", "高潮": "1", "地震": "", "津波": "1", "大規模な火事": "", "内水氾濫": "", "火山現象": "", "指定避難所との住所同一": "", "備考": "" }, "geometry": { "type": "Point", "coordinates": [ 144.83469, 43.057543 ] } },
{ "type": "Feature", "properties": { "fid": 615, "NO": "1594", "共通ID": "E0166200012201", "施設・場所名": "高野寺境内（本堂）", "住所": "北海道厚岸町宮園2-6", "洪水": "", "崖崩れ、土石流及び地滑り": "", "高潮": "1", "地震": "", "津波": "1", "大規模な火事": "", "内水氾濫": "", "火山現象": "", "指定避難所との住所同一": "", "備考": "" }, "geometry": { "type": "Point", "coordinates": [ 144.835493, 43.057309 ] } },
{ "type": "Feature", "properties": { "fid": 616, "NO": "1595", "共通ID": "E0166200013201", "施設・場所名": "厚岸消防署付近", "住所": "北海道厚岸町宮園2-60", "洪水": "", "崖崩れ、土石流及び地滑り": "", "高潮": "1", "地震": "", "津波": "1", "大規模な火事": "", "内水氾濫": "", "火山現象": "", "指定避難所との住所同一": "", "備考": "" }, "geometry": { "type": "Point", "coordinates": [ 144.830915, 43.058331 ] } },
{ "type": "Feature", "properties": { "fid": 617, "NO": "1596", "共通ID": "E0166200014201", "施設・場所名": "真龍神社境内（広間）", "住所": "北海道厚岸町宮園2-7", "洪水": "", "崖崩れ、土石流及び地滑り": "", "高潮": "1", "地震": "", "津波": "1", "大規模な火事": "", "内水氾濫": "", "火山現象": "", "指定避難所との住所同一": "", "備考": "" }, "geometry": { "type": "Point", "coordinates": [ 144.837545, 43.057448 ] } },
{ "type": "Feature", "properties": { "fid": 618, "NO": "1603", "共通ID": "E0166200020203", "施設・場所名": "しんりゅう保育所裏山", "住所": "北海道厚岸町宮園3-8", "洪水": "", "崖崩れ、土石流及び地滑り": "", "高潮": "", "地震": "", "津波": "1", "大規模な火事": "", "内水氾濫": "", "火山現象": "", "指定避難所との住所同一": "1", "備考": "" }, "geometry": { "type": "Point", "coordinates": [ 144.826721, 43.066132 ] } },
{ "type": "Feature", "properties": { "fid": 619, "NO": "1604", "共通ID": "E0166200009201", "施設・場所名": "宮園丘陵団地（道路・空き地）", "住所": "北海道厚岸町宮園２－１外", "洪水": "", "崖崩れ、土石流及び地滑り": "", "高潮": "1", "地震": "", "津波": "1", "大規模な火事": "", "内水氾濫": "", "火山現象": "", "指定避難所との住所同一": "", "備考": "" }, "geometry": { "type": "Point", "coordinates": [ 144.83628, 43.060755 ] } },
{ "type": "Feature", "properties": { "fid": 620, "NO": "1605", "共通ID": "E0166200021201", "施設・場所名": "松葉地区集会所裏山", "住所": "北海道厚岸町御供1-7", "洪水": "", "崖崩れ、土石流及び地滑り": "", "高潮": "1", "地震": "", "津波": "1", "大規模な火事": "", "内水氾濫": "", "火山現象": "", "指定避難所との住所同一": "", "備考": "" }, "geometry": { "type": "Point", "coordinates": [ 144.849528, 43.039325 ] } },
{ "type": "Feature", "properties": { "fid": 621, "NO": "1606", "共通ID": "E0166200022201", "施設・場所名": "お供山展望台", "住所": "北海道厚岸町御供51", "洪水": "", "崖崩れ、土石流及び地滑り": "", "高潮": "1", "地震": "", "津波": "1", "大規模な火事": "", "内水氾濫": "", "火山現象": "", "指定避難所との住所同一": "", "備考": "" }, "geometry": { "type": "Point", "coordinates": [ 144.852408, 43.041353 ] } },
{ "type": "Feature", "properties": { "fid": 622, "NO": "1610", "共通ID": "E0166200025202", "施設・場所名": "厚岸町防災交流センター", "住所": "北海道厚岸町港町2-1", "洪水": "1", "崖崩れ、土石流及び地滑り": "1", "高潮": "1", "地震": "1", "津波": "1", "大規模な火事": "1", "内水氾濫": "", "火山現象": "", "指定避難所との住所同一": "1", "備考": "" }, "geometry": { "type": "Point", "coordinates": [ 144.849884, 43.053429 ] } },
{ "type": "Feature", "properties": { "fid": 623, "NO": "1613", "共通ID": "E0166200030201", "施設・場所名": "住の江山の手高台（道路・空き地）", "住所": "北海道厚岸町山の手2-77", "洪水": "", "崖崩れ、土石流及び地滑り": "", "高潮": "1", "地震": "", "津波": "1", "大規模な火事": "", "内水氾濫": "", "火山現象": "", "指定避難所との住所同一": "", "備考": "" }, "geometry": { "type": "Point", "coordinates": [ 144.845255, 43.062464 ] } },
{ "type": "Feature", "properties": { "fid": 624, "NO": "1614", "共通ID": "E0166200029201", "施設・場所名": "住の江山の手地区集会所付近（道路・空き地）", "住所": "北海道厚岸町山の手１－６外", "洪水": "", "崖崩れ、土石流及び地滑り": "", "高潮": "1", "地震": "", "津波": "1", "大規模な火事": "", "内水氾濫": "", "火山現象": "", "指定避難所との住所同一": "", "備考": "" }, "geometry": { "type": "Point", "coordinates": [ 144.842258, 43.059222 ] } },
{ "type": "Feature", "properties": { "fid": 625, "NO": "1623", "共通ID": "E0166200041202", "施設・場所名": "味覚ターミナル駐車場", "住所": "北海道厚岸町住の江2-2", "洪水": "", "崖崩れ、土石流及び地滑り": "", "高潮": "1", "地震": "", "津波": "1", "大規模な火事": "", "内水氾濫": "", "火山現象": "", "指定避難所との住所同一": "", "備考": "" }, "geometry": { "type": "Point", "coordinates": [ 144.843454, 43.057873 ] } },
{ "type": "Feature", "properties": { "fid": 626, "NO": "1624", "共通ID": "E0166200041201", "施設・場所名": "味覚ターミナル（１Ｆロビー）", "住所": "北海道厚岸町住の江2-2", "洪水": "", "崖崩れ、土石流及び地滑り": "", "高潮": "1", "地震": "", "津波": "1", "大規模な火事": "", "内水氾濫": "", "火山現象": "", "指定避難所との住所同一": "", "備考": "" }, "geometry": { "type": "Point", "coordinates": [ 144.844084, 43.057654 ] } },
{ "type": "Feature", "properties": { "fid": 627, "NO": "1625", "共通ID": "E0166200043201", "施設・場所名": "住の江丘陵公園", "住所": "北海道厚岸町住の江4-1", "洪水": "", "崖崩れ、土石流及び地滑り": "", "高潮": "1", "地震": "", "津波": "1", "大規模な火事": "", "内水氾濫": "", "火山現象": "", "指定避難所との住所同一": "", "備考": "" }, "geometry": { "type": "Point", "coordinates": [ 144.844602, 43.063393 ] } },
{ "type": "Feature", "properties": { "fid": 628, "NO": "1626", "共通ID": "E0166200044201", "施設・場所名": "小島神社裏山", "住所": "北海道厚岸町小島", "洪水": "", "崖崩れ、土石流及び地滑り": "", "高潮": "1", "地震": "", "津波": "1", "大規模な火事": "", "内水氾濫": "", "火山現象": "", "指定避難所との住所同一": "", "備考": "" }, "geometry": { "type": "Point", "coordinates": [ 144.879836, 42.973858 ] } },
{ "type": "Feature", "properties": { "fid": 629, "NO": "1631", "共通ID": "E0166200049201", "施設・場所名": "床潭中央高台町有地裏", "住所": "北海道厚岸町床潭142-9", "洪水": "", "崖崩れ、土石流及び地滑り": "", "高潮": "1", "地震": "", "津波": "1", "大規模な火事": "", "内水氾濫": "", "火山現象": "", "指定避難所との住所同一": "", "備考": "" }, "geometry": { "type": "Point", "coordinates": [ 144.871348, 43.000782 ] } },
{ "type": "Feature", "properties": { "fid": 630, "NO": "1632", "共通ID": "E0166200052201", "施設・場所名": "（有）高島食品裏山", "住所": "北海道厚岸町床潭53-1", "洪水": "", "崖崩れ、土石流及び地滑り": "", "高潮": "1", "地震": "", "津波": "1", "大規模な火事": "", "内水氾濫": "", "火山現象": "", "指定避難所との住所同一": "", "備考": "" }, "geometry": { "type": "Point", "coordinates": [ 144.863045, 43.001565 ] } },
{ "type": "Feature", "properties": { "fid": 631, "NO": "1633", "共通ID": "E0166200050201", "施設・場所名": "床潭神社", "住所": "北海道厚岸町床潭３５０－２外", "洪水": "", "崖崩れ、土石流及び地滑り": "", "高潮": "1", "地震": "", "津波": "1", "大規模な火事": "", "内水氾濫": "", "火山現象": "", "指定避難所との住所同一": "", "備考": "" }, "geometry": { "type": "Point", "coordinates": [ 144.872058, 42.998241 ] } },
{ "type": "Feature", "properties": { "fid": 632, "NO": "1634", "共通ID": "E0166200051201", "施設・場所名": "ピリカウタ広場（多目的広場）", "住所": "北海道厚岸町床潭３５０－７外", "洪水": "", "崖崩れ、土石流及び地滑り": "", "高潮": "1", "地震": "", "津波": "1", "大規模な火事": "", "内水氾濫": "", "火山現象": "", "指定避難所との住所同一": "", "備考": "" }, "geometry": { "type": "Point", "coordinates": [ 144.878103, 42.989411 ] } },
{ "type": "Feature", "properties": { "fid": 633, "NO": "1645", "共通ID": "E0166200059201", "施設・場所名": "太田小学校体育館", "住所": "北海道厚岸町太田４の通り32", "洪水": "", "崖崩れ、土石流及び地滑り": "", "高潮": "1", "地震": "", "津波": "1", "大規模な火事": "", "内水氾濫": "", "火山現象": "", "指定避難所との住所同一": "", "備考": "" }, "geometry": { "type": "Point", "coordinates": [ 144.784004, 43.094679 ] } },
{ "type": "Feature", "properties": { "fid": 634, "NO": "1648", "共通ID": "E0166200062201", "施設・場所名": "太田活性化施設とその周辺（開拓記念館含む）", "住所": "北海道厚岸町太田５の通り23", "洪水": "", "崖崩れ、土石流及び地滑り": "", "高潮": "1", "地震": "", "津波": "1", "大規模な火事": "", "内水氾濫": "", "火山現象": "", "指定避難所との住所同一": "", "備考": "" }, "geometry": { "type": "Point", "coordinates": [ 144.788481, 43.093865 ] } },
{ "type": "Feature", "properties": { "fid": 635, "NO": "1649", "共通ID": "E0166200063201", "施設・場所名": "太田中学校体育館", "住所": "北海道厚岸町太田５の通り27", "洪水": "", "崖崩れ、土石流及び地滑り": "", "高潮": "1", "地震": "", "津波": "1", "大規模な火事": "", "内水氾濫": "", "火山現象": "", "指定避難所との住所同一": "", "備考": "" }, "geometry": { "type": "Point", "coordinates": [ 144.78723, 43.095427 ] } },
{ "type": "Feature", "properties": { "fid": 636, "NO": "1650", "共通ID": "E0166200064201", "施設・場所名": "心和園裏山避難場所", "住所": "北海道厚岸町太田宏陽1", "洪水": "", "崖崩れ、土石流及び地滑り": "", "高潮": "1", "地震": "", "津波": "1", "大規模な火事": "", "内水氾濫": "", "火山現象": "", "指定避難所との住所同一": "", "備考": "" }, "geometry": { "type": "Point", "coordinates": [ 144.808066, 43.066493 ] } },
{ "type": "Feature", "properties": { "fid": 637, "NO": "1653", "共通ID": "E0166200065201", "施設・場所名": "（独）水産総合研究センターの周辺", "住所": "北海道厚岸町筑紫恋２外", "洪水": "", "崖崩れ、土石流及び地滑り": "", "高潮": "1", "地震": "", "津波": "1", "大規模な火事": "", "内水氾濫": "", "火山現象": "", "指定避難所との住所同一": "", "備考": "" }, "geometry": { "type": "Point", "coordinates": [ 144.846229, 43.017219 ] } },
{ "type": "Feature", "properties": { "fid": 638, "NO": "1654", "共通ID": "E0166200068201", "施設・場所名": "海岸地域裏山", "住所": "北海道厚岸町筑紫恋３３外", "洪水": "", "崖崩れ、土石流及び地滑り": "", "高潮": "1", "地震": "", "津波": "1", "大規模な火事": "", "内水氾濫": "", "火山現象": "", "指定避難所との住所同一": "", "備考": "" }, "geometry": { "type": "Point", "coordinates": [ 144.852758, 43.014587 ] } },
{ "type": "Feature", "properties": { "fid": 639, "NO": "1656", "共通ID": "E0166200069201", "施設・場所名": "公民館苫多分館", "住所": "北海道厚岸町苫多206", "洪水": "1", "崖崩れ、土石流及び地滑り": "", "高潮": "1", "地震": "1", "津波": "1", "大規模な火事": "", "内水氾濫": "", "火山現象": "", "指定避難所との住所同一": "1", "備考": "" }, "geometry": { "type": "Point", "coordinates": [ 144.765241, 43.040923 ] } },
{ "type": "Feature", "properties": { "fid": 640, "NO": "1657", "共通ID": "E0166200070203", "施設・場所名": "桜通り頂上横高台", "住所": "北海道厚岸町梅香1-5", "洪水": "", "崖崩れ、土石流及び地滑り": "", "高潮": "1", "地震": "", "津波": "1", "大規模な火事": "", "内水氾濫": "", "火山現象": "", "指定避難所との住所同一": "1", "備考": "" }, "geometry": { "type": "Point", "coordinates": [ 144.853132, 43.032641 ] } },
{ "type": "Feature", "properties": { "fid": 641, "NO": "1667", "共通ID": "E0166200077201", "施設・場所名": "真龍墓地", "住所": "北海道厚岸町白浜3-4", "洪水": "", "崖崩れ、土石流及び地滑り": "", "高潮": "1", "地震": "", "津波": "1", "大規模な火事": "", "内水氾濫": "", "火山現象": "", "指定避難所との住所同一": "", "備考": "" }, "geometry": { "type": "Point", "coordinates": [ 144.818311, 43.06203 ] } },
{ "type": "Feature", "properties": { "fid": 642, "NO": "1669", "共通ID": "E0166200079201", "施設・場所名": "尾幌酪農ふれあい館", "住所": "北海道厚岸町尾幌124", "洪水": "1", "崖崩れ、土石流及び地滑り": "1", "高潮": "1", "地震": "1", "津波": "1", "大規模な火事": "1", "内水氾濫": "", "火山現象": "", "指定避難所との住所同一": "1", "備考": "" }, "geometry": { "type": "Point", "coordinates": [ 144.706964, 43.016116 ] } },
{ "type": "Feature", "properties": { "fid": 643, "NO": "1675", "共通ID": "E0166200083201", "施設・場所名": "コアぽんときらく（屋上）", "住所": "北海道厚岸町奔渡2-1", "洪水": "", "崖崩れ、土石流及び地滑り": "", "高潮": "1", "地震": "", "津波": "1", "大規模な火事": "", "内水氾濫": "", "火山現象": "", "指定避難所との住所同一": "1", "備考": "" }, "geometry": { "type": "Point", "coordinates": [ 144.85484, 43.040503 ] } },
{ "type": "Feature", "properties": { "fid": 644, "NO": "1676", "共通ID": "E0166200107201", "施設・場所名": "奔渡４丁目小規模治山施設", "住所": "北海道厚岸町奔渡4-109", "洪水": "", "崖崩れ、土石流及び地滑り": "", "高潮": "", "地震": "", "津波": "1", "大規模な火事": "", "内水氾濫": "", "火山現象": "", "指定避難所との住所同一": "", "備考": "" }, "geometry": { "type": "Point", "coordinates": [ 144.857254, 43.037041 ] } },
{ "type": "Feature", "properties": { "fid": 645, "NO": "1679", "共通ID": "E0166200086201", "施設・場所名": "子野日公園高台", "住所": "北海道厚岸町奔渡6-10", "洪水": "", "崖崩れ、土石流及び地滑り": "", "高潮": "1", "地震": "", "津波": "1", "大規模な火事": "", "内水氾濫": "", "火山現象": "", "指定避難所との住所同一": "", "備考": "" }, "geometry": { "type": "Point", "coordinates": [ 144.860624, 43.028699 ] } },
{ "type": "Feature", "properties": { "fid": 646, "NO": "1681", "共通ID": "E0166200108201", "施設・場所名": "湖南地区防災広場", "住所": "北海道厚岸町奔渡6-266", "洪水": "", "崖崩れ、土石流及び地滑り": "", "高潮": "", "地震": "", "津波": "1", "大規模な火事": "", "内水氾濫": "", "火山現象": "", "指定避難所との住所同一": "", "備考": "" }, "geometry": { "type": "Point", "coordinates": [ 144.857269, 43.029381 ] } },
{ "type": "Feature", "properties": { "fid": 647, "NO": "1683", "共通ID": "E0166200088201", "施設・場所名": "奔渡７丁目裏山", "住所": "北海道厚岸町奔渡7-165", "洪水": "", "崖崩れ、土石流及び地滑り": "", "高潮": "1", "地震": "", "津波": "1", "大規模な火事": "", "内水氾濫": "", "火山現象": "", "指定避難所との住所同一": "", "備考": "" }, "geometry": { "type": "Point", "coordinates": [ 144.86859, 43.028687 ] } },
{ "type": "Feature", "properties": { "fid": 648, "NO": "1684", "共通ID": "E0166200089201", "施設・場所名": "主要道道別海厚岸線付近", "住所": "北海道厚岸町末広321", "洪水": "", "崖崩れ、土石流及び地滑り": "", "高潮": "1", "地震": "", "津波": "1", "大規模な火事": "", "内水氾濫": "", "火山現象": "", "指定避難所との住所同一": "", "備考": "" }, "geometry": { "type": "Point", "coordinates": [ 144.891995, 42.998508 ] } },
{ "type": "Feature", "properties": { "fid": 649, "NO": "1687", "共通ID": "E0166200092201", "施設・場所名": "厚岸望洋台駐車場", "住所": "北海道厚岸町門静1-1", "洪水": "", "崖崩れ、土石流及び地滑り": "", "高潮": "1", "地震": "", "津波": "1", "大規模な火事": "", "内水氾濫": "", "火山現象": "", "指定避難所との住所同一": "", "備考": "" }, "geometry": { "type": "Point", "coordinates": [ 144.794904, 43.058822 ] } },
{ "type": "Feature", "properties": { "fid": 650, "NO": "1688", "共通ID": "E0166200093201", "施設・場所名": "門静偕楽園団地（道路・空き地）", "住所": "北海道厚岸町門静1-412", "洪水": "", "崖崩れ、土石流及び地滑り": "", "高潮": "1", "地震": "", "津波": "1", "大規模な火事": "", "内水氾濫": "", "火山現象": "", "指定避難所との住所同一": "", "備考": "" }, "geometry": { "type": "Point", "coordinates": [ 144.798842, 43.062122 ] } },
{ "type": "Feature", "properties": { "fid": 651, "NO": "1691", "共通ID": "E0166200096201", "施設・場所名": "門静神社裏山", "住所": "北海道厚岸町門静4-9", "洪水": "", "崖崩れ、土石流及び地滑り": "", "高潮": "1", "地震": "", "津波": "1", "大規模な火事": "", "内水氾濫": "", "火山現象": "", "指定避難所との住所同一": "", "備考": "" }, "geometry": { "type": "Point", "coordinates": [ 144.777706, 43.057492 ] } },
{ "type": "Feature", "properties": { "fid": 652, "NO": "1694", "共通ID": "E0166200098201", "施設・場所名": "厚岸霊園駐車場", "住所": "北海道厚岸町有明2-4", "洪水": "", "崖崩れ、土石流及び地滑り": "", "高潮": "1", "地震": "", "津波": "1", "大規模な火事": "", "内水氾濫": "", "火山現象": "", "指定避難所との住所同一": "", "備考": "" }, "geometry": { "type": "Point", "coordinates": [ 144.854809, 43.028043 ] } },
{ "type": "Feature", "properties": { "fid": 653, "NO": "1696", "共通ID": "E0166200100201", "施設・場所名": "厚岸神社境内", "住所": "北海道厚岸町湾月1-3", "洪水": "", "崖崩れ、土石流及び地滑り": "", "高潮": "1", "地震": "", "津波": "1", "大規模な火事": "", "内水氾濫": "", "火山現象": "", "指定避難所との住所同一": "", "備考": "" }, "geometry": { "type": "Point", "coordinates": [ 144.839065, 43.031813 ] } },
{ "type": "Feature", "properties": { "fid": 700, "NO": "2024", "共通ID": "E0122300001201", "施設・場所名": "旧花咲小学校グラウンド", "住所": "北海道根室市栄町1-1", "洪水": "", "崖崩れ、土石流及び地滑り": "1", "高潮": "1", "地震": "1", "津波": "1", "大規模な火事": "", "内水氾濫": "", "火山現象": "", "指定避難所との住所同一": "", "備考": "" }, "geometry": { "type": "Point", "coordinates": [ 145.589949, 43.336731 ] } },
{ "type": "Feature", "properties": { "fid": 701, "NO": "2025", "共通ID": "E0122300002201", "施設・場所名": "珸瑤瑁（北）", "住所": "北海道根室市温根元", "洪水": "", "崖崩れ、土石流及び地滑り": "1", "高潮": "1", "地震": "1", "津波": "1", "大規模な火事": "", "内水氾濫": "", "火山現象": "", "指定避難所との住所同一": "", "備考": "" }, "geometry": { "type": "Point", "coordinates": [ 145.785566, 43.380957 ] } },
{ "type": "Feature", "properties": { "fid": 702, "NO": "2026", "共通ID": "E0122300003201", "施設・場所名": "旧温根元小学校グラウンド", "住所": "北海道根室市温根元118", "洪水": "", "崖崩れ、土石流及び地滑り": "1", "高潮": "1", "地震": "1", "津波": "1", "大規模な火事": "", "内水氾濫": "", "火山現象": "", "指定避難所との住所同一": "", "備考": "" }, "geometry": { "type": "Point", "coordinates": [ 145.77157, 43.386003 ] } },
{ "type": "Feature", "properties": { "fid": 703, "NO": "2027", "共通ID": "E0122300004201", "施設・場所名": "花咲港小学校グラウンド", "住所": "北海道根室市花咲港209", "洪水": "", "崖崩れ、土石流及び地滑り": "1", "高潮": "1", "地震": "1", "津波": "1", "大規模な火事": "", "内水氾濫": "", "火山現象": "", "指定避難所との住所同一": "1", "備考": "" }, "geometry": { "type": "Point", "coordinates": [ 145.590221, 43.287725 ] } },
{ "type": "Feature", "properties": { "fid": 704, "NO": "2028", "共通ID": "E0122300063201", "施設・場所名": "花咲港消防分遣所", "住所": "北海道根室市花咲港209-3", "洪水": "", "崖崩れ、土石流及び地滑り": "1", "高潮": "1", "地震": "1", "津波": "1", "大規模な火事": "", "内水氾濫": "", "火山現象": "", "指定避難所との住所同一": "", "備考": "" }, "geometry": { "type": "Point", "coordinates": [ 145.589561, 43.289664 ] } },
{ "type": "Feature", "properties": { "fid": 705, "NO": "2029", "共通ID": "E0122300005201", "施設・場所名": "金刀比羅神社高台", "住所": "北海道根室市琴平町1-4", "洪水": "", "崖崩れ、土石流及び地滑り": "1", "高潮": "1", "地震": "1", "津波": "1", "大規模な火事": "", "内水氾濫": "", "火山現象": "", "指定避難所との住所同一": "", "備考": "" }, "geometry": { "type": "Point", "coordinates": [ 145.587434, 43.343636 ] } },
{ "type": "Feature", "properties": { "fid": 706, "NO": "2030", "共通ID": "E0122300006201", "施設・場所名": "花咲小学校グラウンド", "住所": "北海道根室市駒場町2-12", "洪水": "", "崖崩れ、土石流及び地滑り": "1", "高潮": "1", "地震": "1", "津波": "1", "大規模な火事": "", "内水氾濫": "", "火山現象": "", "指定避難所との住所同一": "1", "備考": "" }, "geometry": { "type": "Point", "coordinates": [ 145.594326, 43.338342 ] } },
{ "type": "Feature", "properties": { "fid": 707, "NO": "2031", "共通ID": "E0122300008201", "施設・場所名": "成央小学校グラウンド", "住所": "北海道根室市光洋町1-25", "洪水": "", "崖崩れ、土石流及び地滑り": "1", "高潮": "1", "地震": "1", "津波": "1", "大規模な火事": "", "内水氾濫": "", "火山現象": "", "指定避難所との住所同一": "1", "備考": "" }, "geometry": { "type": "Point", "coordinates": [ 145.594514, 43.329226 ] } },
{ "type": "Feature", "properties": { "fid": 708, "NO": "2032", "共通ID": "E0122300009201", "施設・場所名": "光洋中学校グラウンド", "住所": "北海道根室市光洋町2-12", "洪水": "", "崖崩れ、土石流及び地滑り": "1", "高潮": "1", "地震": "1", "津波": "1", "大規模な火事": "", "内水氾濫": "", "火山現象": "", "指定避難所との住所同一": "1", "備考": "" }, "geometry": { "type": "Point", "coordinates": [ 145.600805, 43.32417 ] } },
{ "type": "Feature", "properties": { "fid": 709, "NO": "2033", "共通ID": "E0122300010201", "施設・場所名": "光和公園", "住所": "北海道根室市光和町3", "洪水": "", "崖崩れ、土石流及び地滑り": "1", "高潮": "1", "地震": "1", "津波": "1", "大規模な火事": "", "内水氾濫": "", "火山現象": "", "指定避難所との住所同一": "", "備考": "" }, "geometry": { "type": "Point", "coordinates": [ 145.581306, 43.324758 ] } },
{ "type": "Feature", "properties": { "fid": 710, "NO": "2034", "共通ID": "E0122300011201", "施設・場所名": "厚床会館駐車場", "住所": "北海道根室市厚床1-128-5", "洪水": "", "崖崩れ、土石流及び地滑り": "1", "高潮": "1", "地震": "1", "津波": "1", "大規模な火事": "", "内水氾濫": "", "火山現象": "", "指定避難所との住所同一": "", "備考": "" }, "geometry": { "type": "Point", "coordinates": [ 145.258141, 43.231753 ] } },
{ "type": "Feature", "properties": { "fid": 711, "NO": "2035", "共通ID": "E0122300012201", "施設・場所名": "厚床小中学校グラウンド", "住所": "北海道根室市厚床1-218-1", "洪水": "", "崖崩れ、土石流及び地滑り": "1", "高潮": "1", "地震": "1", "津波": "1", "大規模な火事": "", "内水氾濫": "", "火山現象": "", "指定避難所との住所同一": "1", "備考": "" }, "geometry": { "type": "Point", "coordinates": [ 145.25892, 43.233245 ] } },
{ "type": "Feature", "properties": { "fid": 712, "NO": "2036", "共通ID": "E0122300013201", "施設・場所名": "旧厚床小学校グラウンド", "住所": "北海道根室市厚床2-193", "洪水": "", "崖崩れ、土石流及び地滑り": "1", "高潮": "1", "地震": "1", "津波": "1", "大規模な火事": "", "内水氾濫": "", "火山現象": "", "指定避難所との住所同一": "", "備考": "" }, "geometry": { "type": "Point", "coordinates": [ 145.24767, 43.228611 ] } },
{ "type": "Feature", "properties": { "fid": 713, "NO": "2037", "共通ID": "E0122300014201", "施設・場所名": "昆布盛会館駐車場", "住所": "北海道根室市昆布盛", "洪水": "", "崖崩れ、土石流及び地滑り": "1", "高潮": "1", "地震": "1", "津波": "1", "大規模な火事": "", "内水氾濫": "", "火山現象": "", "指定避難所との住所同一": "", "備考": "" }, "geometry": { "type": "Point", "coordinates": [ 145.545786, 43.226671 ] } },
{ "type": "Feature", "properties": { "fid": 714, "NO": "2038", "共通ID": "E0122300015201", "施設・場所名": "旧昆布盛小学校グラウンド", "住所": "北海道根室市昆布盛168-8", "洪水": "", "崖崩れ、土石流及び地滑り": "1", "高潮": "1", "地震": "1", "津波": "1", "大規模な火事": "", "内水氾濫": "", "火山現象": "", "指定避難所との住所同一": "1", "備考": "" }, "geometry": { "type": "Point", "coordinates": [ 145.547495, 43.220109 ] } },
{ "type": "Feature", "properties": { "fid": 715, "NO": "2040", "共通ID": "E0122300017201", "施設・場所名": "旧下内牧場・宮下牧場交差点", "住所": "北海道根室市歯舞2", "洪水": "", "崖崩れ、土石流及び地滑り": "1", "高潮": "1", "地震": "1", "津波": "1", "大規模な火事": "", "内水氾濫": "", "火山現象": "", "指定避難所との住所同一": "", "備考": "" }, "geometry": { "type": "Point", "coordinates": [ 145.724174, 43.349771 ] } },
{ "type": "Feature", "properties": { "fid": 716, "NO": "2041", "共通ID": "E0122300018201", "施設・場所名": "中澤牧場向かい", "住所": "北海道根室市歯舞3", "洪水": "", "崖崩れ、土石流及び地滑り": "1", "高潮": "1", "地震": "1", "津波": "1", "大規模な火事": "", "内水氾濫": "", "火山現象": "", "指定避難所との住所同一": "", "備考": "" }, "geometry": { "type": "Point", "coordinates": [ 145.747666, 43.349753 ] } },
{ "type": "Feature", "properties": { "fid": 717, "NO": "2042", "共通ID": "E0122300019201", "施設・場所名": "法泉寺駐車場", "住所": "北海道根室市歯舞3-150", "洪水": "", "崖崩れ、土石流及び地滑り": "1", "高潮": "1", "地震": "1", "津波": "1", "大規模な火事": "", "内水氾濫": "", "火山現象": "", "指定避難所との住所同一": "", "備考": "" }, "geometry": { "type": "Point", "coordinates": [ 145.768165, 43.350266 ] } },
{ "type": "Feature", "properties": { "fid": 718, "NO": "2043", "共通ID": "E0122300020201", "施設・場所名": "歯舞学園３階", "住所": "北海道根室市歯舞3-178", "洪水": "", "崖崩れ、土石流及び地滑り": "", "高潮": "", "地震": "", "津波": "1", "大規模な火事": "", "内水氾濫": "", "火山現象": "", "指定避難所との住所同一": "", "備考": "" }, "geometry": { "type": "Point", "coordinates": [ 145.750608, 43.346047 ] } },
{ "type": "Feature", "properties": { "fid": 719, "NO": "2045", "共通ID": "E0122300022201", "施設・場所名": "初田牛会館駐車場", "住所": "北海道根室市初田牛511", "洪水": "", "崖崩れ、土石流及び地滑り": "1", "高潮": "1", "地震": "1", "津波": "1", "大規模な火事": "", "内水氾濫": "", "火山現象": "", "指定避難所との住所同一": "", "備考": "" }, "geometry": { "type": "Point", "coordinates": [ 145.324355, 43.205901 ] } },
{ "type": "Feature", "properties": { "fid": 720, "NO": "2046", "共通ID": "E0122300023201", "施設・場所名": "総合文化会館駐車場", "住所": "北海道根室市曙町1-40", "洪水": "", "崖崩れ、土石流及び地滑り": "1", "高潮": "1", "地震": "1", "津波": "1", "大規模な火事": "", "内水氾濫": "", "火山現象": "", "指定避難所との住所同一": "1", "備考": "" }, "geometry": { "type": "Point", "coordinates": [ 145.591577, 43.331872 ] } },
{ "type": "Feature", "properties": { "fid": 721, "NO": "2047", "共通ID": "E0122300024201", "施設・場所名": "昭和公園", "住所": "北海道根室市昭和町2-115", "洪水": "", "崖崩れ、土石流及び地滑り": "1", "高潮": "1", "地震": "1", "津波": "1", "大規模な火事": "", "内水氾濫": "", "火山現象": "", "指定避難所との住所同一": "1", "備考": "" }, "geometry": { "type": "Point", "coordinates": [ 145.593164, 43.323221 ] } },
{ "type": "Feature", "properties": { "fid": 722, "NO": "2048", "共通ID": "E0122300025201", "施設・場所名": "まつもと保育所駐車場", "住所": "北海道根室市松本町1-14-2", "洪水": "", "崖崩れ、土石流及び地滑り": "1", "高潮": "1", "地震": "1", "津波": "1", "大規模な火事": "", "内水氾濫": "", "火山現象": "", "指定避難所との住所同一": "", "備考": "" }, "geometry": { "type": "Point", "coordinates": [ 145.573697, 43.327486 ] } },
{ "type": "Feature", "properties": { "fid": 723, "NO": "2049", "共通ID": "E0122300062201", "施設・場所名": "根室市役所", "住所": "北海道根室市常盤町2-27", "洪水": "", "崖崩れ、土石流及び地滑り": "1", "高潮": "1", "地震": "1", "津波": "1", "大規模な火事": "", "内水氾濫": "", "火山現象": "", "指定避難所との住所同一": "", "備考": "" }, "geometry": { "type": "Point", "coordinates": [ 145.58313, 43.329849 ] } },
{ "type": "Feature", "properties": { "fid": 724, "NO": "2050", "共通ID": "E0122300026201", "施設・場所名": "ときわ台公園", "住所": "北海道根室市清隆町", "洪水": "", "崖崩れ、土石流及び地滑り": "1", "高潮": "1", "地震": "1", "津波": "1", "大規模な火事": "", "内水氾濫": "", "火山現象": "", "指定避難所との住所同一": "", "備考": "" }, "geometry": { "type": "Point", "coordinates": [ 145.581407, 43.329681 ] } },
{ "type": "Feature", "properties": { "fid": 725, "NO": "2051", "共通ID": "E0122300027201", "施設・場所名": "柏陵中学校グラウンド", "住所": "北海道根室市西浜町4-1", "洪水": "", "崖崩れ、土石流及び地滑り": "1", "高潮": "1", "地震": "1", "津波": "1", "大規模な火事": "", "内水氾濫": "", "火山現象": "", "指定避難所との住所同一": "1", "備考": "" }, "geometry": { "type": "Point", "coordinates": [ 145.568161, 43.318157 ] } },
{ "type": "Feature", "properties": { "fid": 726, "NO": "2052", "共通ID": "E0122300028201", "施設・場所名": "第二老人福祉センター駐車場", "住所": "北海道根室市西浜町4-46", "洪水": "", "崖崩れ、土石流及び地滑り": "1", "高潮": "1", "地震": "1", "津波": "1", "大規模な火事": "", "内水氾濫": "", "火山現象": "", "指定避難所との住所同一": "", "備考": "" }, "geometry": { "type": "Point", "coordinates": [ 145.563392, 43.317138 ] } },
{ "type": "Feature", "properties": { "fid": 727, "NO": "2053", "共通ID": "E0122300030201", "施設・場所名": "青果市場駐車場", "住所": "北海道根室市西浜町7-137", "洪水": "", "崖崩れ、土石流及び地滑り": "1", "高潮": "1", "地震": "1", "津波": "1", "大規模な火事": "", "内水氾濫": "", "火山現象": "", "指定避難所との住所同一": "", "備考": "" }, "geometry": { "type": "Point", "coordinates": [ 145.568051, 43.323133 ] } },
{ "type": "Feature", "properties": { "fid": 728, "NO": "2054", "共通ID": "E0122300031201", "施設・場所名": "海星学校グラウンド", "住所": "北海道根室市西和田219", "洪水": "", "崖崩れ、土石流及び地滑り": "1", "高潮": "1", "地震": "1", "津波": "1", "大規模な火事": "", "内水氾濫": "", "火山現象": "", "指定避難所との住所同一": "1", "備考": "" }, "geometry": { "type": "Point", "coordinates": [ 145.518583, 43.279725 ] } },
{ "type": "Feature", "properties": { "fid": 729, "NO": "2055", "共通ID": "E0122300032201", "施設・場所名": "西和田会館前", "住所": "北海道根室市西和田789", "洪水": "", "崖崩れ、土石流及び地滑り": "1", "高潮": "1", "地震": "1", "津波": "1", "大規模な火事": "", "内水氾濫": "", "火山現象": "", "指定避難所との住所同一": "", "備考": "" }, "geometry": { "type": "Point", "coordinates": [ 145.540433, 43.26736 ] } },
{ "type": "Feature", "properties": { "fid": 730, "NO": "2056", "共通ID": "E0122300033201", "施設・場所名": "吉田牧場", "住所": "北海道根室市双沖1-222", "洪水": "", "崖崩れ、土石流及び地滑り": "1", "高潮": "1", "地震": "1", "津波": "1", "大規模な火事": "", "内水氾濫": "", "火山現象": "", "指定避難所との住所同一": "", "備考": "" }, "geometry": { "type": "Point", "coordinates": [ 145.69107, 43.342893 ] } },
{ "type": "Feature", "properties": { "fid": 731, "NO": "2057", "共通ID": "E0122300034201", "施設・場所名": "鳴海公園", "住所": "北海道根室市朝日町", "洪水": "", "崖崩れ、土石流及び地滑り": "1", "高潮": "1", "地震": "1", "津波": "1", "大規模な火事": "", "内水氾濫": "", "火山現象": "", "指定避難所との住所同一": "", "備考": "" }, "geometry": { "type": "Point", "coordinates": [ 145.585057, 43.336013 ] } },
{ "type": "Feature", "properties": { "fid": 732, "NO": "2058", "共通ID": "E0122300035201", "施設・場所名": "個人干場（小林）", "住所": "北海道根室市長節116", "洪水": "", "崖崩れ、土石流及び地滑り": "", "高潮": "1", "地震": "1", "津波": "1", "大規模な火事": "", "内水氾濫": "", "火山現象": "", "指定避難所との住所同一": "", "備考": "" }, "geometry": { "type": "Point", "coordinates": [ 145.548267, 43.25494 ] } },
{ "type": "Feature", "properties": { "fid": 733, "NO": "2059", "共通ID": "E0122300037201", "施設・場所名": "東梅会館前", "住所": "北海道根室市東梅213", "洪水": "", "崖崩れ、土石流及び地滑り": "1", "高潮": "1", "地震": "1", "津波": "1", "大規模な火事": "", "内水氾濫": "", "火山現象": "", "指定避難所との住所同一": "", "備考": "" }, "geometry": { "type": "Point", "coordinates": [ 145.478387, 43.269345 ] } },
{ "type": "Feature", "properties": { "fid": 734, "NO": "2060", "共通ID": "E0122300038201", "施設・場所名": "根室市農業会館駐車場", "住所": "北海道根室市東和田724-5", "洪水": "", "崖崩れ、土石流及び地滑り": "1", "高潮": "1", "地震": "1", "津波": "1", "大規模な火事": "", "内水氾濫": "", "火山現象": "", "指定避難所との住所同一": "", "備考": "" }, "geometry": { "type": "Point", "coordinates": [ 145.554366, 43.288085 ] } },
{ "type": "Feature", "properties": { "fid": 735, "NO": "2062", "共通ID": "E0122300040201", "施設・場所名": "個人干場（東后）", "住所": "北海道根室市浜松", "洪水": "", "崖崩れ、土石流及び地滑り": "", "高潮": "1", "地震": "1", "津波": "1", "大規模な火事": "", "内水氾濫": "", "火山現象": "", "指定避難所との住所同一": "", "備考": "" }, "geometry": { "type": "Point", "coordinates": [ 145.525323, 43.203091 ] } },
{ "type": "Feature", "properties": { "fid": 736, "NO": "2063", "共通ID": "E0122300041201", "施設・場所名": "旧柏陵中学校グラウンド", "住所": "北海道根室市敷島町1-10", "洪水": "", "崖崩れ、土石流及び地滑り": "", "高潮": "1", "地震": "1", "津波": "1", "大規模な火事": "", "内水氾濫": "", "火山現象": "", "指定避難所との住所同一": "", "備考": "" }, "geometry": { "type": "Point", "coordinates": [ 145.57531, 43.323855 ] } },
{ "type": "Feature", "properties": { "fid": 737, "NO": "2064", "共通ID": "E0122300042201", "施設・場所名": "別当賀夢原館グラウンド", "住所": "北海道根室市別当賀253", "洪水": "", "崖崩れ、土石流及び地滑り": "1", "高潮": "1", "地震": "1", "津波": "1", "大規模な火事": "", "内水氾濫": "", "火山現象": "", "指定避難所との住所同一": "1", "備考": "" }, "geometry": { "type": "Point", "coordinates": [ 145.425495, 43.219502 ] } },
{ "type": "Feature", "properties": { "fid": 738, "NO": "2065", "共通ID": "E0122300044201", "施設・場所名": "豊里会館前", "住所": "北海道根室市豊里15", "洪水": "", "崖崩れ、土石流及び地滑り": "1", "高潮": "1", "地震": "1", "津波": "1", "大規模な火事": "", "内水氾濫": "", "火山現象": "", "指定避難所との住所同一": "", "備考": "" }, "geometry": { "type": "Point", "coordinates": [ 145.718709, 43.381504 ] } },
{ "type": "Feature", "properties": { "fid": 739, "NO": "2066", "共通ID": "E0122300045201", "施設・場所名": "北斗小学校グラウンド", "住所": "北海道根室市北斗町3-5", "洪水": "", "崖崩れ、土石流及び地滑り": "1", "高潮": "1", "地震": "1", "津波": "1", "大規模な火事": "", "内水氾濫": "", "火山現象": "", "指定避難所との住所同一": "1", "備考": "" }, "geometry": { "type": "Point", "coordinates": [ 145.579186, 43.328529 ] } },
{ "type": "Feature", "properties": { "fid": 740, "NO": "2067", "共通ID": "E0122300046201", "施設・場所名": "明治公園", "住所": "北海道根室市牧の内", "洪水": "", "崖崩れ、土石流及び地滑り": "1", "高潮": "1", "地震": "1", "津波": "1", "大規模な火事": "", "内水氾濫": "", "火山現象": "", "指定避難所との住所同一": "", "備考": "" }, "geometry": { "type": "Point", "coordinates": [ 145.598691, 43.334687 ] } },
{ "type": "Feature", "properties": { "fid": 741, "NO": "2068", "共通ID": "E0122300047201", "施設・場所名": "根室高等学校グラウンド", "住所": "北海道根室市牧の内146", "洪水": "", "崖崩れ、土石流及び地滑り": "1", "高潮": "1", "地震": "1", "津波": "1", "大規模な火事": "", "内水氾濫": "", "火山現象": "", "指定避難所との住所同一": "1", "備考": "" }, "geometry": { "type": "Point", "coordinates": [ 145.606497, 43.331085 ] } },
{ "type": "Feature", "properties": { "fid": 742, "NO": "2069", "共通ID": "E0122300048201", "施設・場所名": "青少年センター駐車場", "住所": "北海道根室市牧の内146-16", "洪水": "", "崖崩れ、土石流及び地滑り": "1", "高潮": "1", "地震": "1", "津波": "1", "大規模な火事": "", "内水氾濫": "", "火山現象": "", "指定避難所との住所同一": "", "備考": "" }, "geometry": { "type": "Point", "coordinates": [ 145.608085, 43.331752 ] } },
{ "type": "Feature", "properties": { "fid": 743, "NO": "2070", "共通ID": "E0122300050201", "施設・場所名": "図書館駐車場", "住所": "北海道根室市弥生町2-5", "洪水": "", "崖崩れ、土石流及び地滑り": "1", "高潮": "1", "地震": "1", "津波": "1", "大規模な火事": "", "内水氾濫": "", "火山現象": "", "指定避難所との住所同一": "", "備考": "" }, "geometry": { "type": "Point", "coordinates": [ 145.578346, 43.331374 ] } },
{ "type": "Feature", "properties": { "fid": 744, "NO": "2071", "共通ID": "E0122300051201", "施設・場所名": "根室ゴルフ場駐車場", "住所": "北海道根室市友知93", "洪水": "", "崖崩れ、土石流及び地滑り": "1", "高潮": "1", "地震": "1", "津波": "1", "大規模な火事": "", "内水氾濫": "", "火山現象": "", "指定避難所との住所同一": "", "備考": "" }, "geometry": { "type": "Point", "coordinates": [ 145.669428, 43.328822 ] } },
{ "type": "Feature", "properties": { "fid": 745, "NO": "2072", "共通ID": "E0122300053201", "施設・場所名": "落石灯台高台", "住所": "北海道根室市落石西", "洪水": "", "崖崩れ、土石流及び地滑り": "", "高潮": "1", "地震": "1", "津波": "1", "大規模な火事": "", "内水氾濫": "", "火山現象": "", "指定避難所との住所同一": "", "備考": "" }, "geometry": { "type": "Point", "coordinates": [ 145.50591, 43.174101 ] } },
{ "type": "Feature", "properties": { "fid": 746, "NO": "2073", "共通ID": "E0122300054201", "施設・場所名": "落石会館（ふるさと館）駐車場", "住所": "北海道根室市落石東133-3", "洪水": "", "崖崩れ、土石流及び地滑り": "1", "高潮": "1", "地震": "1", "津波": "1", "大規模な火事": "", "内水氾濫": "", "火山現象": "", "指定避難所との住所同一": "1", "備考": "" }, "geometry": { "type": "Point", "coordinates": [ 145.521143, 43.196488 ] } },
{ "type": "Feature", "properties": { "fid": 747, "NO": "2074", "共通ID": "E0122300055201", "施設・場所名": "おちいし義務教育学校グラウンド", "住所": "北海道根室市落石東135-2", "洪水": "", "崖崩れ、土石流及び地滑り": "1", "高潮": "1", "地震": "1", "津波": "1", "大規模な火事": "", "内水氾濫": "", "火山現象": "", "指定避難所との住所同一": "1", "備考": "" }, "geometry": { "type": "Point", "coordinates": [ 145.521555, 43.195359 ] } },
{ "type": "Feature", "properties": { "fid": 748, "NO": "2075", "共通ID": "E0122300056201", "施設・場所名": "旧落石中学校グラウンド", "住所": "北海道根室市落石東180", "洪水": "", "崖崩れ、土石流及び地滑り": "1", "高潮": "1", "地震": "1", "津波": "1", "大規模な火事": "", "内水氾濫": "", "火山現象": "", "指定避難所との住所同一": "", "備考": "" }, "geometry": { "type": "Point", "coordinates": [ 145.519526, 43.193046 ] } },
{ "type": "Feature", "properties": { "fid": 749, "NO": "2076", "共通ID": "E0122300057201", "施設・場所名": "旧珸瑤瑁小学校屋上", "住所": "北海道根室市珸瑤琩1-122", "洪水": "", "崖崩れ、土石流及び地滑り": "", "高潮": "", "地震": "", "津波": "1", "大規模な火事": "", "内水氾濫": "", "火山現象": "", "指定避難所との住所同一": "", "備考": "" }, "geometry": { "type": "Point", "coordinates": [ 145.801012, 43.367499 ] } },
{ "type": "Feature", "properties": { "fid": 1247, "NO": "3695", "共通ID": "E0166800078201", "施設・場所名": "西庶路地区津波避難タワー", "住所": "北海道西庶路西１条南3-4-17", "洪水": "", "崖崩れ、土石流及び地滑り": "", "高潮": "", "地震": "", "津波": "1", "大規模な火事": "", "内水氾濫": "", "火山現象": "", "指定避難所との住所同一": "", "備考": "" }, "geometry": { "type": "Point", "coordinates": [ 144.129591, 42.973531 ] } },
{ "type": "Feature", "properties": { "fid": 1794, "NO": "5261", "共通ID": "E0166800002201", "施設・場所名": "西庶路裏山", "住所": "北海道白糠町チプタナイ3-4", "洪水": "", "崖崩れ、土石流及び地滑り": "", "高潮": "", "地震": "1", "津波": "1", "大規模な火事": "1", "内水氾濫": "", "火山現象": "", "指定避難所との住所同一": "", "備考": "" }, "geometry": { "type": "Point", "coordinates": [ 144.120642, 42.976827 ] } },
{ "type": "Feature", "properties": { "fid": 1795, "NO": "5262", "共通ID": "E0166800003202", "施設・場所名": "茶路小中学校", "住所": "北海道白糠町マカヨ1-1", "洪水": "1", "崖崩れ、土石流及び地滑り": "1", "高潮": "1", "地震": "1", "津波": "1", "大規模な火事": "", "内水氾濫": "1", "火山現象": "1", "指定避難所との住所同一": "1", "備考": "" }, "geometry": { "type": "Point", "coordinates": [ 144.023191, 43.02503 ] } },
{ "type": "Feature", "properties": { "fid": 1796, "NO": "5265", "共通ID": "E0166800005201", "施設・場所名": "刺牛裏山", "住所": "北海道白糠町刺牛3-4-6", "洪水": "", "崖崩れ、土石流及び地滑り": "", "高潮": "", "地震": "1", "津波": "1", "大規模な火事": "1", "内水氾濫": "", "火山現象": "", "指定避難所との住所同一": "", "備考": "" }, "geometry": { "type": "Point", "coordinates": [ 144.106269, 42.96175 ] } },
{ "type": "Feature", "properties": { "fid": 1797, "NO": "5267", "共通ID": "E0166800007201", "施設・場所名": "庶路共同墓地", "住所": "北海道白糠町庶路31-2", "洪水": "", "崖崩れ、土石流及び地滑り": "", "高潮": "", "地震": "1", "津波": "1", "大規模な火事": "1", "内水氾濫": "", "火山現象": "", "指定避難所との住所同一": "", "備考": "" }, "geometry": { "type": "Point", "coordinates": [ 144.140376, 42.998515 ] } },
{ "type": "Feature", "properties": { "fid": 1798, "NO": "5268", "共通ID": "E0166800008201", "施設・場所名": "上庶路生活改善センター", "住所": "北海道白糠町庶路基線184-29", "洪水": "1", "崖崩れ、土石流及び地滑り": "1", "高潮": "1", "地震": "", "津波": "1", "大規模な火事": "", "内水氾濫": "1", "火山現象": "1", "指定避難所との住所同一": "1", "備考": "" }, "geometry": { "type": "Point", "coordinates": [ 144.040189, 43.105806 ] } },
{ "type": "Feature", "properties": { "fid": 1799, "NO": "5269", "共通ID": "E0166800009201", "施設・場所名": "中庶路集会所広場", "住所": "北海道白糠町庶路基線72-4", "洪水": "", "崖崩れ、土石流及び地滑り": "", "高潮": "", "地震": "1", "津波": "1", "大規模な火事": "1", "内水氾濫": "", "火山現象": "", "指定避難所との住所同一": "1", "備考": "" }, "geometry": { "type": "Point", "coordinates": [ 144.097934, 43.028433 ] } },
{ "type": "Feature", "properties": { "fid": 1800, "NO": "5270", "共通ID": "E0166800009202", "施設・場所名": "中庶路集会所", "住所": "北海道白糠町庶路基線72-4", "洪水": "1", "崖崩れ、土石流及び地滑り": "1", "高潮": "1", "地震": "", "津波": "1", "大規模な火事": "", "内水氾濫": "1", "火山現象": "1", "指定避難所との住所同一": "1", "備考": "" }, "geometry": { "type": "Point", "coordinates": [ 144.097745, 43.028824 ] } },
{ "type": "Feature", "properties": { "fid": 1801, "NO": "5273", "共通ID": "E0166800012201", "施設・場所名": "宮下裏山", "住所": "北海道白糠町庶路宮下5-3-1", "洪水": "", "崖崩れ、土石流及び地滑り": "", "高潮": "", "地震": "1", "津波": "1", "大規模な火事": "1", "内水氾濫": "", "火山現象": "", "指定避難所との住所同一": "", "備考": "" }, "geometry": { "type": "Point", "coordinates": [ 144.149049, 42.988843 ] } },
{ "type": "Feature", "properties": { "fid": 1802, "NO": "5275", "共通ID": "E0166800014201", "施設・場所名": "上茶路集会所", "住所": "北海道白糠町上茶路68-11", "洪水": "1", "崖崩れ、土石流及び地滑り": "1", "高潮": "1", "地震": "1", "津波": "1", "大規模な火事": "", "内水氾濫": "", "火山現象": "1", "指定避難所との住所同一": "1", "備考": "" }, "geometry": { "type": "Point", "coordinates": [ 143.903395, 43.099604 ] } },
{ "type": "Feature", "properties": { "fid": 1803, "NO": "5277", "共通ID": "E0166800016201", "施設・場所名": "旧上茶路小中学校グランド", "住所": "北海道白糠町上茶路基線68", "洪水": "", "崖崩れ、土石流及び地滑り": "", "高潮": "", "地震": "1", "津波": "1", "大規模な火事": "1", "内水氾濫": "", "火山現象": "", "指定避難所との住所同一": "", "備考": "" }, "geometry": { "type": "Point", "coordinates": [ 143.903987, 43.100145 ] } },
{ "type": "Feature", "properties": { "fid": 1804, "NO": "5278", "共通ID": "E0166800073201", "施設・場所名": "白糠町役場庁舎屋上", "住所": "北海道白糠町西１条南1-1-1", "洪水": "", "崖崩れ、土石流及び地滑り": "", "高潮": "", "地震": "", "津波": "1", "大規模な火事": "", "内水氾濫": "", "火山現象": "", "指定避難所との住所同一": "", "備考": "" }, "geometry": { "type": "Point", "coordinates": [ 144.071782, 42.956148 ] } },
{ "type": "Feature", "properties": { "fid": 1805, "NO": "5279", "共通ID": "E0166800076201", "施設・場所名": "白糠消防庁舎", "住所": "北海道白糠町西１条北4-2-1", "洪水": "", "崖崩れ、土石流及び地滑り": "", "高潮": "", "地震": "", "津波": "1", "大規模な火事": "", "内水氾濫": "", "火山現象": "", "指定避難所との住所同一": "", "備考": "" }, "geometry": { "type": "Point", "coordinates": [ 144.072451, 42.961181 ] } },
{ "type": "Feature", "properties": { "fid": 1806, "NO": "5280", "共通ID": "E0166800077201", "施設・場所名": "白糠地区津波避難タワー", "住所": "北海道白糠町西２条南3-1-10", "洪水": "", "崖崩れ、土石流及び地滑り": "", "高潮": "", "地震": "", "津波": "1", "大規模な火事": "", "内水氾濫": "", "火山現象": "", "指定避難所との住所同一": "", "備考": "" }, "geometry": { "type": "Point", "coordinates": [ 144.069187, 42.953643 ] } },
{ "type": "Feature", "properties": { "fid": 1807, "NO": "5287", "共通ID": "E0166800022201", "施設・場所名": "白糠学園裏山", "住所": "北海道白糠町西五条北2-2-2", "洪水": "", "崖崩れ、土石流及び地滑り": "", "高潮": "", "地震": "1", "津波": "1", "大規模な火事": "1", "内水氾濫": "", "火山現象": "", "指定避難所との住所同一": "", "備考": "" }, "geometry": { "type": "Point", "coordinates": [ 144.054575, 42.957424 ] } },
{ "type": "Feature", "properties": { "fid": 1808, "NO": "5290", "共通ID": "E0166800023202", "施設・場所名": "庶路学園", "住所": "北海道白糠町西庶路学園通1-1", "洪水": "1", "崖崩れ、土石流及び地滑り": "1", "高潮": "1", "地震": "1", "津波": "1", "大規模な火事": "1", "内水氾濫": "1", "火山現象": "1", "指定避難所との住所同一": "1", "備考": "" }, "geometry": { "type": "Point", "coordinates": [ 144.120109, 42.981515 ] } },
{ "type": "Feature", "properties": { "fid": 1809, "NO": "5291", "共通ID": "E0166800023201", "施設・場所名": "庶路学園グランド", "住所": "北海道白糠町西庶路学園通1-1", "洪水": "1", "崖崩れ、土石流及び地滑り": "1", "高潮": "1", "地震": "1", "津波": "1", "大規模な火事": "1", "内水氾濫": "1", "火山現象": "1", "指定避難所との住所同一": "1", "備考": "" }, "geometry": { "type": "Point", "coordinates": [ 144.120559, 42.98255 ] } },
{ "type": "Feature", "properties": { "fid": 1810, "NO": "5302", "共通ID": "E0166800032201", "施設・場所名": "岬の森東山公園", "住所": "北海道白糠町石炭崎17-1", "洪水": "", "崖崩れ、土石流及び地滑り": "", "高潮": "", "地震": "1", "津波": "1", "大規模な火事": "1", "内水氾濫": "", "火山現象": "", "指定避難所との住所同一": "", "備考": "" }, "geometry": { "type": "Point", "coordinates": [ 144.084902, 42.957023 ] } },
{ "type": "Feature", "properties": { "fid": 1811, "NO": "5303", "共通ID": "E0166800032202", "施設・場所名": "白糠町上水道第１配水池", "住所": "北海道白糠町石炭崎17-1", "洪水": "", "崖崩れ、土石流及び地滑り": "", "高潮": "", "地震": "1", "津波": "1", "大規模な火事": "1", "内水氾濫": "", "火山現象": "", "指定避難所との住所同一": "", "備考": "" }, "geometry": { "type": "Point", "coordinates": [ 144.085141, 42.960023 ] } },
{ "type": "Feature", "properties": { "fid": 1812, "NO": "5304", "共通ID": "E0166800084201", "施設・場所名": "釧白工業団地第一工区（西側）津波指定避難場所", "住所": "北海道白糠町大楽毛31-1", "洪水": "", "崖崩れ、土石流及び地滑り": "", "高潮": "", "地震": "1", "津波": "1", "大規模な火事": "", "内水氾濫": "", "火山現象": "", "指定避難所との住所同一": "", "備考": "" }, "geometry": { "type": "Point", "coordinates": [ 144.213979, 43.007283 ] } },
{ "type": "Feature", "properties": { "fid": 1813, "NO": "5306", "共通ID": "E0166800033202", "施設・場所名": "縫別自然の家", "住所": "北海道白糠町茶路基線191-2", "洪水": "", "崖崩れ、土石流及び地滑り": "1", "高潮": "1", "地震": "1", "津波": "1", "大規模な火事": "", "内水氾濫": "", "火山現象": "1", "指定避難所との住所同一": "1", "備考": "" }, "geometry": { "type": "Point", "coordinates": [ 143.967799, 43.077833 ] } },
{ "type": "Feature", "properties": { "fid": 1814, "NO": "5308", "共通ID": "E0166800064201", "施設・場所名": "相互集会所", "住所": "北海道白糠町茶路基線59-3", "洪水": "1", "崖崩れ、土石流及び地滑り": "1", "高潮": "1", "地震": "", "津波": "1", "大規模な火事": "", "内水氾濫": "1", "火山現象": "1", "指定避難所との住所同一": "1", "備考": "" }, "geometry": { "type": "Point", "coordinates": [ 144.039646, 42.996295 ] } },
{ "type": "Feature", "properties": { "fid": 1815, "NO": "5318", "共通ID": "E0166800045201", "施設・場所名": "逍遥公園東側町有林", "住所": "北海道白糠町東三条北4-1-2", "洪水": "", "崖崩れ、土石流及び地滑り": "", "高潮": "", "地震": "1", "津波": "1", "大規模な火事": "1", "内水氾濫": "", "火山現象": "", "指定避難所との住所同一": "", "備考": "" }, "geometry": { "type": "Point", "coordinates": [ 144.081466, 42.963093 ] } },
{ "type": "Feature", "properties": { "fid": 1816, "NO": "5319", "共通ID": "E0166800046201", "施設・場所名": "茶路２号線", "住所": "北海道白糠町東三条北8-1-5", "洪水": "", "崖崩れ、土石流及び地滑り": "", "高潮": "", "地震": "1", "津波": "1", "大規模な火事": "1", "内水氾濫": "", "火山現象": "", "指定避難所との住所同一": "", "備考": "" }, "geometry": { "type": "Point", "coordinates": [ 144.07722, 42.968302 ] } },
{ "type": "Feature", "properties": { "fid": 1817, "NO": "5322", "共通ID": "E0166800047201", "施設・場所名": "厳島神社", "住所": "北海道白糠町泊49", "洪水": "", "崖崩れ、土石流及び地滑り": "", "高潮": "", "地震": "1", "津波": "1", "大規模な火事": "1", "内水氾濫": "", "火山現象": "", "指定避難所との住所同一": "", "備考": "" }, "geometry": { "type": "Point", "coordinates": [ 144.085044, 42.955009 ] } },
{ "type": "Feature", "properties": { "fid": 1818, "NO": "5323", "共通ID": "E0166800048201", "施設・場所名": "空港短絡線中腹", "住所": "北海道白糠町白糠町大楽毛34-16", "洪水": "", "崖崩れ、土石流及び地滑り": "", "高潮": "", "地震": "1", "津波": "1", "大規模な火事": "1", "内水氾濫": "", "火山現象": "", "指定避難所との住所同一": "", "備考": "" }, "geometry": { "type": "Point", "coordinates": [ 144.199951, 43.011284 ] } },
{ "type": "Feature", "properties": { "fid": 1819, "NO": "5324", "共通ID": "E0166800049201", "施設・場所名": "石炭岬裏山", "住所": "北海道白糠町岬3-1-28", "洪水": "", "崖崩れ、土石流及び地滑り": "", "高潮": "", "地震": "1", "津波": "1", "大規模な火事": "1", "内水氾濫": "", "火山現象": "", "指定避難所との住所同一": "", "備考": "" }, "geometry": { "type": "Point", "coordinates": [ 144.090876, 42.955535 ] } },
{ "type": "Feature", "properties": { "fid": 1820, "NO": "5327", "共通ID": "E0166800052201", "施設・場所名": "特別養護老人ホーム清和園", "住所": "北海道白糠町和天別100-1", "洪水": "1", "崖崩れ、土石流及び地滑り": "1", "高潮": "1", "地震": "1", "津波": "1", "大規模な火事": "1", "内水氾濫": "1", "火山現象": "1", "指定避難所との住所同一": "", "備考": "" }, "geometry": { "type": "Point", "coordinates": [ 144.048222, 42.962162 ] } },
{ "type": "Feature", "properties": { "fid": 1821, "NO": "5330", "共通ID": "E0166800054201", "施設・場所名": "坂の丘公園", "住所": "北海道白糠町和天別1852-5", "洪水": "", "崖崩れ、土石流及び地滑り": "", "高潮": "", "地震": "1", "津波": "1", "大規模な火事": "1", "内水氾濫": "", "火山現象": "", "指定避難所との住所同一": "", "備考": "" }, "geometry": { "type": "Point", "coordinates": [ 144.062373, 42.953536 ] } },
{ "type": "Feature", "properties": { "fid": 1822, "NO": "5331", "共通ID": "E0166800063201", "施設・場所名": "下和天別集会所", "住所": "北海道白糠町和天別232-3", "洪水": "1", "崖崩れ、土石流及び地滑り": "1", "高潮": "1", "地震": "", "津波": "1", "大規模な火事": "", "内水氾濫": "1", "火山現象": "1", "指定避難所との住所同一": "1", "備考": "" }, "geometry": { "type": "Point", "coordinates": [ 144.024801, 42.961436 ] } },
{ "type": "Feature", "properties": { "fid": 1823, "NO": "5332", "共通ID": "E0166800055201", "施設・場所名": "馬主来集会所", "住所": "北海道白糠町和天別287-4", "洪水": "1", "崖崩れ、土石流及び地滑り": "1", "高潮": "1", "地震": "1", "津波": "1", "大規模な火事": "", "内水氾濫": "1", "火山現象": "1", "指定避難所との住所同一": "1", "備考": "" }, "geometry": { "type": "Point", "coordinates": [ 144.017649, 42.939158 ] } },
{ "type": "Feature", "properties": { "fid": 1824, "NO": "5334", "共通ID": "E0166800057201", "施設・場所名": "和天別パイオニアセンター", "住所": "北海道白糠町和天別846-1", "洪水": "1", "崖崩れ、土石流及び地滑り": "1", "高潮": "1", "地震": "1", "津波": "1", "大規模な火事": "", "内水氾濫": "1", "火山現象": "1", "指定避難所との住所同一": "1", "備考": "" }, "geometry": { "type": "Point", "coordinates": [ 143.98606, 42.985845 ] } },
{ "type": "Feature", "properties": { "fid": 2096, "NO": "5898", "共通ID": "E0169300002201", "施設・場所名": "薫別川左岸高台", "住所": "北海道標津町字薫別10-1", "洪水": "1", "崖崩れ、土石流及び地滑り": "", "高潮": "", "地震": "", "津波": "1", "大規模な火事": "1", "内水氾濫": "1", "火山現象": "", "指定避難所との住所同一": "", "備考": "" }, "geometry": { "type": "Point", "coordinates": [ 145.057788, 43.796507 ] } },
{ "type": "Feature", "properties": { "fid": 2097, "NO": "5899", "共通ID": "E0169300004201", "施設・場所名": "浜古多糠高台", "住所": "北海道標津町字古多糠2020-1", "洪水": "1", "崖崩れ、土石流及び地滑り": "", "高潮": "1", "地震": "", "津波": "1", "大規模な火事": "1", "内水氾濫": "1", "火山現象": "", "指定避難所との住所同一": "", "備考": "" }, "geometry": { "type": "Point", "coordinates": [ 145.062095, 43.762578 ] } },
{ "type": "Feature", "properties": { "fid": 2098, "NO": "5900", "共通ID": "E0169300008201", "施設・場所名": "崎無異神社裏", "住所": "北海道標津町字崎無異187", "洪水": "1", "崖崩れ、土石流及び地滑り": "", "高潮": "1", "地震": "", "津波": "1", "大規模な火事": "1", "内水氾濫": "1", "火山現象": "", "指定避難所との住所同一": "", "備考": "" }, "geometry": { "type": "Point", "coordinates": [ 145.082762, 43.826189 ] } },
{ "type": "Feature", "properties": { "fid": 2099, "NO": "5901", "共通ID": "E0169300012201", "施設・場所名": "川北生涯学習センター（駐車場）", "住所": "北海道標津町字川北基線12-1", "洪水": "1", "崖崩れ、土石流及び地滑り": "", "高潮": "1", "地震": "", "津波": "1", "大規模な火事": "1", "内水氾濫": "1", "火山現象": "", "指定避難所との住所同一": "1", "備考": "" }, "geometry": { "type": "Point", "coordinates": [ 145.02488, 43.659143 ] } },
{ "type": "Feature", "properties": { "fid": 2100, "NO": "5902", "共通ID": "E0169300016201", "施設・場所名": "茶志骨神社", "住所": "北海道標津町字茶志骨521-1", "洪水": "1", "崖崩れ、土石流及び地滑り": "", "高潮": "1", "地震": "", "津波": "1", "大規模な火事": "1", "内水氾濫": "1", "火山現象": "", "指定避難所との住所同一": "", "備考": "" }, "geometry": { "type": "Point", "coordinates": [ 145.163799, 43.636755 ] } },
{ "type": "Feature", "properties": { "fid": 2101, "NO": "5903", "共通ID": "E0169300021201", "施設・場所名": "忠類避難所", "住所": "北海道標津町字忠類70-5", "洪水": "1", "崖崩れ、土石流及び地滑り": "", "高潮": "1", "地震": "", "津波": "1", "大規模な火事": "1", "内水氾濫": "1", "火山現象": "", "指定避難所との住所同一": "", "備考": "" }, "geometry": { "type": "Point", "coordinates": [ 145.093329, 43.721188 ] } },
{ "type": "Feature", "properties": { "fid": 2102, "NO": "5904", "共通ID": "E0169300044201", "施設・場所名": "ベキシリ山", "住所": "北海道標津町南２条西5-2-2", "洪水": "1", "崖崩れ、土石流及び地滑り": "", "高潮": "1", "地震": "", "津波": "1", "大規模な火事": "1", "内水氾濫": "1", "火山現象": "", "指定避難所との住所同一": "1", "備考": "" }, "geometry": { "type": "Point", "coordinates": [ 145.125002, 43.653253 ] } },
{ "type": "Feature", "properties": { "fid": 2103, "NO": "5907", "共通ID": "E0166300022201", "施設・場所名": "丸山散布津波避難高台", "住所": "北海道浜中町丸山散布1-126", "洪水": "", "崖崩れ、土石流及び地滑り": "", "高潮": "", "地震": "", "津波": "1", "大規模な火事": "", "内水氾濫": "", "火山現象": "", "指定避難所との住所同一": "", "備考": "" }, "geometry": { "type": "Point", "coordinates": [ 145.017227, 43.033043 ] } },
{ "type": "Feature", "properties": { "fid": 2104, "NO": "5908", "共通ID": "E0166300001201", "施設・場所名": "榊町憩いの広場", "住所": "北海道浜中町後静193", "洪水": "1", "崖崩れ、土石流及び地滑り": "", "高潮": "1", "地震": "", "津波": "1", "大規模な火事": "1", "内水氾濫": "", "火山現象": "", "指定避難所との住所同一": "", "備考": "" }, "geometry": { "type": "Point", "coordinates": [ 145.112314, 43.12949 ] } },
{ "type": "Feature", "properties": { "fid": 2105, "NO": "5909", "共通ID": "E0166300002201", "施設・場所名": "姉別農村環境改善センター", "住所": "北海道浜中町姉別3-41-1", "洪水": "1", "崖崩れ、土石流及び地滑り": "1", "高潮": "1", "地震": "1", "津波": "1", "大規模な火事": "1", "内水氾濫": "", "火山現象": "", "指定避難所との住所同一": "1", "備考": "" }, "geometry": { "type": "Point", "coordinates": [ 145.191342, 43.198602 ] } },
{ "type": "Feature", "properties": { "fid": 2106, "NO": "5910", "共通ID": "E0166300023201", "施設・場所名": "霧多布高等学校", "住所": "北海道浜中町新川東2-41", "洪水": "", "崖崩れ、土石流及び地滑り": "", "高潮": "", "地震": "", "津波": "1", "大規模な火事": "", "内水氾濫": "", "火山現象": "", "指定避難所との住所同一": "", "備考": "" }, "geometry": { "type": "Point", "coordinates": [ 145.106918, 43.083481 ] } },
{ "type": "Feature", "properties": { "fid": 2107, "NO": "5911", "共通ID": "E0166300003201", "施設・場所名": "藻散布防災コンテナ", "住所": "北海道浜中町藻散布3", "洪水": "1", "崖崩れ、土石流及び地滑り": "", "高潮": "1", "地震": "", "津波": "1", "大規模な火事": "1", "内水氾濫": "", "火山現象": "", "指定避難所との住所同一": "", "備考": "" }, "geometry": { "type": "Point", "coordinates": [ 145.021455, 43.026518 ] } },
{ "type": "Feature", "properties": { "fid": 2108, "NO": "5912", "共通ID": "E0166300004201", "施設・場所名": "旧森林公園", "住所": "北海道浜中町大津屋沢51", "洪水": "1", "崖崩れ、土石流及び地滑り": "", "高潮": "1", "地震": "", "津波": "1", "大規模な火事": "1", "内水氾濫": "", "火山現象": "", "指定避難所との住所同一": "", "備考": "" }, "geometry": { "type": "Point", "coordinates": [ 145.111838, 43.12681 ] } },
{ "type": "Feature", "properties": { "fid": 2109, "NO": "5913", "共通ID": "E0166300005201", "施設・場所名": "農業者トレーニングセンター", "住所": "北海道浜中町茶内橋北東33", "洪水": "1", "崖崩れ、土石流及び地滑り": "1", "高潮": "1", "地震": "1", "津波": "1", "大規模な火事": "1", "内水氾濫": "", "火山現象": "", "指定避難所との住所同一": "1", "備考": "" }, "geometry": { "type": "Point", "coordinates": [ 145.021264, 43.134907 ] } },
{ "type": "Feature", "properties": { "fid": 2110, "NO": "5914", "共通ID": "E0166300006201", "施設・場所名": "茶内コミュニティセンター", "住所": "北海道浜中町茶内若葉1-10", "洪水": "1", "崖崩れ、土石流及び地滑り": "1", "高潮": "1", "地震": "1", "津波": "1", "大規模な火事": "1", "内水氾濫": "", "火山現象": "", "指定避難所との住所同一": "1", "備考": "" }, "geometry": { "type": "Point", "coordinates": [ 145.029439, 43.134443 ] } },
{ "type": "Feature", "properties": { "fid": 2111, "NO": "5915", "共通ID": "E0166300007201", "施設・場所名": "前田宅側坂上", "住所": "北海道浜中町渡散布160", "洪水": "1", "崖崩れ、土石流及び地滑り": "", "高潮": "1", "地震": "", "津波": "1", "大規模な火事": "1", "内水氾濫": "", "火山現象": "", "指定避難所との住所同一": "", "備考": "" }, "geometry": { "type": "Point", "coordinates": [ 145.057933, 43.039996 ] } },
{ "type": "Feature", "properties": { "fid": 2112, "NO": "5916", "共通ID": "E0166300008201", "施設・場所名": "渡散布防災コンテナ", "住所": "北海道浜中町渡散布221", "洪水": "1", "崖崩れ、土石流及び地滑り": "", "高潮": "1", "地震": "", "津波": "1", "大規模な火事": "1", "内水氾濫": "", "火山現象": "", "指定避難所との住所同一": "", "備考": "" }, "geometry": { "type": "Point", "coordinates": [ 145.04898, 43.033997 ] } },
{ "type": "Feature", "properties": { "fid": 2113, "NO": "5917", "共通ID": "E0166300009201", "施設・場所名": "湯沸下海岸高台", "住所": "北海道浜中町湯沸195", "洪水": "1", "崖崩れ、土石流及び地滑り": "", "高潮": "1", "地震": "", "津波": "1", "大規模な火事": "1", "内水氾濫": "", "火山現象": "", "指定避難所との住所同一": "", "備考": "" }, "geometry": { "type": "Point", "coordinates": [ 145.151698, 43.079336 ] } },
{ "type": "Feature", "properties": { "fid": 2114, "NO": "5918", "共通ID": "E0166300010201", "施設・場所名": "ふれあい交流・保養センター", "住所": "北海道浜中町湯沸432", "洪水": "1", "崖崩れ、土石流及び地滑り": "1", "高潮": "1", "地震": "1", "津波": "1", "大規模な火事": "1", "内水氾濫": "", "火山現象": "", "指定避難所との住所同一": "1", "備考": "" }, "geometry": { "type": "Point", "coordinates": [ 145.133731, 43.076839 ] } },
{ "type": "Feature", "properties": { "fid": 2115, "NO": "5919", "共通ID": "E0166300011201", "施設・場所名": "浜中町役場本庁舎", "住所": "北海道浜中町湯沸445", "洪水": "1", "崖崩れ、土石流及び地滑り": "1", "高潮": "1", "地震": "1", "津波": "1", "大規模な火事": "1", "内水氾濫": "", "火山現象": "", "指定避難所との住所同一": "1", "備考": "" }, "geometry": { "type": "Point", "coordinates": [ 145.131159, 43.075916 ] } },
{ "type": "Feature", "properties": { "fid": 2116, "NO": "5920", "共通ID": "E0166300012201", "施設・場所名": "霧多布岬", "住所": "北海道浜中町湯沸5", "洪水": "1", "崖崩れ、土石流及び地滑り": "", "高潮": "1", "地震": "", "津波": "1", "大規模な火事": "1", "内水氾濫": "", "火山現象": "", "指定避難所との住所同一": "", "備考": "" }, "geometry": { "type": "Point", "coordinates": [ 145.161005, 43.082431 ] } },
{ "type": "Feature", "properties": { "fid": 2117, "NO": "5921", "共通ID": "E0166300013201", "施設・場所名": "アゼチの岬", "住所": "北海道浜中町湯沸506", "洪水": "1", "崖崩れ、土石流及び地滑り": "", "高潮": "1", "地震": "", "津波": "1", "大規模な火事": "1", "内水氾濫": "", "火山現象": "", "指定避難所との住所同一": "", "備考": "" }, "geometry": { "type": "Point", "coordinates": [ 145.129264, 43.068999 ] } },
{ "type": "Feature", "properties": { "fid": 2118, "NO": "5922", "共通ID": "E0166300015201", "施設・場所名": "藻散布厚岸方面高台", "住所": "北海道浜中町道有林20", "洪水": "1", "崖崩れ、土石流及び地滑り": "", "高潮": "1", "地震": "", "津波": "1", "大規模な火事": "1", "内水氾濫": "", "火山現象": "", "指定避難所との住所同一": "", "備考": "" }, "geometry": { "type": "Point", "coordinates": [ 145.016883, 43.016813 ] } },
{ "type": "Feature", "properties": { "fid": 2119, "NO": "5923", "共通ID": "E0166300016201", "施設・場所名": "火散布防災コンテナ", "住所": "北海道浜中町道有林8", "洪水": "1", "崖崩れ、土石流及び地滑り": "", "高潮": "1", "地震": "", "津波": "1", "大規模な火事": "1", "内水氾濫": "", "火山現象": "", "指定避難所との住所同一": "", "備考": "" }, "geometry": { "type": "Point", "coordinates": [ 145.030699, 43.0418 ] } },
{ "type": "Feature", "properties": { "fid": 2120, "NO": "5924", "共通ID": "E0166300016202", "施設・場所名": "養老散布坂上", "住所": "北海道浜中町道有林8", "洪水": "1", "崖崩れ、土石流及び地滑り": "", "高潮": "1", "地震": "", "津波": "1", "大規模な火事": "1", "内水氾濫": "", "火山現象": "", "指定避難所との住所同一": "", "備考": "" }, "geometry": { "type": "Point", "coordinates": [ 145.032665, 43.033049 ] } },
{ "type": "Feature", "properties": { "fid": 2121, "NO": "5925", "共通ID": "E0166300017201", "施設・場所名": "琵琶瀬展望台", "住所": "北海道浜中町琵琶瀬781", "洪水": "1", "崖崩れ、土石流及び地滑り": "", "高潮": "1", "地震": "", "津波": "1", "大規模な火事": "1", "内水氾濫": "", "火山現象": "", "指定避難所との住所同一": "", "備考": "" }, "geometry": { "type": "Point", "coordinates": [ 145.069311, 43.045356 ] } },
{ "type": "Feature", "properties": { "fid": 2122, "NO": "5926", "共通ID": "E0166300020201", "施設・場所名": "浜中農村環境改善センター", "住所": "北海道浜中町浜中桜東36", "洪水": "1", "崖崩れ、土石流及び地滑り": "1", "高潮": "1", "地震": "1", "津波": "1", "大規模な火事": "1", "内水氾濫": "", "火山現象": "", "指定避難所との住所同一": "1", "備考": "" }, "geometry": { "type": "Point", "coordinates": [ 145.104132, 43.156679 ] } },
{ "type": "Feature", "properties": { "fid": 2123, "NO": "5927", "共通ID": "E0166300021201", "施設・場所名": "中山間活性化施設ＭＯ－ＴＴＯかぜて", "住所": "北海道浜中町浜中東６線60", "洪水": "1", "崖崩れ、土石流及び地滑り": "1", "高潮": "1", "地震": "1", "津波": "1", "大規模な火事": "1", "内水氾濫": "", "火山現象": "", "指定避難所との住所同一": "1", "備考": "" }, "geometry": { "type": "Point", "coordinates": [ 145.103958, 43.149134 ] } },
{ "type": "Feature", "properties": { "fid": 2150, "NO": "6016", "共通ID": "E0169100001201", "施設・場所名": "水口宅裏町有林", "住所": "北海道別海町床丹4-1", "洪水": "", "崖崩れ、土石流及び地滑り": "", "高潮": "1", "地震": "", "津波": "1", "大規模な火事": "", "内水氾濫": "", "火山現象": "", "指定避難所との住所同一": "", "備考": "" }, "geometry": { "type": "Point", "coordinates": [ 145.258812, 43.456019 ] } },
{ "type": "Feature", "properties": { "fid": 2151, "NO": "6017", "共通ID": "E0169100002201", "施設・場所名": "床丹墓地", "住所": "北海道別海町床丹4-11", "洪水": "", "崖崩れ、土石流及び地滑り": "", "高潮": "1", "地震": "", "津波": "1", "大規模な火事": "", "内水氾濫": "", "火山現象": "", "指定避難所との住所同一": "", "備考": "" }, "geometry": { "type": "Point", "coordinates": [ 145.252246, 43.477635 ] } },
{ "type": "Feature", "properties": { "fid": 2152, "NO": "6018", "共通ID": "E0169100043201", "施設・場所名": "菅原宅周辺", "住所": "北海道別海町床丹4-147", "洪水": "", "崖崩れ、土石流及び地滑り": "", "高潮": "1", "地震": "", "津波": "1", "大規模な火事": "", "内水氾濫": "", "火山現象": "", "指定避難所との住所同一": "", "備考": "" }, "geometry": { "type": "Point", "coordinates": [ 145.253618, 43.474894 ] } },
{ "type": "Feature", "properties": { "fid": 2153, "NO": "6019", "共通ID": "E0169100004201", "施設・場所名": "床丹地域防災センター", "住所": "北海道別海町床丹4-46", "洪水": "1", "崖崩れ、土石流及び地滑り": "1", "高潮": "1", "地震": "", "津波": "1", "大規模な火事": "1", "内水氾濫": "", "火山現象": "", "指定避難所との住所同一": "1", "備考": "" }, "geometry": { "type": "Point", "coordinates": [ 145.255765, 43.467015 ] } },
{ "type": "Feature", "properties": { "fid": 2154, "NO": "6025", "共通ID": "E0169100019201", "施設・場所名": "走古丹地域防災センター", "住所": "北海道別海町走古丹1-44", "洪水": "", "崖崩れ、土石流及び地滑り": "1", "高潮": "1", "地震": "", "津波": "1", "大規模な火事": "", "内水氾濫": "1", "火山現象": "", "指定避難所との住所同一": "1", "備考": "" }, "geometry": { "type": "Point", "coordinates": [ 145.331594, 43.32368 ] } },
{ "type": "Feature", "properties": { "fid": 2155, "NO": "6028", "共通ID": "E0169100026201", "施設・場所名": "北方展望塔前駐車帯", "住所": "北海道別海町尾岱沼5-27", "洪水": "", "崖崩れ、土石流及び地滑り": "", "高潮": "1", "地震": "", "津波": "1", "大規模な火事": "", "内水氾濫": "", "火山現象": "", "指定避難所との住所同一": "", "備考": "その他（暴風雪）" }, "geometry": { "type": "Point", "coordinates": [ 145.236652, 43.53343 ] } },
{ "type": "Feature", "properties": { "fid": 2156, "NO": "6029", "共通ID": "E0169100028201", "施設・場所名": "尾岱沼地域センター", "住所": "北海道別海町尾岱沼潮見町213-1", "洪水": "1", "崖崩れ、土石流及び地滑り": "1", "高潮": "1", "地震": "", "津波": "1", "大規模な火事": "1", "内水氾濫": "", "火山現象": "", "指定避難所との住所同一": "1", "備考": "その他（暴風雪）" }, "geometry": { "type": "Point", "coordinates": [ 145.218637, 43.555876 ] } },
{ "type": "Feature", "properties": { "fid": 2157, "NO": "6030", "共通ID": "E0169100030201", "施設・場所名": "別海町東公民館", "住所": "北海道別海町尾岱沼潮見町72", "洪水": "", "崖崩れ、土石流及び地滑り": "1", "高潮": "1", "地震": "", "津波": "1", "大規模な火事": "", "内水氾濫": "", "火山現象": "", "指定避難所との住所同一": "1", "備考": "" }, "geometry": { "type": "Point", "coordinates": [ 145.217021, 43.569568 ] } },
{ "type": "Feature", "properties": { "fid": 2158, "NO": "6034", "共通ID": "E0169100040201", "施設・場所名": "本別海地域防災センター", "住所": "北海道別海町本別海2-155", "洪水": "1", "崖崩れ、土石流及び地滑り": "1", "高潮": "1", "地震": "", "津波": "1", "大規模な火事": "1", "内水氾濫": "", "火山現象": "", "指定避難所との住所同一": "1", "備考": "" }, "geometry": { "type": "Point", "coordinates": [ 145.285584, 43.385682 ] } },
{ "type": "Feature", "properties": { "fid": 2159, "NO": "6035", "共通ID": "E0169100044201", "施設・場所名": "野付半島避難施設", "住所": "北海道別海町野付100-1", "洪水": "", "崖崩れ、土石流及び地滑り": "", "高潮": "1", "地震": "", "津波": "1", "大規模な火事": "", "内水氾濫": "", "火山現象": "", "指定避難所との住所同一": "", "備考": "" }, "geometry": { "type": "Point", "coordinates": [ 145.336149, 43.589678 ] } },
{ "type": "Feature", "properties": { "fid": 2538, "NO": "7214", "共通ID": "E0169400002201", "施設・場所名": "栄町町内会館", "住所": "北海道羅臼町栄町10-1", "洪水": "1", "崖崩れ、土石流及び地滑り": "", "高潮": "1", "地震": "", "津波": "1", "大規模な火事": "", "内水氾濫": "", "火山現象": "", "指定避難所との住所同一": "1", "備考": "" }, "geometry": { "type": "Point", "coordinates": [ 145.179662, 44.028799 ] } },
{ "type": "Feature", "properties": { "fid": 2539, "NO": "7215", "共通ID": "E0169400001201", "施設・場所名": "羅臼町役場", "住所": "北海道羅臼町栄町100-83", "洪水": "", "崖崩れ、土石流及び地滑り": "1", "高潮": "1", "地震": "1", "津波": "1", "大規模な火事": "", "内水氾濫": "", "火山現象": "", "指定避難所との住所同一": "1", "備考": "" }, "geometry": { "type": "Point", "coordinates": [ 145.189521, 44.021889 ] } },
{ "type": "Feature", "properties": { "fid": 2540, "NO": "7216", "共通ID": "E0169400003201", "施設・場所名": "らうすぽ（羅臼町民体育館）", "住所": "北海道羅臼町栄町102", "洪水": "1", "崖崩れ、土石流及び地滑り": "", "高潮": "1", "地震": "1", "津波": "1", "大規模な火事": "", "内水氾濫": "", "火山現象": "", "指定避難所との住所同一": "1", "備考": "" }, "geometry": { "type": "Point", "coordinates": [ 145.19148, 44.022436 ] } },
{ "type": "Feature", "properties": { "fid": 2541, "NO": "7217", "共通ID": "E0169400004201", "施設・場所名": "知床未来中学校", "住所": "北海道羅臼町栄町104-2", "洪水": "1", "崖崩れ、土石流及び地滑り": "", "高潮": "1", "地震": "1", "津波": "1", "大規模な火事": "", "内水氾濫": "", "火山現象": "", "指定避難所との住所同一": "1", "備考": "" }, "geometry": { "type": "Point", "coordinates": [ 145.191026, 44.024395 ] } },
{ "type": "Feature", "properties": { "fid": 2542, "NO": "7218", "共通ID": "E0169400005201", "施設・場所名": "栄町高台町内会館", "住所": "北海道羅臼町栄町104-3", "洪水": "1", "崖崩れ、土石流及び地滑り": "1", "高潮": "1", "地震": "1", "津波": "1", "大規模な火事": "", "内水氾濫": "", "火山現象": "", "指定避難所との住所同一": "1", "備考": "" }, "geometry": { "type": "Point", "coordinates": [ 145.188727, 44.023952 ] } },
{ "type": "Feature", "properties": { "fid": 2543, "NO": "7219", "共通ID": "E0169400006201", "施設・場所名": "羅臼神社", "住所": "北海道羅臼町栄町127", "洪水": "1", "崖崩れ、土石流及び地滑り": "", "高潮": "1", "地震": "", "津波": "1", "大規模な火事": "", "内水氾濫": "", "火山現象": "", "指定避難所との住所同一": "", "備考": "" }, "geometry": { "type": "Point", "coordinates": [ 145.191897, 44.023177 ] } },
{ "type": "Feature", "properties": { "fid": 2544, "NO": "7220", "共通ID": "E0169400007201", "施設・場所名": "町道２号線（天狗岩）", "住所": "北海道羅臼町海岸町", "洪水": "1", "崖崩れ、土石流及び地滑り": "", "高潮": "1", "地震": "1", "津波": "1", "大規模な火事": "", "内水氾濫": "", "火山現象": "", "指定避難所との住所同一": "", "備考": "" }, "geometry": { "type": "Point", "coordinates": [ 145.242387, 44.073305 ] } },
{ "type": "Feature", "properties": { "fid": 2545, "NO": "7221", "共通ID": "E0169400008201", "施設・場所名": "海岸町コミュニティセンター", "住所": "北海道羅臼町海岸町441", "洪水": "1", "崖崩れ、土石流及び地滑り": "", "高潮": "1", "地震": "", "津波": "1", "大規模な火事": "", "内水氾濫": "", "火山現象": "", "指定避難所との住所同一": "1", "備考": "" }, "geometry": { "type": "Point", "coordinates": [ 145.23523, 44.05538 ] } },
{ "type": "Feature", "properties": { "fid": 2546, "NO": "7222", "共通ID": "E0169400009201", "施設・場所名": "しおかぜ公園", "住所": "北海道羅臼町共栄町", "洪水": "1", "崖崩れ、土石流及び地滑り": "", "高潮": "1", "地震": "1", "津波": "1", "大規模な火事": "", "内水氾濫": "", "火山現象": "", "指定避難所との住所同一": "", "備考": "" }, "geometry": { "type": "Point", "coordinates": [ 145.199247, 44.022355 ] } },
{ "type": "Feature", "properties": { "fid": 2547, "NO": "7223", "共通ID": "E0169400010201", "施設・場所名": "共栄町会館", "住所": "北海道羅臼町共栄町105-13", "洪水": "1", "崖崩れ、土石流及び地滑り": "", "高潮": "1", "地震": "", "津波": "1", "大規模な火事": "", "内水氾濫": "", "火山現象": "", "指定避難所との住所同一": "1", "備考": "" }, "geometry": { "type": "Point", "coordinates": [ 145.20008, 44.0246 ] } },
{ "type": "Feature", "properties": { "fid": 2548, "NO": "7224", "共通ID": "E0169400011201", "施設・場所名": "春日町福祉館", "住所": "北海道羅臼町春日町47-2", "洪水": "1", "崖崩れ、土石流及び地滑り": "", "高潮": "1", "地震": "", "津波": "1", "大規模な火事": "", "内水氾濫": "", "火山現象": "", "指定避難所との住所同一": "1", "備考": "" }, "geometry": { "type": "Point", "coordinates": [ 145.127649, 43.948936 ] } },
{ "type": "Feature", "properties": { "fid": 2549, "NO": "7225", "共通ID": "E0169400012201", "施設・場所名": "国道３３５号線（ソスケ地区）", "住所": "北海道羅臼町松法町", "洪水": "1", "崖崩れ、土石流及び地滑り": "", "高潮": "1", "地震": "", "津波": "1", "大規模な火事": "", "内水氾濫": "", "火山現象": "", "指定避難所との住所同一": "", "備考": "" }, "geometry": { "type": "Point", "coordinates": [ 145.171022, 43.9948 ] } },
{ "type": "Feature", "properties": { "fid": 2550, "NO": "7227", "共通ID": "E0169400014201", "施設・場所名": "羅臼町コミュニティセンター", "住所": "北海道羅臼町船見町2-16", "洪水": "1", "崖崩れ、土石流及び地滑り": "1", "高潮": "1", "地震": "1", "津波": "1", "大規模な火事": "", "内水氾濫": "", "火山現象": "", "指定避難所との住所同一": "1", "備考": "" }, "geometry": { "type": "Point", "coordinates": [ 145.198515, 44.021509 ] } },
{ "type": "Feature", "properties": { "fid": 2551, "NO": "7228", "共通ID": "E0169400015201", "施設・場所名": "羅臼町商工会館", "住所": "北海道羅臼町船見町46-1", "洪水": "1", "崖崩れ、土石流及び地滑り": "", "高潮": "1", "地震": "1", "津波": "1", "大規模な火事": "", "内水氾濫": "", "火山現象": "", "指定避難所との住所同一": "1", "備考": "" }, "geometry": { "type": "Point", "coordinates": [ 145.194468, 44.02058 ] } },
{ "type": "Feature", "properties": { "fid": 2552, "NO": "7229", "共通ID": "E0169400016201", "施設・場所名": "知松福祉館", "住所": "北海道羅臼町知昭町61", "洪水": "1", "崖崩れ、土石流及び地滑り": "", "高潮": "1", "地震": "", "津波": "1", "大規模な火事": "", "内水氾濫": "", "火山現象": "", "指定避難所との住所同一": "1", "備考": "" }, "geometry": { "type": "Point", "coordinates": [ 145.159121, 43.986901 ] } },
{ "type": "Feature", "properties": { "fid": 2553, "NO": "7230", "共通ID": "E0169400017201", "施設・場所名": "羅臼町老人福祉センター", "住所": "北海道羅臼町湯ノ沢町14-3", "洪水": "1", "崖崩れ、土石流及び地滑り": "1", "高潮": "1", "地震": "1", "津波": "1", "大規模な火事": "", "内水氾濫": "", "火山現象": "", "指定避難所との住所同一": "1", "備考": "" }, "geometry": { "type": "Point", "coordinates": [ 145.173491, 44.030343 ] } },
{ "type": "Feature", "properties": { "fid": 2554, "NO": "7231", "共通ID": "E0169400038201", "施設・場所名": "知床羅臼ビジターセンター駐車場", "住所": "北海道羅臼町湯ノ沢町6-27", "洪水": "", "崖崩れ、土石流及び地滑り": "", "高潮": "1", "地震": "", "津波": "1", "大規模な火事": "", "内水氾濫": "", "火山現象": "", "指定避難所との住所同一": "", "備考": "" }, "geometry": { "type": "Point", "coordinates": [ 145.161372, 44.032043 ] } },
{ "type": "Feature", "properties": { "fid": 2555, "NO": "7232", "共通ID": "E0169400018201", "施設・場所名": "春松小学校・春松幼稚園", "住所": "北海道羅臼町八木浜町190", "洪水": "1", "崖崩れ、土石流及び地滑り": "", "高潮": "1", "地震": "1", "津波": "1", "大規模な火事": "", "内水氾濫": "", "火山現象": "", "指定避難所との住所同一": "1", "備考": "" }, "geometry": { "type": "Point", "coordinates": [ 145.150645, 43.974359 ] } },
{ "type": "Feature", "properties": { "fid": 2556, "NO": "7233", "共通ID": "E0169400019201", "施設・場所名": "八木浜町福祉館", "住所": "北海道羅臼町八木浜町30-1", "洪水": "1", "崖崩れ、土石流及び地滑り": "", "高潮": "1", "地震": "", "津波": "1", "大規模な火事": "", "内水氾濫": "", "火山現象": "", "指定避難所との住所同一": "1", "備考": "" }, "geometry": { "type": "Point", "coordinates": [ 145.150035, 43.973774 ] } },
{ "type": "Feature", "properties": { "fid": 2557, "NO": "7234", "共通ID": "E0169400020201", "施設・場所名": "八木浜町水源地", "住所": "北海道羅臼町八木浜町57", "洪水": "1", "崖崩れ、土石流及び地滑り": "", "高潮": "1", "地震": "1", "津波": "1", "大規模な火事": "", "内水氾濫": "", "火山現象": "", "指定避難所との住所同一": "", "備考": "" }, "geometry": { "type": "Point", "coordinates": [ 145.139998, 43.969427 ] } },
{ "type": "Feature", "properties": { "fid": 2558, "NO": "7235", "共通ID": "E0169400021202", "施設・場所名": "陸志別１号線（伊藤宅付近　道路）", "住所": "北海道羅臼町峯浜町", "洪水": "1", "崖崩れ、土石流及び地滑り": "1", "高潮": "1", "地震": "1", "津波": "1", "大規模な火事": "", "内水氾濫": "", "火山現象": "", "指定避難所との住所同一": "", "備考": "" }, "geometry": { "type": "Point", "coordinates": [ 145.094068, 43.879718 ] } },
{ "type": "Feature", "properties": { "fid": 2559, "NO": "7236", "共通ID": "E0169400021203", "施設・場所名": "植別１号線（野口宅付近　道路）", "住所": "北海道羅臼町峯浜町", "洪水": "1", "崖崩れ、土石流及び地滑り": "1", "高潮": "1", "地震": "1", "津波": "1", "大規模な火事": "", "内水氾濫": "", "火山現象": "", "指定避難所との住所同一": "", "備考": "" }, "geometry": { "type": "Point", "coordinates": [ 145.090978, 43.863221 ] } },
{ "type": "Feature", "properties": { "fid": 2560, "NO": "7237", "共通ID": "E0169400021201", "施設・場所名": "陸志別５号線（鳥谷宅付近　道路）", "住所": "北海道羅臼町峯浜町", "洪水": "1", "崖崩れ、土石流及び地滑り": "1", "高潮": "1", "地震": "1", "津波": "1", "大規模な火事": "", "内水氾濫": "", "火山現象": "", "指定避難所との住所同一": "", "備考": "" }, "geometry": { "type": "Point", "coordinates": [ 145.088317, 43.874939 ] } },
{ "type": "Feature", "properties": { "fid": 2561, "NO": "7239", "共通ID": "E0169400023201", "施設・場所名": "幌萌町１号線と国道３３５号線交差付近", "住所": "北海道羅臼町幌萌町", "洪水": "1", "崖崩れ、土石流及び地滑り": "1", "高潮": "1", "地震": "1", "津波": "1", "大規模な火事": "", "内水氾濫": "", "火山現象": "", "指定避難所との住所同一": "", "備考": "" }, "geometry": { "type": "Point", "coordinates": [ 145.108244, 43.914374 ] } },
{ "type": "Feature", "properties": { "fid": 2562, "NO": "7240", "共通ID": "E0169400024201", "施設・場所名": "農林漁業体験実習館", "住所": "北海道羅臼町幌萌町627-1", "洪水": "1", "崖崩れ、土石流及び地滑り": "1", "高潮": "1", "地震": "1", "津波": "1", "大規模な火事": "", "内水氾濫": "", "火山現象": "", "指定避難所との住所同一": "1", "備考": "" }, "geometry": { "type": "Point", "coordinates": [ 145.115132, 43.932882 ] } },
{ "type": "Feature", "properties": { "fid": 2563, "NO": "7241", "共通ID": "E0169400025201", "施設・場所名": "総合運動公園", "住所": "北海道羅臼町幌萌町632-2", "洪水": "1", "崖崩れ、土石流及び地滑り": "1", "高潮": "1", "地震": "1", "津波": "1", "大規模な火事": "", "内水氾濫": "", "火山現象": "", "指定避難所との住所同一": "", "備考": "" }, "geometry": { "type": "Point", "coordinates": [ 145.116452, 43.935539 ] } },
{ "type": "Feature", "properties": { "fid": 2564, "NO": "7242", "共通ID": "E0169400026201", "施設・場所名": "羅臼小学校", "住所": "北海道羅臼町本町41", "洪水": "1", "崖崩れ、土石流及び地滑り": "", "高潮": "1", "地震": "1", "津波": "1", "大規模な火事": "", "内水氾濫": "", "火山現象": "", "指定避難所との住所同一": "1", "備考": "" }, "geometry": { "type": "Point", "coordinates": [ 145.190711, 44.018722 ] } },
{ "type": "Feature", "properties": { "fid": 2565, "NO": "7243", "共通ID": "E0169400027201", "施設・場所名": "麻布町福祉館", "住所": "北海道羅臼町麻布町10-1", "洪水": "1", "崖崩れ、土石流及び地滑り": "", "高潮": "1", "地震": "", "津波": "1", "大規模な火事": "", "内水氾濫": "", "火山現象": "", "指定避難所との住所同一": "1", "備考": "" }, "geometry": { "type": "Point", "coordinates": [ 145.135663, 43.960225 ] } },
{ "type": "Feature", "properties": { "fid": 2566, "NO": "7244", "共通ID": "E0169400028201", "施設・場所名": "岬町コミュニティセンター", "住所": "北海道羅臼町岬町119-1", "洪水": "1", "崖崩れ、土石流及び地滑り": "1", "高潮": "1", "地震": "1", "津波": "1", "大規模な火事": "", "内水氾濫": "", "火山現象": "", "指定避難所との住所同一": "1", "備考": "" }, "geometry": { "type": "Point", "coordinates": [ 145.247755, 44.10653 ] } },
{ "type": "Feature", "properties": { "fid": 2567, "NO": "7245", "共通ID": "E0169400029201", "施設・場所名": "（旧）知円別小中学校", "住所": "北海道羅臼町岬町33", "洪水": "1", "崖崩れ、土石流及び地滑り": "", "高潮": "1", "地震": "1", "津波": "1", "大規模な火事": "", "内水氾濫": "", "火山現象": "", "指定避難所との住所同一": "1", "備考": "" }, "geometry": { "type": "Point", "coordinates": [ 145.244772, 44.106132 ] } },
{ "type": "Feature", "properties": { "fid": 2568, "NO": "7246", "共通ID": "E0169400030201", "施設・場所名": "岩見橋避難場所", "住所": "北海道羅臼町岬町9-4", "洪水": "1", "崖崩れ、土石流及び地滑り": "", "高潮": "1", "地震": "1", "津波": "1", "大規模な火事": "", "内水氾濫": "", "火山現象": "", "指定避難所との住所同一": "", "備考": "" }, "geometry": { "type": "Point", "coordinates": [ 145.25327, 44.120281 ] } },
{ "type": "Feature", "properties": { "fid": 2569, "NO": "7247", "共通ID": "E0169400032201", "施設・場所名": "緑町町内会館", "住所": "北海道羅臼町緑町299-1", "洪水": "1", "崖崩れ、土石流及び地滑り": "1", "高潮": "1", "地震": "1", "津波": "1", "大規模な火事": "", "内水氾濫": "", "火山現象": "", "指定避難所との住所同一": "1", "備考": "" }, "geometry": { "type": "Point", "coordinates": [ 145.187037, 44.021368 ] } },
{ "type": "Feature", "properties": { "fid": 2570, "NO": "7248", "共通ID": "E0169400033201", "施設・場所名": "羅臼幼稚園", "住所": "北海道羅臼町緑町301", "洪水": "1", "崖崩れ、土石流及び地滑り": "", "高潮": "1", "地震": "1", "津波": "1", "大規模な火事": "", "内水氾濫": "", "火山現象": "", "指定避難所との住所同一": "1", "備考": "" }, "geometry": { "type": "Point", "coordinates": [ 145.188766, 44.020281 ] } },
{ "type": "Feature", "properties": { "fid": 2571, "NO": "7249", "共通ID": "E0169400039201", "施設・場所名": "羅臼国後展望塔駐車場", "住所": "北海道羅臼町礼文町32-1", "洪水": "", "崖崩れ、土石流及び地滑り": "", "高潮": "1", "地震": "", "津波": "1", "大規模な火事": "", "内水氾濫": "", "火山現象": "", "指定避難所との住所同一": "", "備考": "" }, "geometry": { "type": "Point", "coordinates": [ 145.185785, 44.015225 ] } },
{ "type": "Feature", "properties": { "fid": 2572, "NO": "7250", "共通ID": "E0169400034201", "施設・場所名": "礼文町南町内会館", "住所": "北海道羅臼町礼文町367", "洪水": "1", "崖崩れ、土石流及び地滑り": "", "高潮": "1", "地震": "1", "津波": "1", "大規模な火事": "", "内水氾濫": "", "火山現象": "", "指定避難所との住所同一": "1", "備考": "" }, "geometry": { "type": "Point", "coordinates": [ 145.17585, 44.005473 ] } },
{ "type": "Feature", "properties": { "fid": 2573, "NO": "7251", "共通ID": "E0169400035201", "施設・場所名": "礼文町北町内会館", "住所": "北海道羅臼町礼文町64", "洪水": "1", "崖崩れ、土石流及び地滑り": "", "高潮": "1", "地震": "1", "津波": "1", "大規模な火事": "", "内水氾濫": "", "火山現象": "", "指定避難所との住所同一": "1", "備考": "" }, "geometry": { "type": "Point", "coordinates": [ 145.188305, 44.013726 ] } },
{ "type": "Feature", "properties": { "fid": 2574, "NO": "7252", "共通ID": "E0169400036201", "施設・場所名": "羅臼高校", "住所": "北海道羅臼町礼文町9-3", "洪水": "1", "崖崩れ、土石流及び地滑り": "", "高潮": "1", "地震": "", "津波": "1", "大規模な火事": "", "内水氾濫": "", "火山現象": "", "指定避難所との住所同一": "1", "備考": "" }, "geometry": { "type": "Point", "coordinates": [ 145.176027, 44.003895 ] } }
]
}
