{
"type": "FeatureCollection",
"name": "municipality32_simplified_0005",
"crs": { "type": "name", "properties": { "name": "urn:ogc:def:crs:OGC:1.3:CRS84" } },
"features": [
{ "type": "Feature", "properties": { "fid": 1, "OBJECTID": 8438.0, "N03_001": "北海道", "N03_002": "十勝総合振興局", "N03_003": "足寄郡", "N03_004": "陸別町", "N03_007": "01648", "Shape_Leng": 1.756137576337415, "Shape_Area": 0.067777805369336003, "join_key": "足寄郡陸別町" }, "geometry": { "type": "MultiPolygon", "coordinates": [ [ [ [ 143.723224448449741, 43.640556387467484 ], [ 143.729699441276352, 43.636376946539031 ], [ 143.733603606021802, 43.638426108478313 ], [ 143.736031945517993, 43.637889170948654 ], [ 143.737928053636892, 43.634237775053464 ], [ 143.739358884904846, 43.633366946227738 ], [ 143.738921114717868, 43.630315837905755 ], [ 143.74004360532831, 43.627471387494722 ], [ 143.739411114831228, 43.624471107955458 ], [ 143.741031672473923, 43.621108333283132 ], [ 143.740241945409593, 43.619294171389072 ], [ 143.745269999211246, 43.617362504975802 ], [ 143.749782775654808, 43.618977775504106 ], [ 143.753137781983241, 43.617708613561831 ], [ 143.757848611624354, 43.617631946357392 ], [ 143.759645005612697, 43.61634417114675 ], [ 143.762642217564462, 43.616719171352827 ], [ 143.764268611807211, 43.617461108443592 ], [ 143.764660271954199, 43.618506946238767 ], [ 143.766525836398387, 43.618378054503751 ], [ 143.768056938477116, 43.620079441413282 ], [ 143.767026938642516, 43.621581945950197 ], [ 143.767856393258171, 43.622945279501209 ], [ 143.770829999804846, 43.623486666876317 ], [ 143.772807781654024, 43.622550558961279 ], [ 143.774571672345019, 43.622937225172961 ], [ 143.774479169877964, 43.620712225089278 ], [ 143.775290558013012, 43.619351946535289 ], [ 143.774529169485731, 43.618100558793913 ], [ 143.774742503064203, 43.61626500022976 ], [ 143.775871672939502, 43.61412055961631 ], [ 143.778073332918211, 43.613830279144224 ], [ 143.781420829907574, 43.611706108350404 ], [ 143.781380271382545, 43.609812775539353 ], [ 143.78266444840574, 43.607819440814694 ], [ 143.785323060211226, 43.607749441183955 ], [ 143.786316666281323, 43.605916108441818 ], [ 143.788535005985864, 43.605608891936981 ], [ 143.78987360548274, 43.602994721029745 ], [ 143.789443060449003, 43.601112225049292 ], [ 143.786960271499538, 43.599984441029278 ], [ 143.791220271898169, 43.598143613337243 ], [ 143.790492775221537, 43.596059440790725 ], [ 143.79225306053047, 43.593300559073725 ], [ 143.79081416234385, 43.591640558964798 ], [ 143.792619441634088, 43.590541946254007 ], [ 143.799557223787019, 43.589631666868115 ], [ 143.800541387874887, 43.588925000288725 ], [ 143.800198884670976, 43.587796108303905 ], [ 143.804565550959637, 43.583259721059449 ], [ 143.812070272025608, 43.580735279110002 ], [ 143.81670527892561, 43.581192505230092 ], [ 143.819991945771903, 43.57974999986277 ], [ 143.822181672646252, 43.575423892099082 ], [ 143.8218900000237, 43.571524441599877 ], [ 143.82469306093617, 43.567404171565443 ], [ 143.824607781823829, 43.566046108041633 ], [ 143.827030557214584, 43.563846108211465 ], [ 143.828634448621074, 43.559351667145904 ], [ 143.832437781378644, 43.556335278950144 ], [ 143.832858339441032, 43.553796667282541 ], [ 143.835993605420754, 43.552080838160293 ], [ 143.836962217532459, 43.549669721580528 ], [ 143.840416393901592, 43.548801387474214 ], [ 143.841979727682428, 43.549467775217806 ], [ 143.843577496504395, 43.547539721381213 ], [ 143.845431387748476, 43.547209171066584 ], [ 143.845671388024357, 43.544713332954132 ], [ 143.848739999851318, 43.545075279500736 ], [ 143.852730557969039, 43.542898613480418 ], [ 143.854940271376563, 43.540905278755758 ], [ 143.856040557725692, 43.538021667366195 ], [ 143.862504720916263, 43.535170279584918 ], [ 143.863351114262741, 43.534015837860807 ], [ 143.865405550725768, 43.533776108280961 ], [ 143.867322502431762, 43.531774999816548 ], [ 143.869491672602749, 43.531305559104453 ], [ 143.870352217680875, 43.52912861339496 ], [ 143.87281194531522, 43.530501946507798 ], [ 143.873978884917733, 43.530335559338766 ], [ 143.876650557577364, 43.52788277536996 ], [ 143.877124720629581, 43.522919720968503 ], [ 143.884723332715794, 43.521993054136317 ], [ 143.885452217945726, 43.523789440930102 ], [ 143.88759778181236, 43.524784440949361 ], [ 143.890754162974417, 43.528445278826723 ], [ 143.894665550175205, 43.528497774952541 ], [ 143.89583693872396, 43.53089833349145 ], [ 143.897566108389356, 43.53137222494837 ], [ 143.902248053604922, 43.529434721035727 ], [ 143.90437778130979, 43.529742225323616 ], [ 143.906205550845698, 43.528304999876013 ], [ 143.909226108298412, 43.528544170976886 ], [ 143.90912583658826, 43.526928613564849 ], [ 143.915107223919449, 43.522092225076278 ], [ 143.918417781255812, 43.522788892093843 ], [ 143.91988277596954, 43.522181945940247 ], [ 143.919779728052163, 43.521235838463326 ], [ 143.921063332207154, 43.521244999857004 ], [ 143.921642775294004, 43.51965777558604 ], [ 143.92426472084037, 43.520042224968847 ], [ 143.928112217505031, 43.519315559265806 ], [ 143.928871387404797, 43.518422505494414 ], [ 143.928409170047303, 43.516556946446087 ], [ 143.930088611700285, 43.514610559030245 ], [ 143.930803606001746, 43.511772224908441 ], [ 143.928279169448274, 43.507190838286704 ], [ 143.928431672883562, 43.503972775323462 ], [ 143.939987781311288, 43.502616387236628 ], [ 143.94355527855339, 43.501253891853764 ], [ 143.943895278944183, 43.499419720943536 ], [ 143.940242217504533, 43.489935000300193 ], [ 143.949605005366834, 43.485896946287198 ], [ 143.945963332941687, 43.484234170870479 ], [ 143.938586393847231, 43.484693612920069 ], [ 143.936815278902145, 43.482598892225269 ], [ 143.935215550457428, 43.481946667005218 ], [ 143.924892217402089, 43.481918613553319 ], [ 143.921959999454543, 43.480206666804406 ], [ 143.918485278972639, 43.480094720994771 ], [ 143.913789169434835, 43.478598613335521 ], [ 143.908120271333587, 43.478646666810391 ], [ 143.892883332200199, 43.474696107839293 ], [ 143.88711277563425, 43.475427775571575 ], [ 143.885731387293845, 43.47759055875747 ], [ 143.881335005606161, 43.479601946472826 ], [ 143.880509441457775, 43.478229440736243 ], [ 143.878018611669745, 43.478746387236129 ], [ 143.877426108628242, 43.47791944082968 ], [ 143.874918611704743, 43.477323054515523 ], [ 143.870821672782199, 43.480216946055407 ], [ 143.869311945789832, 43.479576946219254 ], [ 143.861987496525899, 43.480284171277674 ], [ 143.861991945472141, 43.481826946556509 ], [ 143.860101945548536, 43.484868612896321 ], [ 143.856804720661557, 43.487652504759467 ], [ 143.853051672596848, 43.48790861279241 ], [ 143.84875472085389, 43.491190837887018 ], [ 143.844509727442187, 43.491220000202986 ], [ 143.8379163937268, 43.494921667301298 ], [ 143.831760271719304, 43.495708054283455 ], [ 143.830490829188648, 43.493560838362157 ], [ 143.824985837026929, 43.49148694596596 ], [ 143.828575005232437, 43.487726386763484 ], [ 143.829479169228421, 43.483795558918075 ], [ 143.834582775974468, 43.481702505566318 ], [ 143.834885005738556, 43.478428892379668 ], [ 143.831641945219758, 43.476445279326356 ], [ 143.829972218043622, 43.476936108614666 ], [ 143.827189727324253, 43.475873332988101 ], [ 143.816814448528135, 43.470411946254501 ], [ 143.822114162338949, 43.466362505025756 ], [ 143.826273332548453, 43.460442224828967 ], [ 143.825289727838822, 43.459471667483626 ], [ 143.825319169843965, 43.456860558767914 ], [ 143.824070271426081, 43.453117775565033 ], [ 143.820497496962048, 43.452475838589237 ], [ 143.814851672766622, 43.448680559260595 ], [ 143.814628339626324, 43.447198053847274 ], [ 143.811539999371689, 43.446038054312908 ], [ 143.81137444857211, 43.441111667069947 ], [ 143.809619727368727, 43.436663333346303 ], [ 143.805956108787541, 43.434158054151055 ], [ 143.801452775225584, 43.426026946286697 ], [ 143.80258916935486, 43.423006387035286 ], [ 143.805609727706951, 43.420815278802252 ], [ 143.806535005985893, 43.418935000549993 ], [ 143.808849727832808, 43.417974440967839 ], [ 143.808423060675864, 43.415906946348684 ], [ 143.806782503010254, 43.413883612938548 ], [ 143.804217496240653, 43.412711387120964 ], [ 143.802631945608027, 43.410680838450105 ], [ 143.802730829664256, 43.408977505407734 ], [ 143.801481114661897, 43.406993613564566 ], [ 143.796364162875989, 43.403956946555979 ], [ 143.79602055800251, 43.402256387022817 ], [ 143.794101387669116, 43.401522225470501 ], [ 143.788518611345012, 43.402693613119936 ], [ 143.788206108625218, 43.399878612807925 ], [ 143.786787223951364, 43.397946387016304 ], [ 143.788698339956568, 43.394647505578064 ], [ 143.787529441630568, 43.393754441014835 ], [ 143.787430271589983, 43.392520278887901 ], [ 143.784225005979465, 43.391715559225872 ], [ 143.78356888489634, 43.390317224960143 ], [ 143.784391672837614, 43.38747638712573 ], [ 143.78107167261976, 43.387872225522983 ], [ 143.771827223847481, 43.384723892393879 ], [ 143.764783605878847, 43.38470305420276 ], [ 143.759203060772847, 43.380596387313574 ], [ 143.759133060242675, 43.378140837929493 ], [ 143.75633916971708, 43.374193054266186 ], [ 143.749113060419631, 43.375359721374195 ], [ 143.747834720895867, 43.374870000050635 ], [ 143.7465825021809, 43.370851946060611 ], [ 143.747637496873153, 43.364186386892413 ], [ 143.745499169850973, 43.363878612807923 ], [ 143.74420472077145, 43.364664721000224 ], [ 143.741509727791936, 43.363633613200875 ], [ 143.73531250227029, 43.363544721511857 ], [ 143.731241672465444, 43.360933054317172 ], [ 143.728569999805813, 43.360452505179126 ], [ 143.726505005301988, 43.361517504829123 ], [ 143.723234720506071, 43.359458891914471 ], [ 143.719783332934639, 43.35918027924663 ], [ 143.720540000021174, 43.355736946003447 ], [ 143.719658611355953, 43.354128612845386 ], [ 143.713685836832042, 43.348538053788332 ], [ 143.710345005617683, 43.348858332945895 ], [ 143.704476108185986, 43.347785559556087 ], [ 143.701105550780767, 43.346199721140408 ], [ 143.698312775414479, 43.347651108212233 ], [ 143.697726666552626, 43.346222775261026 ], [ 143.696465550844664, 43.345736108035112 ], [ 143.691717223970841, 43.347632775532304 ], [ 143.680619441534191, 43.348643892301936 ], [ 143.680170271540987, 43.350947504823637 ], [ 143.681064448565621, 43.351765000254716 ], [ 143.67843805317375, 43.355049720967997 ], [ 143.676818339994611, 43.359864441191178 ], [ 143.675477223295388, 43.360678054248979 ], [ 143.675607496389034, 43.362404441412025 ], [ 143.670110271671888, 43.363782774755407 ], [ 143.666962217332639, 43.362784171152725 ], [ 143.664470271486039, 43.360613892117613 ], [ 143.663328339331542, 43.36087138690516 ], [ 143.661526666322743, 43.361666946072887 ], [ 143.661490271658863, 43.36315222499536 ], [ 143.657728611686252, 43.368355838151558 ], [ 143.661380271982125, 43.371175000526023 ], [ 143.660872217978635, 43.376356667526352 ], [ 143.665893606005284, 43.377948613238061 ], [ 143.668666666433637, 43.382311666950045 ], [ 143.669981388030806, 43.386681108546497 ], [ 143.675121672727187, 43.384737505431701 ], [ 143.679095278624345, 43.38532750476071 ], [ 143.684438053773306, 43.391880279051804 ], [ 143.690869728055645, 43.39378527876778 ], [ 143.694126938507566, 43.396421667426182 ], [ 143.697131945782871, 43.396153612799139 ], [ 143.700826939012245, 43.393690278883412 ], [ 143.703127496536922, 43.393951946525306 ], [ 143.704025550538859, 43.395984441329063 ], [ 143.704224720694469, 43.399783054444583 ], [ 143.70572944206026, 43.401654441099765 ], [ 143.705935005496258, 43.404810000281429 ], [ 143.709013060204711, 43.408649440819204 ], [ 143.708826666717528, 43.40956361337021 ], [ 143.706912775404476, 43.410641386990562 ], [ 143.706075836630703, 43.412838053933228 ], [ 143.70726167278815, 43.415809171156468 ], [ 143.708839441587088, 43.416514720777911 ], [ 143.71708333252991, 43.416908333353092 ], [ 143.719150829847081, 43.417816946295204 ], [ 143.721122502601588, 43.42104361307247 ], [ 143.724441945239732, 43.424325838167078 ], [ 143.720919169484318, 43.427053053855502 ], [ 143.725143890378376, 43.431307224848695 ], [ 143.731002217178798, 43.435412225294101 ], [ 143.734791114918153, 43.439598892275228 ], [ 143.728436393824722, 43.44381166747462 ], [ 143.723954448838867, 43.440263892364896 ], [ 143.714113060669433, 43.446882505123654 ], [ 143.70908972740915, 43.442890278763514 ], [ 143.705501387479217, 43.445264171504505 ], [ 143.702635278695311, 43.444785838295957 ], [ 143.695919442028753, 43.439818333149731 ], [ 143.692101114874731, 43.438391946331421 ], [ 143.687136394029494, 43.43855666705673 ], [ 143.682243605458211, 43.436863892055158 ], [ 143.676863605571157, 43.437899721295253 ], [ 143.671812775539365, 43.439296387318564 ], [ 143.670483332939625, 43.441063333006582 ], [ 143.66073639337003, 43.448580279456507 ], [ 143.655680557711776, 43.454170279135212 ], [ 143.650124162999873, 43.456535000589952 ], [ 143.64824999923826, 43.458519721608013 ], [ 143.647996108933512, 43.457992775546302 ], [ 143.645830557634326, 43.459531667552596 ], [ 143.640091387407779, 43.461365279084532 ], [ 143.632059441490242, 43.463005838548781 ], [ 143.626609999551988, 43.465441946388864 ], [ 143.613391114808337, 43.467951386747245 ], [ 143.611849441198956, 43.469388891884023 ], [ 143.608792217487007, 43.468240559254582 ], [ 143.598895005700115, 43.460079171216933 ], [ 143.595436938863827, 43.459839721326261 ], [ 143.592963332891713, 43.460935838418379 ], [ 143.58074639363133, 43.449609441122959 ], [ 143.545609441522743, 43.460172505556841 ], [ 143.456313332794252, 43.447672224993369 ], [ 143.463806666644473, 43.508634440826938 ], [ 143.465145005337945, 43.510160279173704 ], [ 143.465118884529033, 43.512983054124788 ], [ 143.466475278911162, 43.515649441468724 ], [ 143.469102502578608, 43.517988333494941 ], [ 143.470870558030015, 43.52086583848785 ], [ 143.47064111489567, 43.526047505488179 ], [ 143.472171945379159, 43.529148054039638 ], [ 143.477015005937915, 43.530034171340105 ], [ 143.482590272023572, 43.532710279456012 ], [ 143.489279169498218, 43.540847775204838 ], [ 143.491346666815389, 43.541152505084199 ], [ 143.496032502498224, 43.544526666972274 ], [ 143.498603890857112, 43.550503892241011 ], [ 143.502812218009581, 43.547371387179965 ], [ 143.508077496779265, 43.547821108457583 ], [ 143.514398339511899, 43.546357225305883 ], [ 143.51939861145695, 43.54789722527687 ], [ 143.518309441627594, 43.551155837771887 ], [ 143.519315550972124, 43.553774721126672 ], [ 143.524591387782493, 43.561479441523147 ], [ 143.529107496214124, 43.564518613143662 ], [ 143.530006938769361, 43.565928892204795 ], [ 143.528034721025733, 43.568045279366288 ], [ 143.527477496589427, 43.570534440911899 ], [ 143.527616393282074, 43.572004441252147 ], [ 143.529291672872546, 43.573921107872991 ], [ 143.529295005760105, 43.576918891793582 ], [ 143.528210557371494, 43.578109999776814 ], [ 143.534310829681203, 43.58225389230347 ], [ 143.533481672741232, 43.588159441605114 ], [ 143.53519027131415, 43.590635559383713 ], [ 143.537542217899158, 43.592051945740877 ], [ 143.539780271642371, 43.595046667469887 ], [ 143.543589727883841, 43.59819110833314 ], [ 143.548114162239017, 43.599274441562386 ], [ 143.552158339735797, 43.596969999865792 ], [ 143.555723332366028, 43.59719166746163 ], [ 143.561754448609122, 43.595344171296631 ], [ 143.56557027205065, 43.595757225415809 ], [ 143.570355278673333, 43.594563333131475 ], [ 143.574601114749839, 43.597589441199943 ], [ 143.579219441923897, 43.599381108351622 ], [ 143.583877781734373, 43.600085559001514 ], [ 143.586820271738361, 43.602392505310036 ], [ 143.589682217560494, 43.603475838539282 ], [ 143.598240271371651, 43.60359305437612 ], [ 143.602132775507357, 43.602875559059953 ], [ 143.607321387971865, 43.604935838418385 ], [ 143.617142502724505, 43.605918054574715 ], [ 143.618376666650079, 43.607376108320921 ], [ 143.618699441426315, 43.612440559484412 ], [ 143.631986666551597, 43.622089999953687 ], [ 143.630537496308534, 43.62729389189974 ], [ 143.626267223853461, 43.632651387151952 ], [ 143.625364448410778, 43.637255000518053 ], [ 143.626208611438415, 43.637828333610855 ], [ 143.63524944200833, 43.638464720870331 ], [ 143.639009169337896, 43.639809720842095 ], [ 143.643175550311526, 43.639186946620441 ], [ 143.644737223943935, 43.636808333338081 ], [ 143.64904749644495, 43.635824721433892 ], [ 143.65051472057803, 43.634578892402146 ], [ 143.65553833982267, 43.633762225246642 ], [ 143.658423060975679, 43.626883891878265 ], [ 143.662526108992893, 43.627926667481859 ], [ 143.667770829260576, 43.627728054006639 ], [ 143.673331387833514, 43.629853892143558 ], [ 143.674003890967015, 43.628287774960995 ], [ 143.679499169551264, 43.625746946464574 ], [ 143.683502775932538, 43.627678892567019 ], [ 143.68407389039794, 43.62986333322641 ], [ 143.686057496256581, 43.631831387109003 ], [ 143.692629169800512, 43.634043053844039 ], [ 143.695655278768299, 43.639743613477151 ], [ 143.698673060913166, 43.637446108251481 ], [ 143.70026833951249, 43.637491387317823 ], [ 143.702475551006046, 43.638899721145378 ], [ 143.706375550991083, 43.636737775228312 ], [ 143.711110558005998, 43.635320279107759 ], [ 143.716246666250868, 43.637378892022411 ], [ 143.718519441918943, 43.637180279446511 ], [ 143.71946027127467, 43.639057505399705 ], [ 143.723224448449741, 43.640556387467484 ] ] ] ] } },
{ "type": "Feature", "properties": { "fid": 2, "OBJECTID": 8633.0, "N03_001": "北海道", "N03_002": "釧路総合振興局", "N03_003": "阿寒郡", "N03_004": "鶴居村", "N03_007": "01667", "Shape_Leng": 1.473948492332475, "Shape_Area": 0.063377701860886995, "join_key": "阿寒郡鶴居村" }, "geometry": { "type": "MultiPolygon", "coordinates": [ [ [ [ 144.247633605406691, 43.448557505025008 ], [ 144.24850833998812, 43.444003053997903 ], [ 144.252335005656164, 43.443581387071504 ], [ 144.255898339936607, 43.439401107974902 ], [ 144.263778884987687, 43.435836386939854 ], [ 144.265606938709425, 43.433923892273981 ], [ 144.267152217700868, 43.433554440884905 ], [ 144.267423060226179, 43.432358053881273 ], [ 144.274668611967058, 43.431328054046617 ], [ 144.284889999673965, 43.42401666743541 ], [ 144.288435550760255, 43.423116107922226 ], [ 144.28864250274944, 43.419659441330339 ], [ 144.289570557235606, 43.419659171533681 ], [ 144.290906394014996, 43.417395000579006 ], [ 144.290225278973594, 43.416667225112519 ], [ 144.290775005762043, 43.415613613577591 ], [ 144.289367781697933, 43.41498222475002 ], [ 144.290040829820668, 43.411990558917353 ], [ 144.291716393596857, 43.411956667066704 ], [ 144.291343890808093, 43.410074171086308 ], [ 144.29496610819956, 43.407403892375896 ], [ 144.295976666490105, 43.405806666744468 ], [ 144.2953202720131, 43.404862505400445 ], [ 144.298503890942015, 43.401579171441767 ], [ 144.299723890545238, 43.398927225411285 ], [ 144.301271672350026, 43.398267225552161 ], [ 144.301067781652932, 43.397269720921031 ], [ 144.302641672575305, 43.396435559253803 ], [ 144.302999999350618, 43.393339440762759 ], [ 144.305213060934193, 43.391503892091123 ], [ 144.302137223953878, 43.388158892519016 ], [ 144.30275805384133, 43.386479171176973 ], [ 144.300422217711343, 43.385610837969978 ], [ 144.298654448244406, 43.382483612828651 ], [ 144.296616938820875, 43.381185279577153 ], [ 144.297256108582701, 43.380406946023925 ], [ 144.296778339249158, 43.378582775574785 ], [ 144.294103060308203, 43.377726108373395 ], [ 144.292194720510111, 43.371581946449851 ], [ 144.295776393765777, 43.369082225064801 ], [ 144.298454720509085, 43.369633333211937 ], [ 144.298138339912612, 43.366939171205956 ], [ 144.298793332346577, 43.365809171256387 ], [ 144.30150027192019, 43.365292505344996 ], [ 144.302232217542951, 43.364275559169869 ], [ 144.304895836773653, 43.365262775556801 ], [ 144.309878884902787, 43.363222775011252 ], [ 144.311188339170712, 43.364456946131327 ], [ 144.316035836984497, 43.363693053891495 ], [ 144.318405550575903, 43.364693054141298 ], [ 144.319034448281286, 43.363748891898013 ], [ 144.322867223943376, 43.364716666740946 ], [ 144.325063605800892, 43.364260838167297 ], [ 144.325315278377616, 43.362666108154542 ], [ 144.327800830044453, 43.361538612816901 ], [ 144.331218339255088, 43.361215838040664 ], [ 144.331415005698091, 43.360119720948546 ], [ 144.333291387187955, 43.358790558937301 ], [ 144.335754720204363, 43.35910166680867 ], [ 144.335789999708936, 43.356225559362258 ], [ 144.340115278297617, 43.352701386959609 ], [ 144.339291387787512, 43.352210559469938 ], [ 144.339538611417993, 43.35024444092835 ], [ 144.341921387662069, 43.349635278845199 ], [ 144.34222250226685, 43.347906387070282 ], [ 144.344811672920514, 43.347496666737925 ], [ 144.349183890724134, 43.343889171248406 ], [ 144.35030111490471, 43.3424608382972 ], [ 144.349423332520928, 43.341140558889833 ], [ 144.350311114466535, 43.339629170849719 ], [ 144.352817496230614, 43.339109721536602 ], [ 144.356946393461499, 43.335979721087426 ], [ 144.356250271433055, 43.334294720724927 ], [ 144.357909999946742, 43.333441108520503 ], [ 144.358460829304022, 43.331170278985326 ], [ 144.360442775913612, 43.329963612730694 ], [ 144.359940000031202, 43.32942972120486 ], [ 144.361236666838863, 43.329299440916657 ], [ 144.361743060693925, 43.328109721486612 ], [ 144.364676666295281, 43.328354441404485 ], [ 144.365783332435058, 43.327441946089095 ], [ 144.366128339351576, 43.325655838546254 ], [ 144.367278884313237, 43.324716108162022 ], [ 144.366921387612138, 43.321891946456333 ], [ 144.36905138781151, 43.31976361360006 ], [ 144.367684448878435, 43.318903892300966 ], [ 144.368555005209487, 43.317449720928039 ], [ 144.36712306058098, 43.316009999861762 ], [ 144.36815306041558, 43.314467225482247 ], [ 144.366599999590449, 43.313453333404766 ], [ 144.368577496354533, 43.312407775298766 ], [ 144.368861388042774, 43.311082224964878 ], [ 144.36692555057391, 43.310719171352844 ], [ 144.368048884748418, 43.309262225571445 ], [ 144.367885005788594, 43.307392505359985 ], [ 144.369500829399954, 43.306032225007357 ], [ 144.367523061040629, 43.305352775510357 ], [ 144.365435005221457, 43.30336583856274 ], [ 144.367348611449415, 43.302925838057149 ], [ 144.36701555022762, 43.302070559408946 ], [ 144.369073890647769, 43.300603613166402 ], [ 144.368450271962615, 43.300027775461615 ], [ 144.370369169801506, 43.299675000201262 ], [ 144.369946394011095, 43.298235279134985 ], [ 144.368395836898571, 43.297250838055902 ], [ 144.36869916923149, 43.296333333516714 ], [ 144.367693890860551, 43.295437224748298 ], [ 144.368122502351753, 43.294265837998182 ], [ 144.36679972732577, 43.293828054321409 ], [ 144.368354162314972, 43.292795838557254 ], [ 144.368067781303239, 43.29172194641086 ], [ 144.369163890301479, 43.292049721417698 ], [ 144.370399727865333, 43.290770000535247 ], [ 144.370260557778693, 43.28949333285118 ], [ 144.369050557737182, 43.289178053924218 ], [ 144.370299441765951, 43.288722505039743 ], [ 144.368377781209801, 43.28705972152909 ], [ 144.369825278713847, 43.286792774866854 ], [ 144.370239441697095, 43.285880559240582 ], [ 144.369289441954379, 43.285257775126411 ], [ 144.369187496605832, 43.282463891795317 ], [ 144.370957781476591, 43.280776946199296 ], [ 144.37317805382429, 43.280126107733849 ], [ 144.37141778200521, 43.278502504986761 ], [ 144.372266666473706, 43.277890559501884 ], [ 144.372353890819568, 43.276310278896403 ], [ 144.373468611287535, 43.274930000319443 ], [ 144.376536108854566, 43.274862505300518 ], [ 144.376377223829991, 43.273583054214726 ], [ 144.378023060516057, 43.274063333556171 ], [ 144.379965550270072, 43.271296667307524 ], [ 144.383172503008836, 43.270148613467882 ], [ 144.385086393422512, 43.266490558992245 ], [ 144.3858441621785, 43.26601277526953 ], [ 144.387432502508204, 43.26681055936001 ], [ 144.388176108740595, 43.263824170749047 ], [ 144.390492502427264, 43.263217505183889 ], [ 144.39081389044884, 43.261855838076656 ], [ 144.393055836457847, 43.262308892241776 ], [ 144.397032217662854, 43.260155837921729 ], [ 144.397508611933063, 43.258567504786697 ], [ 144.398668611467428, 43.258048054574203 ], [ 144.398045278766745, 43.257031108399076 ], [ 144.398972217194228, 43.257450559395977 ], [ 144.399637782058221, 43.256148332979365 ], [ 144.401137223504293, 43.256296667157642 ], [ 144.401561945427602, 43.255063891785369 ], [ 144.400756108807514, 43.252813054179285 ], [ 144.403746666675488, 43.25043722519797 ], [ 144.403835550270628, 43.249568333511945 ], [ 144.406351387506675, 43.248430279234185 ], [ 144.408587496915629, 43.24859194586179 ], [ 144.408627782046665, 43.247962225276638 ], [ 144.410035005211512, 43.248473613066949 ], [ 144.412830557684288, 43.247720278867916 ], [ 144.414633332362541, 43.248605558899612 ], [ 144.416390557278532, 43.247792775016705 ], [ 144.415911672785683, 43.246237775253292 ], [ 144.418559169869923, 43.246668332877448 ], [ 144.419557496481502, 43.245853054275187 ], [ 144.418650557177671, 43.245350000502299 ], [ 144.421543332658871, 43.245785838046174 ], [ 144.421946666905342, 43.244300837913499 ], [ 144.421145278332119, 43.24232555887761 ], [ 144.42633277563732, 43.241599440861648 ], [ 144.425264720990299, 43.240068613076176 ], [ 144.427718884519095, 43.240157225076018 ], [ 144.42718888435968, 43.239027225126506 ], [ 144.430294162445875, 43.237612225523947 ], [ 144.429973605397777, 43.236290838151831 ], [ 144.428598884631015, 43.236161666727696 ], [ 144.428566666418646, 43.235316946120349 ], [ 144.427210558020988, 43.234504171230697 ], [ 144.428550557762264, 43.23388027915172 ], [ 144.427406938479635, 43.233540838139334 ], [ 144.427538884312185, 43.231445000486531 ], [ 144.432341672330494, 43.230137774738694 ], [ 144.432110557356509, 43.22901833282998 ], [ 144.434018339574891, 43.229037224888202 ], [ 144.436198053397675, 43.225058053986174 ], [ 144.436512775644246, 43.222014721202584 ], [ 144.437231114524479, 43.222803333107493 ], [ 144.439714720957795, 43.222434720785884 ], [ 144.44088527853296, 43.218355558762198 ], [ 144.439916938915758, 43.217844170971887 ], [ 144.439984162339442, 43.21690833285345 ], [ 144.44125693865692, 43.217067225072526 ], [ 144.441028339986133, 43.215703054252742 ], [ 144.442604720231884, 43.216195000499056 ], [ 144.443326108713109, 43.215485000132844 ], [ 144.440625278234165, 43.215034170890419 ], [ 144.441993890805634, 43.213119441409276 ], [ 144.441017496860127, 43.212738054217994 ], [ 144.441241114186255, 43.211925559017516 ], [ 144.44597527853648, 43.209571945988671 ], [ 144.445808884172834, 43.208389171123542 ], [ 144.447031945967751, 43.207327505260309 ], [ 144.445803061062634, 43.204856386812992 ], [ 144.446572217933635, 43.204276666734927 ], [ 144.445626938732403, 43.203862775346977 ], [ 144.446415836621782, 43.20302166731625 ], [ 144.446033060877198, 43.202370559054202 ], [ 144.447499169850971, 43.20251361331276 ], [ 144.447249170013379, 43.200610558830419 ], [ 144.446246938545528, 43.200876107946215 ], [ 144.443083060634876, 43.198902505246565 ], [ 144.442596393408962, 43.196590279018324 ], [ 144.440630557254622, 43.195589999978665 ], [ 144.441109999327182, 43.192486387436986 ], [ 144.436162775691741, 43.188882505423464 ], [ 144.43563944130733, 43.185224171258653 ], [ 144.434262217727337, 43.185034171489974 ], [ 144.431882217690372, 43.182968891900998 ], [ 144.432944720822434, 43.181990000538235 ], [ 144.432595836928499, 43.181130558928317 ], [ 144.434079999792289, 43.180781945730359 ], [ 144.434389999698851, 43.179313333044036 ], [ 144.435548884973286, 43.178974999996399 ], [ 144.434614162913476, 43.178097224807232 ], [ 144.434663890926004, 43.176571667048961 ], [ 144.438715550782263, 43.172381945970187 ], [ 144.438512502749973, 43.17106444097135 ], [ 144.439994162800531, 43.169976108410822 ], [ 144.439539169697127, 43.16914555932027 ], [ 144.441027496421952, 43.167398333066785 ], [ 144.440999999650444, 43.166191387122979 ], [ 144.447223060895681, 43.166213333278847 ], [ 144.447908339798232, 43.164419441204416 ], [ 144.447043605678004, 43.163868612746455 ], [ 144.44813221792765, 43.163414721312506 ], [ 144.447219442023766, 43.162849440749255 ], [ 144.449293606015317, 43.161494441215666 ], [ 144.450813332569396, 43.158248892272752 ], [ 144.449887496710744, 43.156446667080161 ], [ 144.450843333053513, 43.155540558749976 ], [ 144.451257496936137, 43.152745559360255 ], [ 144.449477781774362, 43.150526946261721 ], [ 144.447338884581995, 43.149705278875672 ], [ 144.446177496494442, 43.147505279045561 ], [ 144.447093890370979, 43.146310278796477 ], [ 144.44741194550511, 43.143057775396187 ], [ 144.443625836563342, 43.139841946348895 ], [ 144.44157444880193, 43.135485559311292 ], [ 144.438866393169633, 43.133527504990525 ], [ 144.439465005305919, 43.132087505134393 ], [ 144.438280557701773, 43.130567225497202 ], [ 144.436098339267119, 43.129309171081559 ], [ 144.433925278628863, 43.129978054443825 ], [ 144.430773332923195, 43.128128054566218 ], [ 144.424145278182209, 43.127174721036738 ], [ 144.422069999930727, 43.125515837885757 ], [ 144.421422775840597, 43.123779171471767 ], [ 144.418535005985973, 43.122582504778961 ], [ 144.417208611188585, 43.12110000026496 ], [ 144.408450272062623, 43.118020558801902 ], [ 144.407471387894361, 43.116132505011251 ], [ 144.405980557456928, 43.115183613233341 ], [ 144.408163060976676, 43.113871387254903 ], [ 144.407414162233977, 43.111957504935049 ], [ 144.404943060873734, 43.110475558900077 ], [ 144.403819441614132, 43.110723054125799 ], [ 144.403770271181202, 43.109773892551289 ], [ 144.402469441411768, 43.109521108412594 ], [ 144.400943605763018, 43.105982505488385 ], [ 144.399723890345399, 43.105675279091031 ], [ 144.398035278305656, 43.101566387279092 ], [ 144.400782503010305, 43.099936386755019 ], [ 144.400548339334591, 43.095262504860898 ], [ 144.40376194525777, 43.091986946440613 ], [ 144.403444162618143, 43.089864720880314 ], [ 144.404061388022797, 43.089063333206411 ], [ 144.401038053463594, 43.088789720769171 ], [ 144.400308884947208, 43.087820837961488 ], [ 144.400441945939178, 43.086037225138 ], [ 144.402391945931754, 43.085414721612267 ], [ 144.40141333245947, 43.084342225213675 ], [ 144.399108339478516, 43.084303054342627 ], [ 144.399754720903843, 43.082740838419113 ], [ 144.396895278794204, 43.082165279504238 ], [ 144.397713060209753, 43.080959721214356 ], [ 144.400507223229965, 43.080363333101502 ], [ 144.399598339591876, 43.078259441120451 ], [ 144.401202502593605, 43.076632224897423 ], [ 144.398843332653882, 43.075059441040537 ], [ 144.39916250294732, 43.072612505362997 ], [ 144.327113890993473, 43.084797774997469 ], [ 144.323426938602552, 43.082501107939947 ], [ 144.321068339732278, 43.076642505047744 ], [ 144.315074162242922, 43.077209999741854 ], [ 144.313157496521399, 43.078360837882542 ], [ 144.310553605764426, 43.077683613308295 ], [ 144.307433890861603, 43.078886387297075 ], [ 144.303424162795068, 43.07724055960432 ], [ 144.300304448791508, 43.081109720937036 ], [ 144.298752502226421, 43.080672225043315 ], [ 144.288940829455896, 43.082588333185186 ], [ 144.288836666379211, 43.085806666844348 ], [ 144.287798053737333, 43.087476946204276 ], [ 144.28319944150121, 43.087070558759422 ], [ 144.282728339741311, 43.088606946153789 ], [ 144.28387639358084, 43.09085138688215 ], [ 144.280790557938076, 43.093668613016234 ], [ 144.277886938431607, 43.094575000136331 ], [ 144.276829727809854, 43.096673613096925 ], [ 144.276907496683748, 43.097673332758291 ], [ 144.279318611464873, 43.098845000096844 ], [ 144.279363060457058, 43.100584440919363 ], [ 144.271821672232591, 43.104359999914209 ], [ 144.269516938256288, 43.107703333042537 ], [ 144.269728053207245, 43.109299171020098 ], [ 144.268858053556528, 43.10965361272423 ], [ 144.267769441306882, 43.112731108054334 ], [ 144.264331945563072, 43.114663054156779 ], [ 144.264972502978821, 43.11674610794671 ], [ 144.263253890454848, 43.118396945762584 ], [ 144.262977781499558, 43.120667224912665 ], [ 144.265300271690421, 43.126708613212088 ], [ 144.264956108337856, 43.129036386919893 ], [ 144.263601945173832, 43.130348612898331 ], [ 144.25870666637968, 43.130968054232483 ], [ 144.258878339763783, 43.134045838245015 ], [ 144.257216938511078, 43.135030279324099 ], [ 144.256341672430381, 43.137503892490827 ], [ 144.251318611664828, 43.142284171377582 ], [ 144.252089169679607, 43.14636666718809 ], [ 144.248869999650992, 43.150740838319223 ], [ 144.25147138759462, 43.15243861355134 ], [ 144.251908884387717, 43.154204171585434 ], [ 144.250927224012344, 43.156901386789741 ], [ 144.253471114700346, 43.160484171607379 ], [ 144.251015278432533, 43.163181667400181 ], [ 144.248984162289389, 43.163686667306024 ], [ 144.245392775456367, 43.163018891908507 ], [ 144.242601387744003, 43.164177224999094 ], [ 144.244695005869971, 43.170433892110623 ], [ 144.243676938240242, 43.172485278972601 ], [ 144.23903277534248, 43.173146386796475 ], [ 144.237416666646027, 43.174484441304116 ], [ 144.238790829833079, 43.178054721048682 ], [ 144.24038610843229, 43.179051945990693 ], [ 144.240510271532003, 43.180101667058466 ], [ 144.23424749622518, 43.183621667506145 ], [ 144.235348884243763, 43.186004720741437 ], [ 144.232270557940069, 43.189107505007541 ], [ 144.23185749662639, 43.191862775047184 ], [ 144.232735005616178, 43.192465279449266 ], [ 144.23043999960646, 43.195105559474143 ], [ 144.227860271834288, 43.196305837844307 ], [ 144.228090557633323, 43.197529171234407 ], [ 144.226729441810448, 43.200968333421997 ], [ 144.223917224000843, 43.205023333360316 ], [ 144.224418339734825, 43.207654441199679 ], [ 144.222610271646886, 43.209827775231815 ], [ 144.224650557277528, 43.212007505242354 ], [ 144.223506393905154, 43.214045279066568 ], [ 144.221274448357235, 43.215137225103035 ], [ 144.220299442065766, 43.217545279491219 ], [ 144.218349441173928, 43.21828333330933 ], [ 144.21900138760418, 43.2202216672963 ], [ 144.218189169394805, 43.221465279499228 ], [ 144.220271945294257, 43.222681386836712 ], [ 144.219901945318725, 43.225204171335633 ], [ 144.217105837064878, 43.226476945854529 ], [ 144.216667781792921, 43.228460838597016 ], [ 144.215171672335032, 43.229286387456966 ], [ 144.214106393895122, 43.231398892245238 ], [ 144.206243891042959, 43.234993333175964 ], [ 144.206421946016121, 43.238732505600808 ], [ 144.207459999279763, 43.241063613095434 ], [ 144.20410666658961, 43.244254721578329 ], [ 144.203785837046894, 43.245946946194806 ], [ 144.201763890391362, 43.246827225096524 ], [ 144.200886108906957, 43.248411108386108 ], [ 144.199098339416992, 43.248435837943759 ], [ 144.198531945493073, 43.251419441354301 ], [ 144.192061114728858, 43.252517224890198 ], [ 144.186443060698821, 43.256905559444192 ], [ 144.182464448275823, 43.25778333283472 ], [ 144.178917496945132, 43.261024721513877 ], [ 144.176324162430319, 43.259847775154867 ], [ 144.173813890199085, 43.262483054049881 ], [ 144.171113605608639, 43.262816108077118 ], [ 144.171420829307976, 43.26452722475176 ], [ 144.16898333291465, 43.264097225606633 ], [ 144.167785837046949, 43.266037225138007 ], [ 144.161413890338963, 43.269708333273115 ], [ 144.159856666552059, 43.271510278776532 ], [ 144.159606938309707, 43.273377225478725 ], [ 144.157193060811323, 43.273822505004773 ], [ 144.153880271357593, 43.277457224771297 ], [ 144.153171945529039, 43.279777505327786 ], [ 144.151224448349808, 43.281777225238898 ], [ 144.147706108949933, 43.291273612787165 ], [ 144.140558339595827, 43.29646527934932 ], [ 144.135796108303907, 43.29772277528599 ], [ 144.133051387311866, 43.299394441400523 ], [ 144.128851114487475, 43.303451107782564 ], [ 144.127923605889919, 43.310231666858101 ], [ 144.129855836178081, 43.312616945915465 ], [ 144.131412775779154, 43.316845559075432 ], [ 144.129683605214382, 43.318637225327848 ], [ 144.129501387279333, 43.320428333101233 ], [ 144.134318611215122, 43.32094417073705 ], [ 144.139568053822813, 43.3238711078655 ], [ 144.141645836686166, 43.323001387004581 ], [ 144.145046393676353, 43.323178612802906 ], [ 144.148499727380681, 43.319814441483459 ], [ 144.148020557802624, 43.321777505028024 ], [ 144.143775550901182, 43.327521667391181 ], [ 144.142447496854629, 43.332073054428065 ], [ 144.142619169339355, 43.336708054133567 ], [ 144.146488884654445, 43.336010279151253 ], [ 144.149800558049492, 43.338508612882322 ], [ 144.149902217413569, 43.341089170728822 ], [ 144.148924448404728, 43.342263332786729 ], [ 144.150665005285987, 43.343242504737987 ], [ 144.151543890238486, 43.346618054279929 ], [ 144.150232217343159, 43.350283054219744 ], [ 144.153502775532843, 43.351384721028239 ], [ 144.154969999665923, 43.353894720764913 ], [ 144.153831672893602, 43.356735559498645 ], [ 144.151817781465638, 43.358577774844605 ], [ 144.159040829470882, 43.363216666815902 ], [ 144.159253890554737, 43.36754027896086 ], [ 144.165875550216697, 43.371845838115121 ], [ 144.167764448470734, 43.371576386840957 ], [ 144.169124448234925, 43.370199171354841 ], [ 144.168863060282206, 43.371753332950107 ], [ 144.169844449062225, 43.373366107859738 ], [ 144.171796393389059, 43.375198053847271 ], [ 144.175450271413069, 43.376588613473928 ], [ 144.177241672365426, 43.38117333298311 ], [ 144.180535278380603, 43.383177224849192 ], [ 144.178813332969071, 43.388017775400158 ], [ 144.179740829875527, 43.390599720900582 ], [ 144.190003060293179, 43.397228892599458 ], [ 144.199106393745296, 43.401554171188195 ], [ 144.20157416221798, 43.405595000509038 ], [ 144.206335836829567, 43.40826889179607 ], [ 144.205973605197869, 43.411191666862123 ], [ 144.209898884226277, 43.41359417153393 ], [ 144.213298612041513, 43.419290838001928 ], [ 144.217495837063439, 43.42005138746174 ], [ 144.219832775762143, 43.421460838247242 ], [ 144.221526666822342, 43.425255559096968 ], [ 144.227241672265563, 43.42762722511651 ], [ 144.226974162627698, 43.428668613066179 ], [ 144.228758884315198, 43.431539721181366 ], [ 144.231539727476616, 43.434185559016498 ], [ 144.235803332358046, 43.433609170926673 ], [ 144.238011672500875, 43.434515279256914 ], [ 144.238403890227573, 43.435952775400438 ], [ 144.235150557652332, 43.439952225115292 ], [ 144.235570829730136, 43.441111667069947 ], [ 144.232678611828646, 43.442941387235408 ], [ 144.232303605327274, 43.444677505062998 ], [ 144.229800557350018, 43.444927225211416 ], [ 144.230559169670073, 43.447591946111572 ], [ 144.232591945961758, 43.447911108311189 ], [ 144.234166393564351, 43.451242775433911 ], [ 144.237681672571284, 43.453763333211441 ], [ 144.240056666981786, 43.452978892362182 ], [ 144.243111672965483, 43.450565837743397 ], [ 144.247633605406691, 43.448557505025008 ] ] ] ] } },
{ "type": "Feature", "properties": { "fid": 3, "OBJECTID": 8656.0, "N03_001": "北海道", "N03_002": "根室振興局", "N03_003": "標津郡", "N03_004": "中標津町", "N03_007": "01692", "Shape_Leng": 1.5356108085118201, "Shape_Area": 0.076319830106787001, "join_key": "標津郡中標津町" }, "geometry": { "type": "MultiPolygon", "coordinates": [ [ [ [ 144.827989442059334, 43.702104441466986 ], [ 144.831945005757575, 43.69862944129585 ], [ 144.840688884684482, 43.698660000258997 ], [ 144.845776108480777, 43.695310000456345 ], [ 144.852168884386629, 43.695545837770339 ], [ 144.855636109019429, 43.693862775446917 ], [ 144.858570829780206, 43.693670000370389 ], [ 144.861212502854869, 43.692108892411625 ], [ 144.8637225025916, 43.692143054058874 ], [ 144.866800271315697, 43.690933613395714 ], [ 144.873891945457103, 43.69067972129227 ], [ 144.876714448812891, 43.689306387280112 ], [ 144.876748339764276, 43.687431946527283 ], [ 144.878107496863663, 43.686129999799846 ], [ 144.877669169996352, 43.684525838596755 ], [ 144.87928722392644, 43.682567505486134 ], [ 144.879183332444995, 43.679380837855547 ], [ 144.882927497006563, 43.677276945874496 ], [ 144.886268611507376, 43.672602775298003 ], [ 145.020261672538368, 43.625877224954138 ], [ 145.021490829937989, 43.62771027890642 ], [ 145.027344162803047, 43.630903053833038 ], [ 145.031359727469635, 43.630845559275315 ], [ 145.039343333028569, 43.632736387474495 ], [ 145.049535005336452, 43.633445000186782 ], [ 145.052274162222943, 43.635299171120039 ], [ 145.05438805376582, 43.638736108384876 ], [ 145.056684720823341, 43.640011945994672 ], [ 145.063152502885828, 43.639970559194126 ], [ 145.073745836701164, 43.635388333504977 ], [ 145.079604720181919, 43.636253054135295 ], [ 145.079855278498485, 43.62850389194125 ], [ 145.080776938804888, 43.627405279230402 ], [ 145.077189169944404, 43.623124170843994 ], [ 145.074143060953702, 43.6218013868247 ], [ 145.071325836618257, 43.618458054595692 ], [ 145.071606938609534, 43.617291387487683 ], [ 145.070101945648503, 43.614447775244798 ], [ 145.060754720554087, 43.605480000202022 ], [ 145.113323890185598, 43.563901386839689 ], [ 145.11375333265039, 43.562688053910733 ], [ 145.111753333050046, 43.562993891754843 ], [ 145.11238778137124, 43.561876946364123 ], [ 145.110742217179791, 43.561943333418242 ], [ 145.110225278773783, 43.560935559428685 ], [ 145.105655005973972, 43.561854721418399 ], [ 145.106146108656162, 43.561215279161956 ], [ 145.104892502287385, 43.560759721284285 ], [ 145.102738884991709, 43.55769222551595 ], [ 145.10175333235054, 43.558104999945954 ], [ 145.100766666348704, 43.557133613425663 ], [ 145.099115550642296, 43.557857505619552 ], [ 145.097423060725873, 43.556228891850026 ], [ 145.094068053498063, 43.555380000187029 ], [ 145.09220111488969, 43.553525838247026 ], [ 145.089824720234787, 43.554193612745223 ], [ 145.088879727917288, 43.553158613579342 ], [ 145.087284720913317, 43.553320000517772 ], [ 145.087385005213946, 43.552560837812564 ], [ 145.084416666895891, 43.55204250545745 ], [ 145.083848884418671, 43.553208053808817 ], [ 145.083035006060868, 43.552137505341761 ], [ 145.081791672647796, 43.55314389257677 ], [ 145.080995005515319, 43.551860279428524 ], [ 145.078010829236518, 43.552356108048116 ], [ 145.076544720262859, 43.551775279106039 ], [ 145.076772502349286, 43.550707774844113 ], [ 145.074934162181989, 43.550938333137708 ], [ 145.07333111433968, 43.550145559170403 ], [ 145.073180271952197, 43.550888613219115 ], [ 145.071216938610974, 43.549980279066801 ], [ 145.07091749674521, 43.550613891917749 ], [ 145.070111672715711, 43.549252224810516 ], [ 145.06683333269234, 43.549295000164307 ], [ 145.067278611319011, 43.548108892411619 ], [ 145.065228053631927, 43.547692224816501 ], [ 145.063978339528944, 43.545514440938859 ], [ 145.061578611963569, 43.544824170799018 ], [ 145.06147944192287, 43.54568610802761 ], [ 145.05976111448399, 43.545671387025038 ], [ 145.059740271796272, 43.544343613567094 ], [ 145.056197782002187, 43.54546472102021 ], [ 145.055614448448182, 43.545417504814168 ], [ 145.05589805325269, 43.544641666879613 ], [ 145.054777223690053, 43.544605279410291 ], [ 145.053073890647738, 43.547481108066847 ], [ 145.051313890423899, 43.546925279378286 ], [ 145.050591114288636, 43.547708613162115 ], [ 145.050557223337364, 43.5470461077918 ], [ 145.049149727678014, 43.547273612887068 ], [ 145.046377781509591, 43.54517250520712 ], [ 145.045361115023638, 43.545684441583887 ], [ 145.042583060659922, 43.544771386890147 ], [ 145.041654720189399, 43.545831108419065 ], [ 145.040120557717728, 43.545171108559998 ], [ 145.039748340014057, 43.545841386770746 ], [ 145.03810527863584, 43.544736387074749 ], [ 145.037217223296352, 43.545383333274401 ], [ 145.034128884840356, 43.543094440855953 ], [ 145.034371387929355, 43.541962775361981 ], [ 145.030698053972174, 43.542785838495831 ], [ 145.030285836222561, 43.541223332990569 ], [ 145.027415005997909, 43.540594441580367 ], [ 145.027605005766532, 43.53959722473229 ], [ 145.026655836997406, 43.540206667403936 ], [ 145.023261672388458, 43.536831946137568 ], [ 145.0207736053178, 43.537186946320674 ], [ 145.020289441804493, 43.536450558946285 ], [ 145.017370271221239, 43.536179441228398 ], [ 145.018646108831035, 43.535278612817876 ], [ 145.017777781919335, 43.534230279404028 ], [ 145.017303890462358, 43.534829441026034 ], [ 145.015815836232036, 43.534301946377866 ], [ 145.013398053877268, 43.535753333449748 ], [ 145.013039999596458, 43.535062504830876 ], [ 145.010010271756869, 43.535291107998376 ], [ 145.009603060532982, 43.534607775228835 ], [ 145.035257781321775, 43.514012224784494 ], [ 145.034705550820718, 43.512610000051609 ], [ 145.032497496662359, 43.511723333265365 ], [ 145.030778885037648, 43.508926667431922 ], [ 145.023713332604416, 43.508702774913274 ], [ 145.028873060643377, 43.504170558724468 ], [ 144.975566938863267, 43.468669170745784 ], [ 144.968656108492837, 43.468848892162782 ], [ 144.962005836900062, 43.470306945908987 ], [ 144.953113332414546, 43.469434170950422 ], [ 144.951022218001185, 43.467111667269819 ], [ 144.951420829907534, 43.466458054395844 ], [ 144.949501945558495, 43.466257224991125 ], [ 144.946819999943273, 43.464135279120001 ], [ 144.942205836630251, 43.462494721454391 ], [ 144.937284448718515, 43.462444999737102 ], [ 144.934977497014074, 43.461330279269134 ], [ 144.924691607232035, 43.468621252169214 ], [ 144.90049999977532, 43.487909441068041 ], [ 144.898750271607923, 43.486466666803381 ], [ 144.8933130604496, 43.48531833327462 ], [ 144.893445836356477, 43.484542505232582 ], [ 144.889282502285823, 43.481743054198773 ], [ 144.885813890898476, 43.480873333337854 ], [ 144.884759169600216, 43.48163861323161 ], [ 144.882230829988998, 43.48061777479063 ], [ 144.877619169489208, 43.480750558791442 ], [ 144.876895005700135, 43.481427505475153 ], [ 144.871809728036737, 43.479412225494002 ], [ 144.861169999995695, 43.47939083781705 ], [ 144.860417496770197, 43.480278892257218 ], [ 144.856735278410497, 43.480679720992498 ], [ 144.856013890828535, 43.481481387456256 ], [ 144.85002722357774, 43.481161108298693 ], [ 144.846222775660749, 43.483398054077099 ], [ 144.845592775386422, 43.482866667163137 ], [ 144.846308884847303, 43.482502224997859 ], [ 144.844613605233917, 43.481556945796569 ], [ 144.844590271424067, 43.48045027875753 ], [ 144.843572217284191, 43.480681945915251 ], [ 144.842361387168467, 43.479726387462961 ], [ 144.84100221747849, 43.480780559275559 ], [ 144.840189999269228, 43.47985110814227 ], [ 144.837713332904173, 43.480681945915251 ], [ 144.834815550897133, 43.478843333253394 ], [ 144.83028972798877, 43.479377224779284 ], [ 144.820985550742762, 43.478525279018584 ], [ 144.815968053183269, 43.475848613323024 ], [ 144.812213060784302, 43.478835000135291 ], [ 144.811848611424466, 43.480038053813303 ], [ 144.810822502956285, 43.480063892235023 ], [ 144.809557223387287, 43.478780279086777 ], [ 144.807851672616721, 43.47954861307818 ], [ 144.804039727951249, 43.478136946363179 ], [ 144.79993306106212, 43.480332224752544 ], [ 144.7999383391832, 43.478972505576849 ], [ 144.798906938204823, 43.477889441244884 ], [ 144.798894162435772, 43.479246108121572 ], [ 144.797271945544026, 43.479511667129884 ], [ 144.79637610837085, 43.480902224957902 ], [ 144.795079169967948, 43.480316108002171 ], [ 144.792233060307694, 43.480928054386368 ], [ 144.79138666696133, 43.480053054505049 ], [ 144.790738339402992, 43.480914999827519 ], [ 144.787532775217528, 43.480909441118001 ], [ 144.78645972753452, 43.48220610792572 ], [ 144.783582775624723, 43.483156667046728 ], [ 144.78248111421226, 43.482471945723887 ], [ 144.781674162432864, 43.482974441017802 ], [ 144.778689999643916, 43.481104441117225 ], [ 144.774205836930037, 43.480755837811842 ], [ 144.771403605192404, 43.482507775613499 ], [ 144.766273890228035, 43.483924440760518 ], [ 144.755594449024784, 43.492448892302718 ], [ 144.745320557997502, 43.485731667082916 ], [ 144.668723605909918, 43.547072225003376 ], [ 144.61381888433425, 43.570825000173784 ], [ 144.600096108548769, 43.573477775379217 ], [ 144.590495278234698, 43.577229720875096 ], [ 144.586485278572923, 43.576563054341648 ], [ 144.581415278592431, 43.577390838016925 ], [ 144.579269727316273, 43.576601666733723 ], [ 144.576733332477488, 43.58251194646931 ], [ 144.574509441257874, 43.584228054381356 ], [ 144.573853060270721, 43.587167505576076 ], [ 144.574933605601586, 43.592073053728598 ], [ 144.570631387428762, 43.600678613327489 ], [ 144.574227496601907, 43.602334721170621 ], [ 144.579000557529866, 43.602793333145996 ], [ 144.592816666755994, 43.609115837825811 ], [ 144.591673060963217, 43.61534666741494 ], [ 144.592498611621863, 43.616578333023824 ], [ 144.591719999278666, 43.618984171482509 ], [ 144.600911945629946, 43.619903891951196 ], [ 144.605033606016264, 43.62565333333481 ], [ 144.609041114556021, 43.628077505372744 ], [ 144.610111387830443, 43.630678892417109 ], [ 144.61370444830186, 43.634420559561363 ], [ 144.617139169637198, 43.633827225546213 ], [ 144.619576938525029, 43.634285279042558 ], [ 144.622234448661061, 43.633170278885416 ], [ 144.624184720248763, 43.633935838468346 ], [ 144.626889169599622, 43.63374750514339 ], [ 144.630164720825405, 43.632208333447977 ], [ 144.632045005372902, 43.63033889202643 ], [ 144.633748053330123, 43.627110279116266 ], [ 144.633886108257457, 43.6249358380187 ], [ 144.63694055756082, 43.623738054367891 ], [ 144.641450829392397, 43.624956946006421 ], [ 144.642252503050713, 43.628461666972498 ], [ 144.645471387994348, 43.630086667266028 ], [ 144.645518053815294, 43.632599441411287 ], [ 144.646429442065255, 43.633971386870201 ], [ 144.649983605958823, 43.635596666852848 ], [ 144.656699727710475, 43.636370000175532 ], [ 144.660149727627982, 43.638054720848857 ], [ 144.66596138770808, 43.644491666957038 ], [ 144.672807223175028, 43.647723333065528 ], [ 144.678762502287782, 43.652433892010663 ], [ 144.682962502617556, 43.651949441613624 ], [ 144.688099999415613, 43.656545559130393 ], [ 144.696255836837622, 43.657001946183016 ], [ 144.706262502412756, 43.659946386816443 ], [ 144.704743332538897, 43.66813055917811 ], [ 144.706377223530239, 43.668716667140643 ], [ 144.707291387987311, 43.669703333142479 ], [ 144.707213332229685, 43.671075837979686 ], [ 144.711069441701511, 43.674132774807902 ], [ 144.716178053174758, 43.675888054490315 ], [ 144.718115550792163, 43.678997224842192 ], [ 144.720477223545231, 43.679189999918719 ], [ 144.721633332612441, 43.680088333609888 ], [ 144.724333333017057, 43.679911107811563 ], [ 144.732670829895028, 43.684017775600012 ], [ 144.738371114335678, 43.683806666944292 ], [ 144.743844448562641, 43.682385559146383 ], [ 144.747300829170058, 43.684516946100359 ], [ 144.749376108320917, 43.68740972158156 ], [ 144.749085550857671, 43.689314170912439 ], [ 144.752065836669203, 43.692511946069601 ], [ 144.758178053774373, 43.694518333554413 ], [ 144.761028053901782, 43.694052505418938 ], [ 144.762811673020451, 43.695141945944215 ], [ 144.766312502620053, 43.694900000434814 ], [ 144.771409727776927, 43.696437775483105 ], [ 144.774521387452296, 43.69917833351343 ], [ 144.774068053597944, 43.700876107846284 ], [ 144.777929727175319, 43.700674171376079 ], [ 144.782762775581773, 43.698781666840603 ], [ 144.785297496782277, 43.70039722515196 ], [ 144.786690557423412, 43.698889721283763 ], [ 144.793935005696085, 43.698199999730377 ], [ 144.796383606018821, 43.696342225213698 ], [ 144.799953890259985, 43.695759171348868 ], [ 144.801928884210838, 43.694298333301617 ], [ 144.808786108692175, 43.693666108104594 ], [ 144.810315836606719, 43.694289440805221 ], [ 144.813992775946076, 43.700874721091679 ], [ 144.816762217502514, 43.699666667183124 ], [ 144.821011672450936, 43.700983333114493 ], [ 144.822220271348669, 43.699517225040097 ], [ 144.825498611372041, 43.700423333370281 ], [ 144.827989442059334, 43.702104441466986 ] ] ] ] } },
{ "type": "Feature", "properties": { "fid": 4, "OBJECTID": 8658.0, "N03_001": "北海道", "N03_002": "根室振興局", "N03_003": "目梨郡", "N03_004": "羅臼町", "N03_007": "01694", "Shape_Leng": 0.00030363328536100001, "Shape_Area": 6.404733e-09, "join_key": "目梨郡羅臼町" }, "geometry": { "type": "MultiPolygon", "coordinates": [ [ [ [ 145.215062775926526, 44.032925559067451 ], [ 145.21517749704401, 44.032982774835375 ], [ 145.215203332767828, 44.032945000611448 ], [ 145.215062775926526, 44.032925559067451 ] ] ], [ [ [ 145.216283060614956, 44.034012775569295 ], [ 145.21641722327638, 44.034099999915213 ], [ 145.216419727888365, 44.034046386831449 ], [ 145.216283060614956, 44.034012775569295 ] ] ], [ [ [ 145.216911672335982, 44.034090838521536 ], [ 145.217043332184176, 44.03416361346018 ], [ 145.217035550350602, 44.034085559501136 ], [ 145.216911672335982, 44.034090838521536 ] ] ], [ [ [ 145.21712277559584, 44.034265279119495 ], [ 145.217190557498384, 44.03440055873898 ], [ 145.217242502339786, 44.03436944129686 ], [ 145.21712277559584, 44.034265279119495 ] ] ], [ [ [ 145.222848884968244, 44.037146386796508 ], [ 145.222973890732646, 44.037286946335655 ], [ 145.223061114179245, 44.037208892376668 ], [ 145.222848884968244, 44.037146386796508 ] ] ], [ [ [ 145.237645278606919, 44.054577775144367 ], [ 145.237744162663148, 44.054651945830813 ], [ 145.237819727298756, 44.054581667410162 ], [ 145.237645278606919, 44.054577775144367 ] ] ], [ [ [ 145.238460557209123, 44.054685838580781 ], [ 145.238457781901275, 44.054821108307692 ], [ 145.238558053611428, 44.054710559145178 ], [ 145.238460557209123, 44.054685838580781 ] ] ], [ [ [ 145.239897496672256, 44.058185278727819 ], [ 145.240030271679871, 44.058260837967453 ], [ 145.240070557710283, 44.058183891973215 ], [ 145.239897496672256, 44.058185278727819 ] ] ], [ [ [ 145.239338611188145, 44.063466108574232 ], [ 145.239231672803612, 44.063395838247516 ], [ 145.239190000018652, 44.063440000355911 ], [ 145.239338611188145, 44.063466108574232 ] ] ], [ [ [ 145.24190500561167, 44.064522225620408 ], [ 145.241979170002878, 44.064570279095278 ], [ 145.241979170002878, 44.064511667579552 ], [ 145.24190500561167, 44.064522225620408 ] ] ], [ [ [ 145.241557223387304, 44.064645838334911 ], [ 145.241654720688985, 44.064648333054322 ], [ 145.241592217806783, 44.064588332985352 ], [ 145.241557223387304, 44.064645838334911 ] ] ], [ [ [ 145.241295550349491, 44.064733054586952 ], [ 145.241377496574387, 44.064738053918234 ], [ 145.241345005867515, 44.064693891809839 ], [ 145.241295550349491, 44.064733054586952 ] ] ], [ [ [ 145.2450774963296, 44.06504944147872 ], [ 145.245141114371108, 44.065149721282751 ], [ 145.245180271752361, 44.06507027877052 ], [ 145.2450774963296, 44.06504944147872 ] ] ], [ [ [ 145.242345550207119, 44.065310000256488 ], [ 145.242283060814771, 44.065236946528046 ], [ 145.242238884317203, 44.065304721236089 ], [ 145.242345550207119, 44.065310000256488 ] ] ], [ [ [ 145.245881672801147, 44.068387505479166 ], [ 145.245842502829419, 44.06828083779061 ], [ 145.245790557988016, 44.068364170770053 ], [ 145.245881672801147, 44.068387505479166 ] ] ], [ [ [ 145.245124163049809, 44.069973333103007 ], [ 145.245241114486021, 44.07002527884373 ], [ 145.245273890277986, 44.06996417081001 ], [ 145.245124163049809, 44.069973333103007 ] ] ], [ [ [ 145.244402775467847, 44.070733612766162 ], [ 145.244535550475462, 44.070799999820281 ], [ 145.2445511150421, 44.070725838127089 ], [ 145.244402775467847, 44.070733612766162 ] ] ], [ [ [ 145.243937781903242, 44.074878892047423 ], [ 145.244075550846219, 44.075132775157613 ], [ 145.244141945994215, 44.074918053925217 ], [ 145.243937781903242, 44.074878892047423 ] ] ], [ [ [ 145.243488611910038, 44.075287775110894 ], [ 145.243399999910253, 44.075533892575265 ], [ 145.243766938593467, 44.07534638752594 ], [ 145.243488611910038, 44.075287775110894 ] ] ], [ [ [ 145.243362502677542, 44.075649720758179 ], [ 145.243518339899651, 44.075726666752416 ], [ 145.243573060948165, 44.075662775316971 ], [ 145.243362502677542, 44.075649720758179 ] ] ], [ [ [ 145.242967497052518, 44.076024720964256 ], [ 145.24300111460991, 44.075886666936299 ], [ 145.242865836789065, 44.07594917161714 ], [ 145.242967497052518, 44.076024720964256 ] ] ], [ [ [ 145.2421130601698, 44.078899440756743 ], [ 145.242206938599566, 44.078969720976033 ], [ 145.24224472091737, 44.078916387581387 ], [ 145.2421130601698, 44.078899440756743 ] ] ], [ [ [ 145.241729999340123, 44.082844441018324 ], [ 145.241615278222639, 44.082825838541794 ], [ 145.241641387340337, 44.082909171521237 ], [ 145.241729999340123, 44.082844441018324 ] ] ], [ [ [ 145.241847223270952, 44.083057775496115 ], [ 145.241701387409307, 44.08306277482734 ], [ 145.241737781173811, 44.083096667577308 ], [ 145.241847223270952, 44.083057775496115 ] ] ], [ [ [ 145.243232217892682, 44.084333891895767 ], [ 145.24322167244236, 44.084193054466084 ], [ 145.243104448511644, 44.084258333555397 ], [ 145.243232217892682, 44.084333891895767 ] ] ], [ [ [ 145.242878053179766, 44.084378054004162 ], [ 145.242810271277222, 44.084279170847196 ], [ 145.242724448974286, 44.084359721324233 ], [ 145.242878053179766, 44.084378054004162 ] ] ], [ [ [ 145.242433060537451, 44.084414441473484 ], [ 145.24234693876042, 44.084331108494041 ], [ 145.242323605849947, 44.084372774983763 ], [ 145.242433060537451, 44.084414441473484 ] ] ], [ [ [ 145.246357664175093, 44.099654467979462 ], [ 145.245726886886473, 44.099393278776972 ], [ 145.245700699527788, 44.099456973260885 ], [ 145.246357664175093, 44.099654467979462 ] ] ], [ [ [ 145.341939169757097, 44.339731387593645 ], [ 145.344280271417574, 44.339445000286673 ], [ 145.345084720383738, 44.338045558955571 ], [ 145.341042775903588, 44.333401387064555 ], [ 145.340988611535408, 44.32663805450278 ], [ 145.341884720303824, 44.324928333575883 ], [ 145.344813060374577, 44.322551386737302 ], [ 145.348919169684109, 44.321208892276729 ], [ 145.350192502682035, 44.321140000610683 ], [ 145.349685005358879, 44.318625279433263 ], [ 145.351795550524457, 44.316023333010548 ], [ 145.350880557791697, 44.31396777509292 ], [ 145.346189999768853, 44.310795838357421 ], [ 145.346234448760924, 44.306909721206807 ], [ 145.348105278735829, 44.305990279527919 ], [ 145.348912775504346, 44.30377694634916 ], [ 145.348492775921045, 44.301125279108533 ], [ 145.350089727259274, 44.298346945954961 ], [ 145.348761114733861, 44.29457000020551 ], [ 145.350867782022647, 44.291117224980098 ], [ 145.354627496761736, 44.289327225171462 ], [ 145.353406938679427, 44.28669694650705 ], [ 145.356524720939319, 44.283126946451603 ], [ 145.356459169355389, 44.280188613114149 ], [ 145.360157781456678, 44.27696138695859 ], [ 145.36012583663819, 44.273746666775423 ], [ 145.361883605644039, 44.272081667335272 ], [ 145.36319194565192, 44.271770559463903 ], [ 145.363720271273678, 44.272408333477983 ], [ 145.36642555069875, 44.271019171397825 ], [ 145.367549441553706, 44.271410000571223 ], [ 145.367738053668404, 44.270347505533096 ], [ 145.366489441234876, 44.270271946293462 ], [ 145.365830829928996, 44.269316108152054 ], [ 145.366401387714063, 44.264732225012324 ], [ 145.365028053701849, 44.262269999960722 ], [ 145.365018339225117, 44.259464170934905 ], [ 145.367083605324297, 44.258646946199747 ], [ 145.364428339896108, 44.257946108126532 ], [ 145.363915278467516, 44.256850278817467 ], [ 145.364477781924279, 44.255486946165774 ], [ 145.362549727188366, 44.256114440928854 ], [ 145.361214448887836, 44.255329441600622 ], [ 145.361165836933992, 44.25406250548042 ], [ 145.362667781193295, 44.25357138750968 ], [ 145.361411672910549, 44.253097505046014 ], [ 145.361650558027009, 44.251028892569479 ], [ 145.358887781346198, 44.250485837851329 ], [ 145.356193890935515, 44.248070559209111 ], [ 145.352258053866308, 44.246614721392461 ], [ 145.349296108828526, 44.244199721540099 ], [ 145.347973332903166, 44.242603333177442 ], [ 145.347340829815607, 44.241198612825883 ], [ 145.347943605812929, 44.237732774947744 ], [ 145.349813060724387, 44.235333333366782 ], [ 145.349513890453863, 44.234097504796182 ], [ 145.350055278728291, 44.233637225477764 ], [ 145.349111387180983, 44.232605837989183 ], [ 145.349906938254776, 44.231943053829013 ], [ 145.347596108673656, 44.231027505315296 ], [ 145.345910271941648, 44.228344171146773 ], [ 145.348250829512381, 44.223042775603801 ], [ 145.34686666676339, 44.221615559610541 ], [ 145.344177223500196, 44.220844999797066 ], [ 145.343026666847322, 44.220190000168543 ], [ 145.342245278297128, 44.219094721244574 ], [ 145.341455278738295, 44.216461107893963 ], [ 145.337366109058848, 44.21344194618905 ], [ 145.3326127756593, 44.204983892492805 ], [ 145.332478884593002, 44.19888694587604 ], [ 145.332894162735556, 44.196913333283874 ], [ 145.328932502533121, 44.191502224947897 ], [ 145.325445836356494, 44.190508332893387 ], [ 145.32586868948863, 44.189323946443153 ], [ 145.323899247952113, 44.18827305445808 ], [ 145.325750660664653, 44.189345171342723 ], [ 145.3251404670591, 44.190197694468168 ], [ 145.323858611186097, 44.189219721313236 ], [ 145.323308884397647, 44.189905559594081 ], [ 145.321569999356143, 44.18936555897352 ], [ 145.319273060703381, 44.187873332788229 ], [ 145.318062217997181, 44.18579917149475 ], [ 145.31663666664906, 44.180925837957204 ], [ 145.309192217247187, 44.175173333482746 ], [ 145.306644720277745, 44.168825000273728 ], [ 145.303233332752257, 44.165835838153555 ], [ 145.296484720293734, 44.16405027919717 ], [ 145.292721672667199, 44.15644555891555 ], [ 145.288279441743043, 44.153668613415959 ], [ 145.286351114512513, 44.150808054348374 ], [ 145.27559500520556, 44.145351387256881 ], [ 145.266735005816031, 44.139348053769822 ], [ 145.263858339890703, 44.138187775445658 ], [ 145.259488300245039, 44.132989837910884 ], [ 145.257378611234117, 44.127776387070753 ], [ 145.255443747730965, 44.125663278837408 ], [ 145.2549772235202, 44.120326387053296 ], [ 145.251135836849585, 44.114599721000502 ], [ 145.2500074970485, 44.108650837866037 ], [ 145.245925330389809, 44.10132350537566 ], [ 145.24608002547302, 44.100392000190823 ], [ 145.24584105042436, 44.101337360331058 ], [ 145.246877029851248, 44.103338081187644 ], [ 145.24648988250226, 44.10388846807848 ], [ 145.245308170635781, 44.103094945875227 ], [ 145.245970998862731, 44.102704694066517 ], [ 145.244917366643335, 44.101956468016738 ], [ 145.245371244587432, 44.101640973252472 ], [ 145.244858832469276, 44.101792000000955 ], [ 145.244273410689516, 44.099557973421895 ], [ 145.245466134754452, 44.100302559016029 ], [ 145.245108663234419, 44.09944302747391 ], [ 145.24366961036435, 44.099546252557673 ], [ 145.242686393262602, 44.097725279198471 ], [ 145.24129861164181, 44.09129972120536 ], [ 145.240021672362445, 44.089214441593356 ], [ 145.242081672931022, 44.084604441242163 ], [ 145.241512775294495, 44.0832036131564 ], [ 145.241497496712327, 44.082106666889331 ], [ 145.242502217503556, 44.081026667446906 ], [ 145.241586938786327, 44.080114171232196 ], [ 145.241599169566257, 44.077870838468584 ], [ 145.242394163060339, 44.076481108016878 ], [ 145.244007496448944, 44.074422225305625 ], [ 145.244879584325531, 44.074258532505439 ], [ 145.245095498958335, 44.073936586004834 ], [ 145.245257418295409, 44.073034467966465 ], [ 145.24407975337806, 44.074286837767488 ], [ 145.243899104760089, 44.073195252359199 ], [ 145.244779882785565, 44.073070359909366 ], [ 145.243500829200116, 44.073179171581671 ], [ 145.243160271229726, 44.072293612760177 ], [ 145.24503666620933, 44.068285279542181 ], [ 145.242551387936373, 44.065599170965129 ], [ 145.239215005668143, 44.064403333447274 ], [ 145.238404721001302, 44.062220838021403 ], [ 145.238759169899936, 44.057599441461207 ], [ 145.234500558054492, 44.053743054098845 ], [ 145.230474162852488, 44.048076946593994 ], [ 145.229707496204128, 44.045794171364093 ], [ 145.224575005931911, 44.041283332959608 ], [ 145.222478611598831, 44.037022774981267 ], [ 145.217984162439279, 44.036056667481375 ], [ 145.215169727800912, 44.033067505361259 ], [ 145.210441387460264, 44.032804441072244 ], [ 145.208374720217307, 44.030509171561164 ], [ 145.204895680291543, 44.029350721558728 ], [ 145.202469688925135, 44.026484928436844 ], [ 145.20511779485048, 44.024380270233451 ], [ 145.20387111506011, 44.02003389175087 ], [ 145.199432217922663, 44.016150000422329 ], [ 145.203692502507124, 44.02008194612506 ], [ 145.204179026740917, 44.021874532383947 ], [ 145.202997224042861, 44.022121945771346 ], [ 145.204271945593973, 44.02445389233344 ], [ 145.202844941840794, 44.025529612801563 ], [ 145.20006916995635, 44.021847225369299 ], [ 145.200974162228022, 44.020818891978422 ], [ 145.201662502422778, 44.021358333220689 ], [ 145.203001387903896, 44.02130333338232 ], [ 145.2017374968882, 44.021230278754501 ], [ 145.198638417828874, 44.018972946244617 ], [ 145.200141945794371, 44.020329441350782 ], [ 145.199403890177564, 44.021280000471791 ], [ 145.194271413395199, 44.019124775188402 ], [ 145.196151387676537, 44.018346667364995 ], [ 145.197820557273076, 44.019634170980396 ], [ 145.19831916929445, 44.019521946380905 ], [ 145.196025005949423, 44.017913053844552 ], [ 145.19866555037504, 44.017009171336383 ], [ 145.197546108466327, 44.017144720752412 ], [ 145.194796108453829, 44.018339999791351 ], [ 145.192983060819756, 44.017925000438595 ], [ 145.188679610575718, 44.01251555944566 ], [ 145.181916666521147, 44.00846333301655 ], [ 145.179863606020831, 44.005976387400551 ], [ 145.178559830971608, 44.000284369528174 ], [ 145.174324162630228, 43.995941667474142 ], [ 145.168513606018337, 43.992425838082113 ], [ 145.165097275818766, 43.986490532012624 ], [ 145.166655862977905, 43.989640505505065 ], [ 145.164364448860397, 43.989534171464982 ], [ 145.164953060535481, 43.988545838120103 ], [ 145.163959441874908, 43.988866387074268 ], [ 145.163225135531775, 43.987599054353041 ], [ 145.164635005401351, 43.987114468158325 ], [ 145.162904720576535, 43.987613613477663 ], [ 145.160114720518095, 43.986483613528094 ], [ 145.155197223972891, 43.982757505554616 ], [ 145.153881387216416, 43.976678612827868 ], [ 145.152527496546895, 43.974237225068066 ], [ 145.149599169965882, 43.971613891867776 ], [ 145.142213060484551, 43.968457775106401 ], [ 145.139697781727477, 43.963625000093828 ], [ 145.14142055721311, 43.962502504986787 ], [ 145.140514162898512, 43.960178612752941 ], [ 145.141255005514267, 43.96245194600067 ], [ 145.140108663983824, 43.962912973555035 ], [ 145.13922999936517, 43.961561000240124 ], [ 145.140118637465321, 43.96086361286558 ], [ 145.137976666390273, 43.961402224932897 ], [ 145.136008054028594, 43.956421108547488 ], [ 145.129958053821269, 43.950238333332607 ], [ 145.127574162417886, 43.946005279320332 ], [ 145.125834720695934, 43.941516108281917 ], [ 145.126526108693156, 43.938554171338126 ], [ 145.120745005777621, 43.932110838244739 ], [ 145.11861778178536, 43.923076387465471 ], [ 145.116066108364407, 43.919881667305276 ], [ 145.11329861204149, 43.918842225488504 ], [ 145.110900829709749, 43.916636387259643 ], [ 145.108194448615109, 43.910976666739941 ], [ 145.107749169988438, 43.907655559456657 ], [ 145.106406939029171, 43.906281945755381 ], [ 145.106521672737131, 43.904806667294054 ], [ 145.101908339498436, 43.90143110785948 ], [ 145.100581945600538, 43.898067775607501 ], [ 145.096449169593711, 43.895597505220849 ], [ 145.093870271895753, 43.890938613226581 ], [ 145.096782217325654, 43.880277505602578 ], [ 145.096677496669258, 43.877663332896645 ], [ 145.094437223399268, 43.875758333180727 ], [ 145.096757496761256, 43.874892775281523 ], [ 145.096733890456903, 43.873277504753219 ], [ 145.096597223183494, 43.874821387097484 ], [ 145.095501114185254, 43.875180559235559 ], [ 145.094763060367086, 43.874054440760005 ], [ 145.096121504304165, 43.87356427876864 ], [ 145.093502502238834, 43.874136667573339 ], [ 145.093317496405461, 43.872456946231239 ], [ 145.094448884908275, 43.868502225197687 ], [ 145.098546666495622, 43.860920000557769 ], [ 145.089453605999324, 43.860354720893838 ], [ 145.08429527820465, 43.861388333305115 ], [ 145.082579169393284, 43.859708333173216 ], [ 145.080420829757713, 43.859877775339214 ], [ 145.079720271373617, 43.861153612949067 ], [ 145.077275005737079, 43.861773054283219 ], [ 145.071978611324084, 43.860312225229166 ], [ 145.068846108960884, 43.862192225590888 ], [ 145.066213332879215, 43.860012505472923 ], [ 145.057914720887879, 43.864548054549232 ], [ 145.056018884364221, 43.862537774798625 ], [ 145.055383605968814, 43.862462505140684 ], [ 145.055383605968814, 43.863779721457149 ], [ 145.054047496694807, 43.864558054111058 ], [ 145.050399727765353, 43.862907504977557 ], [ 145.050707223959421, 43.864834171160226 ], [ 145.049662775616753, 43.865911946579217 ], [ 145.046173605727517, 43.864313333293865 ], [ 145.040372217703862, 43.865104440817447 ], [ 145.038283605204356, 43.86390166682861 ], [ 145.035828054021636, 43.865318054085094 ], [ 145.033489727669007, 43.864573333592659 ], [ 145.030958611850679, 43.866020838291206 ], [ 145.023464448825393, 43.867640559564336 ], [ 145.021602502353744, 43.869322225240694 ], [ 145.020225005379871, 43.872946667554857 ], [ 145.019076938949752, 43.872634171130244 ], [ 145.018712217994675, 43.874300559123697 ], [ 145.017194162380861, 43.874358054580739 ], [ 145.014980557606805, 43.877925279328338 ], [ 145.012266938768335, 43.877828891790102 ], [ 145.012944162443318, 43.879078891877498 ], [ 145.006845836266507, 43.879911946479297 ], [ 145.004121945371708, 43.884401108524514 ], [ 144.99595722354718, 43.888621946146088 ], [ 144.991433890861572, 43.88994083789953 ], [ 144.990461114888717, 43.891105558874585 ], [ 144.986985836827103, 43.891530559587807 ], [ 144.986344720932266, 43.892392504910333 ], [ 144.974641114695828, 43.893868613445932 ], [ 144.969759727729411, 43.896117225229943 ], [ 144.967718339529938, 43.895998612745927 ], [ 144.966389999499029, 43.898358054280948 ], [ 144.964434720486111, 43.897551107897471 ], [ 144.963720558057503, 43.898687225035587 ], [ 144.962122775745684, 43.8992144408939 ], [ 144.959620271858284, 43.898202225152716 ], [ 144.957900557664743, 43.899264171604386 ], [ 144.955170829270514, 43.898641107801041 ], [ 144.954345005217988, 43.900233054412126 ], [ 144.950945005807512, 43.90237110804037 ], [ 144.950304162407292, 43.901478892437126 ], [ 144.946316393986535, 43.900376387460483 ], [ 144.945769441606672, 43.899202774888295 ], [ 144.935674720711972, 43.901029440956108 ], [ 144.932835836205072, 43.900473053788573 ], [ 144.930192217896661, 43.898724170983883 ], [ 144.928368611322526, 43.899324441469957 ], [ 144.928120557617831, 43.898238054143064 ], [ 144.921517496835236, 43.895924441160219 ], [ 144.921113605908317, 43.894845838364915 ], [ 144.921831114714337, 43.894139721271301 ], [ 144.920951114602417, 43.891731666883061 ], [ 144.916568884646495, 43.890075000561012 ], [ 144.913923890375372, 43.891025279093526 ], [ 144.911592775686245, 43.890688892178787 ], [ 144.908760271869255, 43.889226386788494 ], [ 144.90724861133458, 43.887103054162765 ], [ 144.904895005500293, 43.885719440899663 ], [ 144.902091945487086, 43.885087505284332 ], [ 144.898729441510682, 43.885913332934138 ], [ 144.896353060345632, 43.885213613617566 ], [ 144.892817223736074, 43.882972504877387 ], [ 144.890307496493961, 43.879849171102535 ], [ 144.887540829345994, 43.879548891967943 ], [ 144.881249169613625, 43.876727775366703 ], [ 144.876760557953617, 43.876791108323175 ], [ 144.885701672594337, 43.880726667501847 ], [ 144.888059727374753, 43.88336722541726 ], [ 144.892422217211788, 43.883509721196845 ], [ 144.895024162735126, 43.88498333321445 ], [ 144.897073060273669, 43.886946946244734 ], [ 144.897856108972405, 43.889400000010141 ], [ 144.899936393749726, 43.89104944117895 ], [ 144.89979888471089, 43.893893054321154 ], [ 144.901028611381435, 43.896332774737914 ], [ 144.905564448240852, 43.898623333600142 ], [ 144.905876108295956, 43.902550000282474 ], [ 144.903777223740008, 43.903944721072207 ], [ 144.90489416283549, 43.905535838508285 ], [ 144.908563605426252, 43.906447224959607 ], [ 144.914164720725466, 43.906136108095097 ], [ 144.916601945523553, 43.906966667078166 ], [ 144.917732503052775, 43.909983892542755 ], [ 144.916067223923392, 43.911951666736172 ], [ 144.917772775593335, 43.913639721196319 ], [ 144.920124448784463, 43.91399389220453 ], [ 144.922913605278836, 43.916022505534386 ], [ 144.922272775368469, 43.917884720903317 ], [ 144.922832217533028, 43.918719441049518 ], [ 144.93198111423726, 43.917690559072184 ], [ 144.935009727816919, 43.920195278889196 ], [ 144.9394486114644, 43.921626108358396 ], [ 144.94089722322849, 43.920305837944227 ], [ 144.949443605638066, 43.920116667350499 ], [ 144.953255278708298, 43.92111861283388 ], [ 144.955475837040467, 43.919845838314927 ], [ 144.964865836589297, 43.922134171355083 ], [ 144.966718611774695, 43.923819999993157 ], [ 144.973138884452169, 43.926916108591683 ], [ 144.976278053489523, 43.926406108455296 ], [ 144.976790557338518, 43.929973892581245 ], [ 144.982145550676819, 43.93290110849955 ], [ 144.981971673054431, 43.935791667151875 ], [ 144.985557781766374, 43.93921972091357 ], [ 144.992025278743768, 43.940503892540789 ], [ 144.993014162473742, 43.941101946198046 ], [ 144.993268611257577, 43.9425280542265 ], [ 144.99567693903964, 43.94296361298052 ], [ 144.996295550299578, 43.945182775564831 ], [ 145.00317472093684, 43.946992505599837 ], [ 145.001349727608044, 43.950177774784663 ], [ 144.998838884307247, 43.951672775378427 ], [ 144.998311672945533, 43.953918892443085 ], [ 144.996918339809667, 43.955090558882375 ], [ 144.996662217387552, 43.956158054151047 ], [ 144.997838339967643, 43.957449171242445 ], [ 144.997653605729511, 43.961589171503249 ], [ 144.995577224009821, 43.964213892357407 ], [ 144.99518416271917, 43.967968891950989 ], [ 145.003926666582629, 43.975544171126785 ], [ 145.00528277587955, 43.983781108511494 ], [ 145.010814162243946, 43.988797775097396 ], [ 145.015492502976826, 43.997627774902071 ], [ 145.022030558063989, 44.001195000548989 ], [ 145.026046108341461, 44.00626055877791 ], [ 145.032444448352749, 44.005157225525693 ], [ 145.040070271226227, 44.004995838587263 ], [ 145.040728884330747, 44.006978332883932 ], [ 145.043193605900342, 44.008813054179257 ], [ 145.047492775371438, 44.007528892444611 ], [ 145.049361387618092, 44.007987224730812 ], [ 145.049077223435347, 44.012241386730807 ], [ 145.05002250263658, 44.01358638760189 ], [ 145.049456108712661, 44.016914720937791 ], [ 145.0507599997743, 44.019117505068948 ], [ 145.050719441249385, 44.021500559203616 ], [ 145.051265836949028, 44.022270279050304 ], [ 145.055025550788741, 44.02306694618278 ], [ 145.05834027198614, 44.038160000084076 ], [ 145.062813060974122, 44.040784441249116 ], [ 145.064997496237652, 44.043057225011069 ], [ 145.0734152782926, 44.044063613145397 ], [ 145.077527223302923, 44.043039171120995 ], [ 145.086053332295592, 44.044382224959861 ], [ 145.087849727183311, 44.044115558886119 ], [ 145.088788611305517, 44.04280444087243 ], [ 145.091372502938839, 44.044919441279376 ], [ 145.095348885043222, 44.045553332920122 ], [ 145.095958339406025, 44.047300279484489 ], [ 145.101076393760763, 44.048852775535352 ], [ 145.1058899997239, 44.05546972095101 ], [ 145.108293606065217, 44.056774171391055 ], [ 145.110969999266217, 44.056623053811052 ], [ 145.113330557759241, 44.057961108318636 ], [ 145.116871387404785, 44.067006108145563 ], [ 145.121123605969842, 44.075146945775089 ], [ 145.12701888501374, 44.07895527876326 ], [ 145.138928339771269, 44.090107505257322 ], [ 145.13995416225498, 44.094630279464013 ], [ 145.141171387449731, 44.095178333513445 ], [ 145.140669999221245, 44.095820279482496 ], [ 145.141586393997045, 44.097888053790825 ], [ 145.140984720568554, 44.099658612954784 ], [ 145.14248194518575, 44.10094222520371 ], [ 145.143395836249056, 44.104116386861904 ], [ 145.146637496523454, 44.105684171387566 ], [ 145.148238611722718, 44.107944171286647 ], [ 145.147843332703815, 44.108962225426524 ], [ 145.149527223302925, 44.111870559179124 ], [ 145.155349999902796, 44.111581387571164 ], [ 145.157503060518025, 44.112594721169614 ], [ 145.160320557347973, 44.111846946579476 ], [ 145.162619999713343, 44.113162224856978 ], [ 145.164078884433138, 44.115132224872468 ], [ 145.166727223282919, 44.116403892325934 ], [ 145.165835550870156, 44.118265559108409 ], [ 145.168821387297385, 44.124422504894824 ], [ 145.179369728030679, 44.127970279105284 ], [ 145.181765005750549, 44.133073613356714 ], [ 145.180065278989559, 44.135547224724803 ], [ 145.180502775782656, 44.136154170878456 ], [ 145.182966393884158, 44.137635559333773 ], [ 145.201132217178269, 44.141130000149531 ], [ 145.205056108552753, 44.14283583780383 ], [ 145.20731389072364, 44.144908333552905 ], [ 145.210162502297862, 44.14483305400239 ], [ 145.217771387339781, 44.146683333569172 ], [ 145.221269170036294, 44.150110000576205 ], [ 145.222436938813871, 44.154475279210942 ], [ 145.223675005797077, 44.15569277510167 ], [ 145.229558340045514, 44.157290559212129 ], [ 145.234370829949967, 44.157411386726267 ], [ 145.235474720781895, 44.159908892181818 ], [ 145.23794055751091, 44.160116108571742 ], [ 145.238055005234514, 44.161016667185606 ], [ 145.240367223368821, 44.162040279135738 ], [ 145.242866938458633, 44.161391946181539 ], [ 145.245016666186416, 44.164377225029057 ], [ 145.254332502243415, 44.165306945958946 ], [ 145.259011673050395, 44.16769472153436 ], [ 145.262631672713724, 44.167127225041554 ], [ 145.265425550648843, 44.167786107942675 ], [ 145.272086666266773, 44.167551667275802 ], [ 145.274055005234459, 44.168697505185889 ], [ 145.273797223563179, 44.171933891835806 ], [ 145.270932502433197, 44.175466945942958 ], [ 145.27154722322598, 44.177781666890553 ], [ 145.273648611494423, 44.17945361359358 ], [ 145.287555550448474, 44.185405838608744 ], [ 145.283055550673339, 44.189314170812509 ], [ 145.279092217731886, 44.18946333326636 ], [ 145.282355278273599, 44.192553332770274 ], [ 145.282735278710334, 44.195469720851122 ], [ 145.285378053454565, 44.199519171073064 ], [ 145.281013890878512, 44.201232224887463 ], [ 145.28025583703743, 44.203383612763673 ], [ 145.280708884907312, 44.20599250554983 ], [ 145.276898884575985, 44.205869999900756 ], [ 145.277229441185909, 44.211471108005412 ], [ 145.278758339925616, 44.217241387580145 ], [ 145.277336393959558, 44.219733333426746 ], [ 145.280096393533881, 44.225230000564238 ], [ 145.287366938333662, 44.228138613106694 ], [ 145.286496666188327, 44.232466387314105 ], [ 145.290493605895335, 44.233818053960192 ], [ 145.291571672694772, 44.237177225049038 ], [ 145.294183060200226, 44.240106387100241 ], [ 145.299911672385974, 44.243817505173865 ], [ 145.300658884899804, 44.245629720935028 ], [ 145.302968611912092, 44.246858891824559 ], [ 145.303195278839212, 44.249066945982918 ], [ 145.30184360589783, 44.25146277498726 ], [ 145.299955550308596, 44.252913054094336 ], [ 145.302721114887731, 44.253645000616473 ], [ 145.304173890512857, 44.255168333451991 ], [ 145.308639999336719, 44.253642504997799 ], [ 145.311410557851104, 44.254556387067794 ], [ 145.31664138719043, 44.261626387547892 ], [ 145.317963890621286, 44.265355278923153 ], [ 145.319688053760842, 44.265698891890509 ], [ 145.319169441716554, 44.269190837986969 ], [ 145.319758053391638, 44.271453613193842 ], [ 145.317536393390014, 44.27455472112365 ], [ 145.318174448891909, 44.275948054259459 ], [ 145.320762775981507, 44.277000279039839 ], [ 145.321262217177718, 44.282004721141107 ], [ 145.319403060403147, 44.285728613185142 ], [ 145.317296394013511, 44.287238613571333 ], [ 145.322251114397545, 44.297240838294215 ], [ 145.32240972782688, 44.303779171271913 ], [ 145.326388339350615, 44.305432775402437 ], [ 145.328515550752286, 44.309263054546477 ], [ 145.326627496961578, 44.312312505417935 ], [ 145.327785836347402, 44.318103333602153 ], [ 145.325082503055228, 44.320251108002424 ], [ 145.326061387223376, 44.321933612746193 ], [ 145.325790271304186, 44.325500559603313 ], [ 145.330425005709571, 44.33458055924558 ], [ 145.333283332659903, 44.336363054211745 ], [ 145.334682217310615, 44.338989441509682 ], [ 145.337644162348397, 44.341312505467897 ], [ 145.341939169757097, 44.339731387593645 ] ] ], [ [ [ 145.307499727330764, 44.169379720997483 ], [ 145.307555550948109, 44.169304441446968 ], [ 145.307458053646428, 44.169343333528161 ], [ 145.307499727330764, 44.169379720997483 ] ] ], [ [ [ 145.30714944139379, 44.16934610793669 ], [ 145.307333060472502, 44.169585558726737 ], [ 145.3072705575903, 44.169274440962852 ], [ 145.30714944139379, 44.16934610793669 ] ] ], [ [ [ 145.30751527840755, 44.169599721250279 ], [ 145.307666393289651, 44.169547775509614 ], [ 145.30757527847652, 44.169499441446249 ], [ 145.30751527840755, 44.169599721250279 ] ] ], [ [ [ 145.307925550923642, 44.169628333181208 ], [ 145.308094720595022, 44.169694721134647 ], [ 145.308053060400653, 44.16960889253653 ], [ 145.307925550923642, 44.169628333181208 ] ] ], [ [ [ 145.316558884285314, 44.180467504771684 ], [ 145.316664162521306, 44.180410000321444 ], [ 145.31654722367557, 44.180395837797846 ], [ 145.316558884285314, 44.180467504771684 ] ] ], [ [ [ 145.317497223418286, 44.181222775211097 ], [ 145.317614720742995, 44.1811477753497 ], [ 145.317490829238523, 44.181170558774454 ], [ 145.317497223418286, 44.181222775211097 ] ] ], [ [ [ 145.317535278230707, 44.181437505436691 ], [ 145.317619999763338, 44.18136972083613 ], [ 145.317523605929864, 44.181391945781854 ], [ 145.317535278230707, 44.181437505436691 ] ] ], [ [ [ 145.317203060572979, 44.181407504952574 ], [ 145.3173305574594, 44.181443892421839 ], [ 145.317311115016082, 44.181361946197001 ], [ 145.317203060572979, 44.181407504952574 ] ] ], [ [ [ 145.317428339846174, 44.181731667382735 ], [ 145.317539169597126, 44.181643054483573 ], [ 145.317470000040657, 44.181634170980374 ], [ 145.317428339846174, 44.181731667382735 ] ] ], [ [ [ 145.318382502550662, 44.186034999815547 ], [ 145.318549169408811, 44.186080559470383 ], [ 145.318485278872686, 44.185974999746634 ], [ 145.318382502550662, 44.186034999815547 ] ] ], [ [ [ 145.318705836705135, 44.186135559308809 ], [ 145.318873890317946, 44.186151108586955 ], [ 145.318741114411068, 44.186084721532836 ], [ 145.318705836705135, 44.186135559308809 ] ] ], [ [ [ 145.31870778193877, 44.186635558984051 ], [ 145.318778054064069, 44.18654972139268 ], [ 145.318693332531439, 44.186552225105288 ], [ 145.31870778193877, 44.186635558984051 ] ] ], [ [ [ 145.319757223317424, 44.186743613427211 ], [ 145.31985221780576, 44.186683892148096 ], [ 145.319732502753027, 44.186691666787169 ], [ 145.319757223317424, 44.186743613427211 ] ] ], [ [ [ 145.323390271244193, 44.189272775018708 ], [ 145.323521945481616, 44.189203892345915 ], [ 145.323388884489646, 44.189193333405797 ], [ 145.323390271244193, 44.189272775018708 ] ] ], [ [ [ 145.328868884491612, 44.190745838449857 ], [ 145.32895500536938, 44.190686108177545 ], [ 145.328824720584521, 44.19070027879502 ], [ 145.328868884491612, 44.190745838449857 ] ] ], [ [ [ 145.328242775583817, 44.19082500037365 ], [ 145.328396393279149, 44.190800559498371 ], [ 145.328205005856489, 44.190775559244855 ], [ 145.328242775583817, 44.19082500037365 ] ] ], [ [ [ 145.329143605792979, 44.191249440809202 ], [ 145.329255550703238, 44.191239171450775 ], [ 145.329137223304429, 44.191202505191654 ], [ 145.329143605792979, 44.191249440809202 ] ] ], [ [ [ 145.329854162839524, 44.192414721162606 ], [ 145.329953332880223, 44.192348333209168 ], [ 145.329826938562519, 44.192316945970447 ], [ 145.329854162839524, 44.192414721162606 ] ] ], [ [ [ 145.332774448582086, 44.200544721062215 ], [ 145.332860271784284, 44.200475559599568 ], [ 145.332780829271996, 44.200487225605173 ], [ 145.332774448582086, 44.200544721062215 ] ] ], [ [ [ 145.332730271185255, 44.200779999897236 ], [ 145.332825005769564, 44.200794441210633 ], [ 145.332793891025403, 44.200722775136114 ], [ 145.332730271185255, 44.200779999897236 ] ] ], [ [ [ 145.332701387659085, 44.201152505383959 ], [ 145.332818611589801, 44.20109917109005 ], [ 145.33278722345176, 44.20106805454725 ], [ 145.332701387659085, 44.201152505383959 ] ] ], [ [ [ 145.332800271715314, 44.202811107946445 ], [ 145.332887496960552, 44.202769441456724 ], [ 145.332822502956333, 44.202755278933125 ], [ 145.332800271715314, 44.202811107946445 ] ] ], [ [ [ 145.333584162179477, 44.20283055938296 ], [ 145.333698884196338, 44.202863054586487 ], [ 145.333646666860318, 44.202787505239314 ], [ 145.333584162179477, 44.20283055938296 ] ] ], [ [ [ 145.33385888438022, 44.2029438919472 ], [ 145.333949999193237, 44.202871108015415 ], [ 145.333856108172995, 44.202888053940683 ], [ 145.33385888438022, 44.2029438919472 ] ] ], [ [ [ 145.333157223427293, 44.203114441178684 ], [ 145.3332299992652, 44.203065000049889 ], [ 145.333138884452183, 44.203043053893964 ], [ 145.333157223427293, 44.203114441178684 ] ] ], [ [ [ 145.333753605244851, 44.20654917150722 ], [ 145.333856393258088, 44.206537224913177 ], [ 145.333758611770691, 44.206477505432701 ], [ 145.333753605244851, 44.20654917150722 ] ] ], [ [ [ 145.334051672946543, 44.206645279356337 ], [ 145.334090829428419, 44.206530837927971 ], [ 145.334025550339106, 44.206532225581896 ], [ 145.334051672946543, 44.206645279356337 ] ] ], [ [ [ 145.333878611908631, 44.206803054617467 ], [ 145.33392416257027, 44.206695000174307 ], [ 145.333821114652892, 44.206739171275899 ], [ 145.333878611908631, 44.206803054617467 ] ] ], [ [ [ 145.334116393556883, 44.207341667584046 ], [ 145.334198611377019, 44.207300000195005 ], [ 145.334124448784451, 44.207284441024285 ], [ 145.334116393556883, 44.207341667584046 ] ] ], [ [ [ 145.334209999492032, 44.207688332850466 ], [ 145.33426610819447, 44.207552775340503 ], [ 145.334205005556782, 44.207567224747777 ], [ 145.334209999492032, 44.207688332850466 ] ] ], [ [ [ 145.336537781293714, 44.210907775373698 ], [ 145.336553605764493, 44.210827224896661 ], [ 145.336504162837059, 44.210832504816437 ], [ 145.336537781293714, 44.210907775373698 ] ] ], [ [ [ 145.336652502411198, 44.211233613240836 ], [ 145.336696938812906, 44.21118027894687 ], [ 145.336626666687494, 44.21119055909719 ], [ 145.336652502411198, 44.211233613240836 ] ] ], [ [ [ 145.336709999666937, 44.211544721112148 ], [ 145.336820557822648, 44.211534440961827 ], [ 145.336724162190535, 44.211509441607632 ], [ 145.336709999666937, 44.211544721112148 ] ] ], [ [ [ 145.339451672856626, 44.214970279255169 ], [ 145.339553332220703, 44.214934999750596 ], [ 145.339412775379515, 44.214892225296126 ], [ 145.339451672856626, 44.214970279255169 ] ] ], [ [ [ 145.341226108997944, 44.216177225198976 ], [ 145.34126138760314, 44.216105559124401 ], [ 145.341142776018501, 44.216111946109606 ], [ 145.341226108997944, 44.216177225198976 ] ] ], [ [ [ 145.34183555077027, 44.216506667548856 ], [ 145.341927224062374, 44.216469441012066 ], [ 145.34184250252963, 44.216423892149066 ], [ 145.34183555077027, 44.216506667548856 ] ] ], [ [ [ 145.342155278643418, 44.218295559392743 ], [ 145.3421358362001, 44.21818638709226 ], [ 145.342113605858458, 44.21818638709226 ], [ 145.342155278643418, 44.218295559392743 ] ] ], [ [ [ 145.342307496993612, 44.218535279080015 ], [ 145.34240527848101, 44.21849472145442 ], [ 145.342324448314798, 44.2184388924411 ], [ 145.342307496993612, 44.218535279080015 ] ] ], [ [ [ 145.34246472097027, 44.218763053971941 ], [ 145.342533890526852, 44.218686386767502 ], [ 145.342446666180876, 44.21871610846182 ], [ 145.34246472097027, 44.218763053971941 ] ] ], [ [ [ 145.342395836498781, 44.219125000518545 ], [ 145.342523605879933, 44.219108054593221 ], [ 145.342423332371027, 44.219058613464426 ], [ 145.342395836498781, 44.219125000518545 ] ] ], [ [ [ 145.342571672844656, 44.219424441484932 ], [ 145.342665550375045, 44.219421945866259 ], [ 145.342583332554909, 44.219355279123022 ], [ 145.342571672844656, 44.219424441484932 ] ] ], [ [ [ 145.343111945959663, 44.330484999883026 ], [ 145.34321306033462, 44.330656945761632 ], [ 145.343283332460032, 44.330548892217791 ], [ 145.343111945959663, 44.330484999883026 ] ] ], [ [ [ 145.342947496829652, 44.332350838620471 ], [ 145.343072502594055, 44.332538054088104 ], [ 145.343129727355176, 44.332422225005871 ], [ 145.342947496829652, 44.332350838620471 ] ] ], [ [ [ 145.343680557611833, 44.333306387180187 ], [ 145.343663605391271, 44.333495278984117 ], [ 145.343744163062865, 44.333460000378864 ], [ 145.343680557611833, 44.333306387180187 ] ] ], [ [ [ 145.343545005497731, 44.333531667352759 ], [ 145.343606393220625, 44.333764721265027 ], [ 145.343677781404722, 44.333729440861191 ], [ 145.343545005497731, 44.333531667352759 ] ] ], [ [ [ 145.343426108827998, 44.339775838384412 ], [ 145.343256666662, 44.339663892574777 ], [ 145.343217781775365, 44.339716108112043 ], [ 145.343426108827998, 44.339775838384412 ] ] ], [ [ [ 145.341988611785155, 44.340020559201605 ], [ 145.342022217651447, 44.340210558970284 ], [ 145.342121387692032, 44.340148054289443 ], [ 145.341988611785155, 44.340020559201605 ] ] ], [ [ [ 145.343592502292381, 44.3403172248602 ], [ 145.343366108759142, 44.340726107923729 ], [ 145.343704449001279, 44.340395278819244 ], [ 145.343592502292381, 44.3403172248602 ] ] ], [ [ [ 145.340355836852609, 44.341555558942048 ], [ 145.340226666327794, 44.341811666974991 ], [ 145.340354162314952, 44.341803892335918 ], [ 145.340355836852609, 44.341555558942048 ] ] ], [ [ [ 145.344603890657254, 44.220858054355915 ], [ 145.344710557446433, 44.220817775520118 ], [ 145.344599999290722, 44.220800838587991 ], [ 145.344603890657254, 44.220858054355915 ] ] ], [ [ [ 145.345059441340368, 44.220951667485622 ], [ 145.345030829409438, 44.220898333191712 ], [ 145.34499833960183, 44.220929721329753 ], [ 145.345059441340368, 44.220951667485622 ] ] ], [ [ [ 145.348421387737062, 44.222027225176475 ], [ 145.348423890550293, 44.222296667457385 ], [ 145.348548884623483, 44.222243333163476 ], [ 145.348421387737062, 44.222027225176475 ] ] ], [ [ [ 145.348776938305264, 44.222856387512422 ], [ 145.348512502550079, 44.222816107777305 ], [ 145.348494162675593, 44.222831666948025 ], [ 145.348776938305264, 44.222856387512422 ] ] ], [ [ [ 145.348776393316029, 44.22336694612784 ], [ 145.348395278619364, 44.223106667039247 ], [ 145.34836416297594, 44.223240837794606 ], [ 145.348776393316029, 44.22336694612784 ] ] ], [ [ [ 145.348207781663973, 44.223849999877757 ], [ 145.348268884301774, 44.223751107727594 ], [ 145.348198611277098, 44.223751107727594 ], [ 145.348207781663973, 44.223849999877757 ] ] ], [ [ [ 145.348417223875913, 44.223943891797319 ], [ 145.348563060636934, 44.223959441075522 ], [ 145.348433060937168, 44.223866945803081 ], [ 145.348417223875913, 44.223943891797319 ] ] ], [ [ [ 145.347670557250581, 44.224526946561525 ], [ 145.347755278783325, 44.224477505432674 ], [ 145.347664162171554, 44.22446833324716 ], [ 145.347670557250581, 44.224526946561525 ] ] ], [ [ [ 145.349798884710935, 44.233019721283256 ], [ 145.349826393173657, 44.232922224880951 ], [ 145.34973527836064, 44.23297305456299 ], [ 145.349798884710935, 44.233019721283256 ] ] ], [ [ [ 145.350005836700234, 44.233895838122578 ], [ 145.350109999776805, 44.233867225292386 ], [ 145.350009728066652, 44.233855279597663 ], [ 145.350005836700234, 44.233895838122578 ] ] ], [ [ [ 145.349751945496109, 44.233975278836226 ], [ 145.349880830036454, 44.233975278836226 ], [ 145.349839169841971, 44.233911387400781 ], [ 145.349751945496109, 44.233975278836226 ] ] ], [ [ [ 145.349862502752444, 44.234186387491945 ], [ 145.349966666728506, 44.234122505049754 ], [ 145.349874448447167, 44.234126387423032 ], [ 145.349862502752444, 44.234186387491945 ] ] ], [ [ [ 145.348331387183975, 44.23818055908572 ], [ 145.348401945293745, 44.238113054174278 ], [ 145.348351114712386, 44.238106387499954 ], [ 145.348331387183975, 44.23818055908572 ] ] ], [ [ [ 145.348251945571064, 44.238381107902001 ], [ 145.34828055750188, 44.238303053942957 ], [ 145.34820749657888, 44.238356387337546 ], [ 145.348251945571064, 44.238381107902001 ] ] ], [ [ [ 145.349146393291562, 44.238808333537918 ], [ 145.34919722387292, 44.238743054448548 ], [ 145.349113890893477, 44.238757504755199 ], [ 145.349146393291562, 44.238808333537918 ] ] ], [ [ [ 145.349626666337713, 44.240386107732832 ], [ 145.349689169219914, 44.24032222529064 ], [ 145.349583605898829, 44.240310559285035 ], [ 145.349626666337713, 44.240386107732832 ] ] ], [ [ [ 145.349039727401646, 44.240466945992921 ], [ 145.349169728000675, 44.240396667572327 ], [ 145.349025550488932, 44.240443613082448 ], [ 145.349039727401646, 44.240466945992921 ] ] ], [ [ [ 145.34846527825016, 44.243090279193211 ], [ 145.348433891011496, 44.243014720852841 ], [ 145.348381945270717, 44.243074720921811 ], [ 145.34846527825016, 44.243090279193211 ] ] ], [ [ [ 145.348865005315929, 44.243290837902009 ], [ 145.348921114917744, 44.243219170928171 ], [ 145.348831114364657, 44.243236107860241 ], [ 145.348865005315929, 44.243290837902009 ] ] ], [ [ [ 145.34999888494076, 44.244569440927137 ], [ 145.350089999753891, 44.244519999798342 ], [ 145.349993605920304, 44.244542224744066 ], [ 145.34999888494076, 44.244569440927137 ] ] ], [ [ [ 145.348785005224045, 44.302322774976233 ], [ 145.348893060566525, 44.302484441603838 ], [ 145.348899441256435, 44.302312505617806 ], [ 145.348785005224045, 44.302322774976233 ] ] ], [ [ [ 145.349637496873129, 44.302276108255967 ], [ 145.349624720204815, 44.302549721592527 ], [ 145.349731387893371, 44.302519721108411 ], [ 145.349637496873129, 44.302276108255967 ] ] ], [ [ [ 145.348331672269069, 44.306125837937259 ], [ 145.348554448729033, 44.305607775378689 ], [ 145.348215836891541, 44.30577944156812 ], [ 145.348331672269069, 44.306125837937259 ] ] ], [ [ [ 145.349125550603844, 44.321296387318569 ], [ 145.349219999203797, 44.321460000079128 ], [ 145.349290271329096, 44.321388333105233 ], [ 145.349125550603844, 44.321296387318569 ] ] ], [ [ [ 145.348234162376912, 44.322042224769007 ], [ 145.34817833965883, 44.322246666750459 ], [ 145.348352775760191, 44.322184171062815 ], [ 145.348234162376912, 44.322042224769007 ] ] ], [ [ [ 145.347976393296108, 44.32218138676177 ], [ 145.347730271335081, 44.322471667233799 ], [ 145.347977781849295, 44.322682774990255 ], [ 145.347976393296108, 44.32218138676177 ] ] ], [ [ [ 145.347085836942028, 44.322387225390287 ], [ 145.34713639323013, 44.322542225343568 ], [ 145.347201672319557, 44.32247055926905 ], [ 145.347085836942028, 44.322387225390287 ] ] ], [ [ [ 145.344414162483758, 44.323096667277525 ], [ 145.34427333224869, 44.323336108174999 ], [ 145.344511672375916, 44.323212505353013 ], [ 145.344414162483758, 44.323096667277525 ] ] ], [ [ [ 145.343987223731574, 44.323855559286812 ], [ 145.344063890936013, 44.324063891735364 ], [ 145.344227781587051, 44.32397805414405 ], [ 145.343987223731574, 44.323855559286812 ] ] ], [ [ [ 145.343924448354755, 44.324144721002256 ], [ 145.344093890520753, 44.324269721370683 ], [ 145.344126393818215, 44.324176108240977 ], [ 145.343924448354755, 44.324144721002256 ] ] ], [ [ [ 145.346001387654042, 44.338286387506969 ], [ 145.34593888477184, 44.338538891956489 ], [ 145.34611861158487, 44.338499999875239 ], [ 145.346001387654042, 44.338286387506969 ] ] ], [ [ [ 145.346643332723829, 44.33848944093512 ], [ 145.346235836414849, 44.338625000243724 ], [ 145.346580557347011, 44.33894777501996 ], [ 145.346643332723829, 44.33848944093512 ] ] ], [ [ [ 145.344360829988545, 44.339684720873322 ], [ 145.344100557195134, 44.339588333335087 ], [ 145.344084721033255, 44.339619721473127 ], [ 145.344360829988545, 44.339684720873322 ] ] ], [ [ [ 145.34469306023675, 44.339497505405689 ], [ 145.344713890333992, 44.339810000031662 ], [ 145.344883060904749, 44.339825559202382 ], [ 145.34469306023675, 44.339497505405689 ] ] ], [ [ [ 145.344597781562584, 44.339855279098003 ], [ 145.344428339396472, 44.340058333425532 ], [ 145.344631672513856, 44.339912504758445 ], [ 145.344597781562584, 44.339855279098003 ] ] ], [ [ [ 145.345735550755194, 44.340200278819964 ], [ 145.345498611771745, 44.340465837828333 ], [ 145.345621114722803, 44.340496946277199 ], [ 145.345735550755194, 44.340200278819964 ] ] ], [ [ [ 145.34550749617415, 44.340581666910566 ], [ 145.345520557927557, 44.340790000258494 ], [ 145.345710829291534, 44.340649441618609 ], [ 145.34550749617415, 44.340581666910566 ] ] ], [ [ [ 145.346810829656192, 44.340531107924448 ], [ 145.346727496676863, 44.340825000073835 ], [ 145.346887781945725, 44.34084083803441 ], [ 145.346810829656192, 44.340531107924448 ] ] ], [ [ [ 145.34438111419729, 44.341335559588572 ], [ 145.344081672331527, 44.341260000348882 ], [ 145.344079169518182, 44.341390278838446 ], [ 145.34438111419729, 44.341335559588572 ] ] ], [ [ [ 145.350296108179009, 44.233794441360544 ], [ 145.350354720594055, 44.233704721395952 ], [ 145.350269999960688, 44.23372944106103 ], [ 145.350296108179009, 44.233794441360544 ] ] ], [ [ [ 145.351373060718402, 44.234272225083259 ], [ 145.351538339922627, 44.234220279342594 ], [ 145.351421114193272, 44.234177504888123 ], [ 145.351373060718402, 44.234272225083259 ] ] ], [ [ [ 145.350976108960481, 44.234657505439714 ], [ 145.351080272037052, 44.234566387029304 ], [ 145.350963060696927, 44.234614441403494 ], [ 145.350976108960481, 44.234657505439714 ] ] ], [ [ [ 145.350203605712068, 44.23501277541942 ], [ 145.350327223822546, 44.23503889173162 ], [ 145.350324721009201, 44.234979171351824 ], [ 145.350203605712068, 44.23501277541942 ] ] ], [ [ [ 145.35027416292246, 44.235255279407795 ], [ 145.350393890565783, 44.235190000318426 ], [ 145.350288339835174, 44.235203053977898 ], [ 145.35027416292246, 44.235255279407795 ] ] ], [ [ [ 145.350356108247979, 44.235619721573073 ], [ 145.350493605595602, 44.235660558887844 ], [ 145.350491387867464, 44.235629999924697 ], [ 145.350356108247979, 44.235619721573073 ] ] ], [ [ [ 145.350668053388176, 44.244681667325267 ], [ 145.350720271623459, 44.244602224812979 ], [ 145.350638053803323, 44.244654171453021 ], [ 145.350668053388176, 44.244681667325267 ] ] ], [ [ [ 145.350289169909388, 44.2448441712217 ], [ 145.350378884478118, 44.244785558806655 ], [ 145.350294448929844, 44.244789441179933 ], [ 145.350289169909388, 44.2448441712217 ] ] ], [ [ [ 145.351405005536776, 44.245651387401779 ], [ 145.351595550294633, 44.245581667460158 ], [ 145.351433605776492, 44.245535559218865 ], [ 145.351405005536776, 44.245651387401779 ] ] ], [ [ [ 145.351683332220205, 44.245835559563602 ], [ 145.351672775978045, 44.245769171610164 ], [ 145.351633890192034, 44.245808053798783 ], [ 145.351683332220205, 44.245835559563602 ] ] ], [ [ [ 145.351765278444987, 44.245977504958034 ], [ 145.351843332404087, 44.245903333372326 ], [ 145.35174167304001, 44.245918892543045 ], [ 145.351765278444987, 44.245977504958034 ] ] ], [ [ [ 145.353961387807999, 44.246924721299024 ], [ 145.354228339866154, 44.246921107823027 ], [ 145.353983605559165, 44.246835279224911 ], [ 145.353961387807999, 44.246924721299024 ] ] ], [ [ [ 145.355283890339479, 44.247487224755787 ], [ 145.355316108551733, 44.247409441492721 ], [ 145.355245005452844, 44.247423613009516 ], [ 145.355283890339479, 44.247487224755787 ] ] ], [ [ [ 145.355619727768385, 44.247733612916079 ], [ 145.355666666983325, 44.247649171072567 ], [ 145.355592502592117, 44.247676387255638 ], [ 145.355619727768385, 44.247733612916079 ] ] ], [ [ [ 145.355911114406581, 44.247798892005449 ], [ 145.356020557402985, 44.247745278921627 ], [ 145.355899441206475, 44.247733612916079 ], [ 145.355911114406581, 44.247798892005449 ] ] ], [ [ [ 145.356751387866439, 44.248243613052466 ], [ 145.356848884268743, 44.248178612752952 ], [ 145.35674082982564, 44.248193054066348 ], [ 145.356751387866439, 44.248243613052466 ] ] ], [ [ [ 145.357435836694663, 44.24839500042907 ], [ 145.357554448279302, 44.248375279195955 ], [ 145.357521945881331, 44.248311667449684 ], [ 145.357435836694663, 44.24839500042907 ] ] ], [ [ [ 145.357038884936742, 44.248582505478396 ], [ 145.357044163057822, 44.248514720877836 ], [ 145.356975005192567, 44.248536667033704 ], [ 145.357038884936742, 44.248582505478396 ] ] ], [ [ [ 145.357392775356516, 44.248958333060784 ], [ 145.357508885027187, 44.248902504946841 ], [ 145.357398053477596, 44.24889583827246 ], [ 145.357392775356516, 44.248958333060784 ] ] ], [ [ [ 145.359502503038243, 44.250103054012925 ], [ 145.359618053330678, 44.250161667327234 ], [ 145.359594720420205, 44.250065278889679 ], [ 145.359502503038243, 44.250103054012925 ] ] ], [ [ [ 145.361124448334749, 44.25034389245684 ], [ 145.361239169452233, 44.250293333470722 ], [ 145.361089441324793, 44.250288054450323 ], [ 145.361124448334749, 44.25034389245684 ] ] ], [ [ [ 145.359229169390801, 44.25040389252581 ], [ 145.35929805386229, 44.25032833328612 ], [ 145.359213332329546, 44.250337505471691 ], [ 145.359229169390801, 44.25040389252581 ] ] ], [ [ [ 145.361584448863368, 44.250421946415884 ], [ 145.36129389050086, 44.250617225204962 ], [ 145.361611672241111, 44.250521108362648 ], [ 145.361584448863368, 44.250421946415884 ] ] ], [ [ [ 145.357409169997368, 44.283054171512958 ], [ 145.357498884566098, 44.283400558888843 ], [ 145.357617223656121, 44.283309171581152 ], [ 145.357409169997368, 44.283054171512958 ] ] ], [ [ [ 145.357761672763218, 44.283049171282414 ], [ 145.357769727990785, 44.283451107982387 ], [ 145.357889441244879, 44.283470838208757 ], [ 145.357761672763218, 44.283049171282414 ] ] ], [ [ [ 145.356039169772089, 44.284707774744163 ], [ 145.356216393771774, 44.284835559413693 ], [ 145.356235836215092, 44.28475333349968 ], [ 145.356039169772089, 44.284707774744163 ] ] ], [ [ [ 145.356032775592325, 44.285308054223492 ], [ 145.35556805362296, 44.285321946051113 ], [ 145.35550805355399, 44.285480838270246 ], [ 145.356032775592325, 44.285308054223492 ] ] ], [ [ [ 145.356529999959662, 44.285659721519096 ], [ 145.356615836651713, 44.285798612815881 ], [ 145.356719999728398, 44.285746667075216 ], [ 145.356529999959662, 44.285659721519096 ] ] ], [ [ [ 145.355925836308529, 44.285681666775645 ], [ 145.355605550855671, 44.285831108019408 ], [ 145.355961114913725, 44.28592499993897 ], [ 145.355925836308529, 44.285681666775645 ] ] ], [ [ [ 145.350238053343674, 44.296975837764876 ], [ 145.350248611384472, 44.296698612750959 ], [ 145.350135278820289, 44.296848332784521 ], [ 145.350238053343674, 44.296975837764876 ] ] ], [ [ [ 145.350989727394222, 44.2984288921798 ], [ 145.351110829201616, 44.298535558969036 ], [ 145.35114972757799, 44.298405279580152 ], [ 145.350989727394222, 44.2984288921798 ] ] ], [ [ [ 145.350651114657353, 44.298391108063356 ], [ 145.35077749638458, 44.29855250489436 ], [ 145.350824162205527, 44.298426107878754 ], [ 145.350651114657353, 44.298391108063356 ] ] ], [ [ [ 145.351294162295972, 44.298398892595003 ], [ 145.351278611219072, 44.298606946253756 ], [ 145.351506108220519, 44.298509440858197 ], [ 145.351294162295972, 44.298398892595003 ] ] ], [ [ [ 145.352525836898053, 44.298582505378477 ], [ 145.352523060690828, 44.29888194634492 ], [ 145.352662502372709, 44.298745279071511 ], [ 145.352525836898053, 44.298582505378477 ] ] ], [ [ [ 145.350216939060715, 44.30429527960365 ], [ 145.350382502450657, 44.304430838012934 ], [ 145.350321114727876, 44.304245838474856 ], [ 145.350216939060715, 44.30429527960365 ] ] ], [ [ [ 145.350754448559087, 44.304364441066241 ], [ 145.350490271808781, 44.304510278726525 ], [ 145.350778053964177, 44.30445833298586 ], [ 145.350754448559087, 44.304364441066241 ] ] ], [ [ [ 145.352553332770299, 44.31647000019052 ], [ 145.352868339202701, 44.316030000584249 ], [ 145.352348884493608, 44.316170559224076 ], [ 145.352553332770299, 44.31647000019052 ] ] ], [ [ [ 145.353058339870699, 44.316576945769611 ], [ 145.35310666673945, 44.316726667601813 ], [ 145.353158611580852, 44.31669666711764 ], [ 145.353058339870699, 44.316576945769611 ] ] ], [ [ [ 145.350449169194007, 44.321181667100404 ], [ 145.350563332731781, 44.321403054107805 ], [ 145.350593332316635, 44.321347225094541 ], [ 145.350449169194007, 44.321181667100404 ] ] ], [ [ [ 145.3620594419898, 44.250781387451241 ], [ 145.361858884180378, 44.250948054309447 ], [ 145.362140271256749, 44.250826946206757 ], [ 145.3620594419898, 44.250781387451241 ] ] ], [ [ [ 145.361786108342358, 44.251385559196365 ], [ 145.361853890245015, 44.251291946066601 ], [ 145.361758884964729, 44.251359441085526 ], [ 145.361786108342358, 44.251385559196365 ] ] ], [ [ [ 145.362773332823281, 44.25310277507316 ], [ 145.36285027162296, 44.253236945828576 ], [ 145.362889169999335, 44.253161387488205 ], [ 145.362773332823281, 44.25310277507316 ] ] ], [ [ [ 145.362701945538561, 44.254894441325575 ], [ 145.36277221766386, 44.25508305433965 ], [ 145.362882775819571, 44.255048054524252 ], [ 145.362701945538561, 44.254894441325575 ] ] ], [ [ [ 145.363822502606581, 44.255162504945815 ], [ 145.36373027173488, 44.255334440931847 ], [ 145.363924162870035, 44.255249721197856 ], [ 145.363822502606581, 44.255162504945815 ] ] ], [ [ [ 145.36471972743368, 44.255274721451428 ], [ 145.364555550798173, 44.255472775548299 ], [ 145.364845836666177, 44.25533722523295 ], [ 145.36471972743368, 44.255274721451428 ] ] ], [ [ [ 145.365772775993037, 44.256134171155225 ], [ 145.365836666529162, 44.256328054196501 ], [ 145.365955005619185, 44.256169440767223 ], [ 145.365772775993037, 44.256134171155225 ] ] ], [ [ [ 145.368077496479486, 44.257421667576068 ], [ 145.367811672171115, 44.257731386894136 ], [ 145.368223060745891, 44.257587225570148 ], [ 145.368077496479486, 44.257421667576068 ] ] ], [ [ [ 145.36831861191456, 44.257619171287899 ], [ 145.36846666640372, 44.257704441406986 ], [ 145.368462775936564, 44.25761333288915 ], [ 145.36831861191456, 44.257619171287899 ] ] ], [ [ [ 145.367816667005741, 44.258162504795905 ], [ 145.367790829483397, 44.257830279044299 ], [ 145.36727639389062, 44.25786166718234 ], [ 145.367816667005741, 44.258162504795905 ] ] ], [ [ [ 145.366511387390801, 44.25806083823727 ], [ 145.366633605256879, 44.258001107964901 ], [ 145.366513890204033, 44.257995837937756 ], [ 145.366511387390801, 44.25806083823727 ] ] ], [ [ [ 145.368641114196294, 44.258101386869669 ], [ 145.368453605549689, 44.257952774800856 ], [ 145.368253332825248, 44.258070000530267 ], [ 145.368641114196294, 44.258101386869669 ] ] ], [ [ [ 145.367332502593058, 44.258019170848229 ], [ 145.366995278409604, 44.258288613129139 ], [ 145.367397496597391, 44.258127225291389 ], [ 145.367332502593058, 44.258019170848229 ] ] ], [ [ [ 145.36762306095568, 44.258210559170152 ], [ 145.367766108919, 44.258321108332666 ], [ 145.367772775593266, 44.25824555898555 ], [ 145.36762306095568, 44.258210559170152 ] ] ], [ [ [ 145.367409169797497, 44.25831472134746 ], [ 145.367207496828655, 44.258409721231828 ], [ 145.367557781866367, 44.258542505232583 ], [ 145.367409169797497, 44.25831472134746 ] ] ], [ [ [ 145.367232217393052, 44.258649440919157 ], [ 145.367268612056932, 44.258797775097435 ], [ 145.367340271836269, 44.258705278925675 ], [ 145.367232217393052, 44.258649440919157 ] ] ], [ [ [ 145.368091672492824, 44.258922775465862 ], [ 145.36804221787429, 44.259110279615868 ], [ 145.368230829988988, 44.258998332906913 ], [ 145.368091672492824, 44.258922775465862 ] ] ], [ [ [ 145.367148884413609, 44.258994441540437 ], [ 145.366762217302721, 44.258994441540437 ], [ 145.366742775758667, 44.259050279546955 ], [ 145.367148884413609, 44.258994441540437 ] ] ], [ [ [ 145.367311672495816, 44.261186946420594 ], [ 145.367849441898443, 44.260535838158546 ], [ 145.36674916993843, 44.261136107745358 ], [ 145.367311672495816, 44.261186946420594 ] ] ], [ [ [ 145.367517223341338, 44.261679171456763 ], [ 145.367645005312966, 44.261723333565158 ], [ 145.367630557704274, 44.261660837877514 ], [ 145.367517223341338, 44.261679171456763 ] ] ], [ [ [ 145.367750271857744, 44.261876945864515 ], [ 145.367893332411541, 44.262024171178723 ], [ 145.367961114314198, 44.261938053898234 ], [ 145.367750271857744, 44.261876945864515 ] ] ], [ [ [ 145.366236393594818, 44.263006945814084 ], [ 145.366224720394712, 44.263181387311363 ], [ 145.366320830042469, 44.263081108406595 ], [ 145.366236393594818, 44.263006945814084 ] ] ], [ [ [ 145.366263605281347, 44.264039441267357 ], [ 145.366395005225513, 44.264155559031963 ], [ 145.366452502481138, 44.264077225383801 ], [ 145.366263605281347, 44.264039441267357 ] ] ], [ [ [ 145.366929999320178, 44.267420559411448 ], [ 145.367066393199707, 44.267307775433665 ], [ 145.366849727633053, 44.267302224817968 ], [ 145.366929999320178, 44.267420559411448 ] ] ], [ [ [ 145.367508053853726, 44.267351666846139 ], [ 145.367340271836269, 44.267496107859245 ], [ 145.367537781843339, 44.267481946235023 ], [ 145.367508053853726, 44.267351666846139 ] ] ], [ [ [ 145.368040557725749, 44.267715000147291 ], [ 145.368171945978702, 44.267205838179052 ], [ 145.367588611525434, 44.26750666679942 ], [ 145.368040557725749, 44.267715000147291 ] ] ], [ [ [ 145.365735836339923, 44.271659721619017 ], [ 145.365820271888197, 44.271789721318726 ], [ 145.365858053306738, 44.27169861280089 ], [ 145.365735836339923, 44.271659721619017 ] ] ], [ [ [ 145.365645836686213, 44.271841945849303 ], [ 145.36573055731958, 44.27199555904798 ], [ 145.365833332742341, 44.271936945733614 ], [ 145.365645836686213, 44.271841945849303 ] ] ], [ [ [ 145.366983060220264, 44.27230944132782 ], [ 145.366619999413615, 44.271839441237375 ], [ 145.366333332417526, 44.272598612935781 ], [ 145.366983060220264, 44.27230944132782 ] ] ], [ [ [ 145.364147496909595, 44.272496946377146 ], [ 145.364254162799512, 44.272668892255751 ], [ 145.364308884747402, 44.27250361305147 ], [ 145.364147496909595, 44.272496946377146 ] ] ], [ [ [ 145.363170829570322, 44.272882505523398 ], [ 145.363117496175732, 44.272526945961943 ], [ 145.362987223981349, 44.27257500033619 ], [ 145.363170829570322, 44.272882505523398 ] ] ], [ [ [ 145.366237223669145, 44.272925279078549 ], [ 145.366301945178861, 44.273171387549667 ], [ 145.366424449029296, 44.272998054017137 ], [ 145.366237223669145, 44.272925279078549 ] ] ], [ [ [ 145.362571945838795, 44.273082775549824 ], [ 145.362737496638374, 44.273183054454591 ], [ 145.362747781285293, 44.273043612772653 ], [ 145.362571945838795, 44.273082775549824 ] ] ], [ [ [ 145.367176938764942, 44.273132505360991 ], [ 145.367005005476813, 44.273256108183034 ], [ 145.367111945659985, 44.273293892299478 ], [ 145.367176938764942, 44.273132505360991 ] ] ], [ [ [ 145.366147224015322, 44.273218333059788 ], [ 145.36614972772793, 44.273446386741512 ], [ 145.366287781755886, 44.273316108251947 ], [ 145.366147224015322, 44.273218333059788 ] ] ], [ [ [ 145.366100271310643, 44.27350194595823 ], [ 145.366043060938637, 44.273670000470304 ], [ 145.366145836361397, 44.273526667421947 ], [ 145.366100271310643, 44.27350194595823 ] ] ] ] } },
{ "type": "Feature", "properties": { "fid": 5, "OBJECTID": 8434.0, "N03_001": "北海道", "N03_002": "十勝総合振興局", "N03_003": "中川郡", "N03_004": "池田町", "N03_007": "01644", "Shape_Leng": 1.042390170630983, "Shape_Area": 0.041035371642362997, "join_key": "中川郡池田町" }, "geometry": { "type": "MultiPolygon", "coordinates": [ [ [ [ 143.443787496196137, 43.100012224784507 ], [ 143.448643605917823, 43.100759440895672 ], [ 143.454846666240883, 43.092479441273383 ], [ 143.469642502299848, 43.078101387069523 ], [ 143.473387223541749, 43.077255278808252 ], [ 143.475884162424336, 43.075026667047212 ], [ 143.477735836839543, 43.074756107808298 ], [ 143.47934778167496, 43.07276666714813 ], [ 143.480779999697461, 43.073808332988335 ], [ 143.51065527841854, 43.056715559175871 ], [ 143.55792416227041, 43.076095279273886 ], [ 143.562157223477243, 43.072043891912244 ], [ 143.558159169510191, 43.067554441184654 ], [ 143.562493060906263, 43.063350838170834 ], [ 143.561828611201577, 43.062122775246053 ], [ 143.563175006021879, 43.06000472074146 ], [ 143.562701387958896, 43.055264441001327 ], [ 143.565098884306281, 43.04936805399268 ], [ 143.568058054036101, 43.047851386932109 ], [ 143.570218339804683, 43.048184721547841 ], [ 143.57049972778043, 43.046385559446151 ], [ 143.573823890959943, 43.044310279396029 ], [ 143.573520271743291, 43.042998054316911 ], [ 143.574584162529277, 43.040792504770423 ], [ 143.581331387333876, 43.040104170870961 ], [ 143.5811305579291, 43.038355838451366 ], [ 143.582238884217304, 43.035643892351914 ], [ 143.584085278712791, 43.035535837908753 ], [ 143.588438053173832, 43.0328813872664 ], [ 143.590450829442375, 43.032593613204824 ], [ 143.591039442016836, 43.027549721442654 ], [ 143.58822639323364, 43.026264440951365 ], [ 143.588548053749832, 43.022085559401205 ], [ 143.587186666331718, 43.020654720938808 ], [ 143.58534527836207, 43.020383891903236 ], [ 143.584361114274202, 43.019040279585397 ], [ 143.585373060218785, 43.016695559052948 ], [ 143.582549441703577, 43.013668054337415 ], [ 143.582761672713218, 43.012028892419607 ], [ 143.584275836960501, 43.011139999811292 ], [ 143.584395836199064, 43.009824721533846 ], [ 143.581119999888301, 43.008653054195236 ], [ 143.579156394052575, 43.008882224834963 ], [ 143.578766394054014, 43.005600559118648 ], [ 143.577342775348939, 43.00496277521205 ], [ 143.57751221751505, 43.003509720797126 ], [ 143.574441114565957, 43.002050000607198 ], [ 143.576317782040178, 43.000708613212112 ], [ 143.575189999818804, 42.998351107917472 ], [ 143.576663060551937, 42.996577224859209 ], [ 143.575749169488745, 42.995755559271799 ], [ 143.576041114605914, 42.994632775482387 ], [ 143.577431387348838, 42.993310837725176 ], [ 143.576255005764096, 42.991570558734452 ], [ 143.579210557521378, 42.988197504811183 ], [ 143.576255278258714, 42.987784440799487 ], [ 143.577855005804054, 42.984537225412794 ], [ 143.577412502485231, 42.983336667353456 ], [ 143.578608340003029, 42.982233333201918 ], [ 143.582314720448153, 42.982274720901842 ], [ 143.58181194546512, 42.98066138751318 ], [ 143.583206938749413, 42.978734170945415 ], [ 143.582327223722586, 42.977300000494779 ], [ 143.582886393392528, 42.975321946151041 ], [ 143.579311387710504, 42.975484441054277 ], [ 143.575262217177738, 42.974213332979105 ], [ 143.574873332338598, 42.973637505166892 ], [ 143.576217781925266, 42.972040559224581 ], [ 143.573101945798385, 42.970465559438196 ], [ 143.570482217980157, 42.966523333585144 ], [ 143.565286108767054, 42.965570559433957 ], [ 143.564848884468574, 42.962377225128989 ], [ 143.567654162210033, 42.953060000518803 ], [ 143.568116666451147, 42.947790838476578 ], [ 143.570216393671785, 42.947961108018887 ], [ 143.576919441978816, 42.946265000129813 ], [ 143.577556394012504, 42.940500279264654 ], [ 143.579598053807331, 42.937268333466989 ], [ 143.579933605251881, 42.935027505315304 ], [ 143.577921387462197, 42.933676666944791 ], [ 143.578449727473071, 42.927801667613039 ], [ 143.572934720461149, 42.924402224882954 ], [ 143.572521672637208, 42.922283054319678 ], [ 143.570023606004838, 42.919624170918894 ], [ 143.569773332773252, 42.915464999810069 ], [ 143.568213605273854, 42.911447225509221 ], [ 143.563766108819095, 42.909730837908 ], [ 143.560664720300792, 42.909668612916334 ], [ 143.559321387672071, 42.905567225047548 ], [ 143.555084720183913, 42.904572505616784 ], [ 143.552022502536602, 42.901046666770412 ], [ 143.550176394025584, 42.900190000468285 ], [ 143.549012775619303, 42.896534170915402 ], [ 143.550957781676516, 42.893952225415035 ], [ 143.51335555041851, 42.881345278961646 ], [ 143.490025278543953, 42.876168613091181 ], [ 143.488388611345499, 42.877694170849452 ], [ 143.48164666646062, 42.874732224912407 ], [ 143.480002775907565, 42.876353332940141 ], [ 143.443446938225748, 42.873849441398761 ], [ 143.428253332925124, 42.895060558897853 ], [ 143.417154720414146, 42.906216108386843 ], [ 143.409457496766208, 42.911466108574245 ], [ 143.388366108709079, 42.921396946012408 ], [ 143.383876666974743, 42.925036666908795 ], [ 143.378705005831534, 42.931030559313001 ], [ 143.381214720483172, 42.934665279079525 ], [ 143.380735550905115, 42.937935838168585 ], [ 143.37441360560365, 42.942851667370746 ], [ 143.366148611169592, 42.942228892249716 ], [ 143.361948884233811, 42.94045027875751 ], [ 143.358394448745003, 42.940939721291272 ], [ 143.347663890975923, 42.940168612891341 ], [ 143.340438339258185, 42.941225559112411 ], [ 143.33214778159504, 42.939697225146972 ], [ 143.320883890779101, 42.936267504941554 ], [ 143.32060778182381, 42.938116386961838 ], [ 143.322784448743505, 42.941509171111534 ], [ 143.323154162734568, 42.943759171448789 ], [ 143.319940271726296, 42.948549721492611 ], [ 143.321856666751955, 42.95155722528591 ], [ 143.325431387348772, 42.953715838315475 ], [ 143.32564221721475, 42.956369171100505 ], [ 143.324295836783563, 42.959118613533349 ], [ 143.325483890669148, 42.963195000249243 ], [ 143.330263060691891, 42.96653944134232 ], [ 143.332268339312577, 42.966258333055805 ], [ 143.336562217172741, 42.968016108356892 ], [ 143.340220557632847, 42.967011107876488 ], [ 143.342150000022684, 42.964990558767454 ], [ 143.350930557799188, 42.966972224788492 ], [ 143.352570557885088, 42.968360000114103 ], [ 143.355818053860276, 42.968003333487218 ], [ 143.358452775175579, 42.96949027885347 ], [ 143.362681672521376, 42.96905305455499 ], [ 143.36716277574169, 42.96997499994643 ], [ 143.367287781506093, 42.971219441324308 ], [ 143.370800271715325, 42.976166946447563 ], [ 143.370557781216803, 42.977401108574441 ], [ 143.368503333062563, 42.97939861345543 ], [ 143.36782082946786, 42.982686667056214 ], [ 143.371255278308581, 42.98505417101336 ], [ 143.371669727276299, 42.986723053726109 ], [ 143.373375005552248, 42.987226108398374 ], [ 143.373606938909234, 42.989628891860036 ], [ 143.375346109035831, 42.991443891922245 ], [ 143.373723890345445, 42.99311555893604 ], [ 143.373911387300836, 42.994414721362489 ], [ 143.370690272038587, 42.996815279002078 ], [ 143.370480271347674, 42.998502225497475 ], [ 143.371848339829171, 43.000039171370815 ], [ 143.370437496893146, 43.001038891931501 ], [ 143.369214448588082, 43.003987505419218 ], [ 143.367473605722466, 43.004487225405285 ], [ 143.367483605284292, 43.005784440799459 ], [ 143.364926666332735, 43.007494999894504 ], [ 143.366233890281933, 43.010033892150545 ], [ 143.363981114636886, 43.015812775539302 ], [ 143.36192250262161, 43.018188613513871 ], [ 143.363013890179104, 43.018873333038073 ], [ 143.363707496803727, 43.020948613088194 ], [ 143.359576393535917, 43.022935559029008 ], [ 143.358936938688998, 43.025813892297435 ], [ 143.353879999562537, 43.026109171201483 ], [ 143.351863060332107, 43.027395558758201 ], [ 143.35489138792741, 43.029435559303806 ], [ 143.354923890325495, 43.030753333199925 ], [ 143.356335005756137, 43.0318063871552 ], [ 143.357310271951633, 43.034198054097089 ], [ 143.356062775576788, 43.035771945918725 ], [ 143.356754448659103, 43.036954441094736 ], [ 143.356123890805065, 43.038835559313782 ], [ 143.352085005818594, 43.041096667177612 ], [ 143.351702217483535, 43.04542194576635 ], [ 143.349215279062037, 43.046218612898826 ], [ 143.348608611698296, 43.050100837783589 ], [ 143.3467297273952, 43.052110837845078 ], [ 143.345556108527717, 43.056740559429443 ], [ 143.344133060892204, 43.057689441314835 ], [ 143.341932775977057, 43.057508612832407 ], [ 143.340781672536309, 43.059446945920001 ], [ 143.341163060626968, 43.061515838085597 ], [ 143.340185005633657, 43.063158613479402 ], [ 143.341187497005535, 43.066325000498523 ], [ 143.340286666796374, 43.068548892617457 ], [ 143.341024720614541, 43.070366667088194 ], [ 143.343678053399572, 43.071790837976948 ], [ 143.342595836229066, 43.075743612877602 ], [ 143.343356108697662, 43.076600279179729 ], [ 143.343449727223287, 43.078846108461278 ], [ 143.344667172751997, 43.079370414113498 ], [ 143.350324720509661, 43.077819170818259 ], [ 143.354386303485285, 43.078649414139306 ], [ 143.356746056185671, 43.08163305442207 ], [ 143.359454526405443, 43.082537613220438 ], [ 143.36510175084527, 43.08207758661149 ], [ 143.373806109064844, 43.083603333227416 ], [ 143.377035836234995, 43.08557305445305 ], [ 143.380010829536332, 43.085044720737415 ], [ 143.386856666801918, 43.085805279190424 ], [ 143.415760829698684, 43.115441667399182 ], [ 143.424530829434389, 43.112043892012196 ], [ 143.427041387650092, 43.109429441415728 ], [ 143.443787496196137, 43.100012224784507 ] ] ] ] } },
{ "type": "Feature", "properties": { "fid": 6, "OBJECTID": 8296.0, "N03_001": "北海道", "N03_002": "十勝総合振興局", "N03_003": "河東郡", "N03_004": "上士幌町", "N03_007": "01633", "Shape_Leng": 1.69756874686786, "Shape_Area": 0.077315753643212998, "join_key": "河東郡上士幌町" }, "geometry": { "type": "MultiPolygon", "coordinates": [ [ [ [ 143.147324162580162, 43.594966386789508 ], [ 143.149317496405502, 43.592988891824064 ], [ 143.154754162574704, 43.591518054214987 ], [ 143.158958053371634, 43.593762504835922 ], [ 143.173220557283116, 43.594812505592813 ], [ 143.175968053583006, 43.59128583847081 ], [ 143.179642217614401, 43.590519170923187 ], [ 143.180893605355777, 43.587771946218538 ], [ 143.185158884774864, 43.586471666834143 ], [ 143.185485836901989, 43.585742775308972 ], [ 143.183029999734913, 43.582963891770362 ], [ 143.183498339676817, 43.582476945754593 ], [ 143.187160829608729, 43.582371946308456 ], [ 143.194199169456283, 43.584656387082759 ], [ 143.200784162859009, 43.583011946144552 ], [ 143.204561945877231, 43.585052774965732 ], [ 143.20802610831845, 43.584467505171403 ], [ 143.209689441314822, 43.582983613003478 ], [ 143.213165550350027, 43.5753036131714 ], [ 143.218010829536297, 43.575906387370026 ], [ 143.224856938397124, 43.575129721159897 ], [ 143.226037496433491, 43.574865000319676 ], [ 143.227802502283794, 43.572791107923479 ], [ 143.22717277540346, 43.571032225556905 ], [ 143.223918053375655, 43.568641667479142 ], [ 143.224164448730448, 43.563654720788918 ], [ 143.225866109033859, 43.562176387330567 ], [ 143.223507496673847, 43.556825558752678 ], [ 143.225333060172716, 43.554976946529052 ], [ 143.231569441276861, 43.553065558928552 ], [ 143.232949169468725, 43.551635000155272 ], [ 143.235620557942525, 43.550783054394628 ], [ 143.235272502324278, 43.548307225298402 ], [ 143.233721945211755, 43.545581945850302 ], [ 143.230306108740137, 43.543164721075186 ], [ 143.230943890848039, 43.539448892352652 ], [ 143.22781888433417, 43.536326108063577 ], [ 143.226656393677786, 43.532355558962024 ], [ 143.227732776046992, 43.527521666991504 ], [ 143.230771114895219, 43.523489170788764 ], [ 143.231170557775158, 43.519978333533459 ], [ 143.23252138805185, 43.518864721030241 ], [ 143.231748611409444, 43.512589441549665 ], [ 143.235313890923521, 43.504923613234325 ], [ 143.238713332754287, 43.500198054496764 ], [ 143.237630829599311, 43.497616386886932 ], [ 143.238369727880809, 43.495871945833812 ], [ 143.22941277527957, 43.495099721375198 ], [ 143.228204162891984, 43.49409222527612 ], [ 143.227966393834208, 43.492281108486509 ], [ 143.226791672397894, 43.491983333064525 ], [ 143.224476666365263, 43.488777505377755 ], [ 143.223754720304328, 43.4855133332739 ], [ 143.221906394065059, 43.483874441152693 ], [ 143.219741387754993, 43.47877666740942 ], [ 143.219781945380646, 43.476210837760107 ], [ 143.215667496657829, 43.468759441095472 ], [ 143.218124162999857, 43.464506108270427 ], [ 143.217538339223211, 43.462864440841429 ], [ 143.218661387413249, 43.459497774802628 ], [ 143.217381945320653, 43.457043613072472 ], [ 143.215094720245361, 43.456088613099155 ], [ 143.21445861177574, 43.453008333468006 ], [ 143.211240829400936, 43.449206945943956 ], [ 143.214673890587733, 43.445387224840715 ], [ 143.217192502232365, 43.443874441052799 ], [ 143.220620557792699, 43.443316945920458 ], [ 143.227235278285661, 43.438543054018908 ], [ 143.227947223885508, 43.43681583858023 ], [ 143.232372217504007, 43.432023891889287 ], [ 143.236645278756782, 43.430252505349017 ], [ 143.236513605418736, 43.428690838011903 ], [ 143.234781387950875, 43.427698613300549 ], [ 143.234680271777279, 43.426468613236068 ], [ 143.231355006028934, 43.423085838540771 ], [ 143.231409441992355, 43.420143054458549 ], [ 143.234079441912854, 43.417107505307285 ], [ 143.238163605965838, 43.41619166721182 ], [ 143.239316108751609, 43.411940838099383 ], [ 143.244084162254467, 43.409201387134488 ], [ 143.242500829349979, 43.40540222543251 ], [ 143.243568884896263, 43.400691667386695 ], [ 143.243501672264529, 43.396936666893851 ], [ 143.242603332278122, 43.394585559376253 ], [ 143.239208339393485, 43.393809721441642 ], [ 143.2369769388348, 43.386776387220664 ], [ 143.240396938268304, 43.38540250552137 ], [ 143.242601673028958, 43.386331108593936 ], [ 143.247024720514673, 43.38654777505991 ], [ 143.249152502985794, 43.382225559562073 ], [ 143.250233060907249, 43.38156638707926 ], [ 143.250194448515117, 43.377496387348572 ], [ 143.250986108222492, 43.376715559075933 ], [ 143.254569170031345, 43.376184171262651 ], [ 143.25915221770083, 43.376889720884094 ], [ 143.260144162723122, 43.375371945858774 ], [ 143.263250829362505, 43.375314721097652 ], [ 143.263610271297125, 43.374273333147983 ], [ 143.26877610843087, 43.372435000175301 ], [ 143.280636667048725, 43.372570838273759 ], [ 143.282936393599812, 43.3709225050697 ], [ 143.28257444885196, 43.36863638705978 ], [ 143.28327472035221, 43.367050838225794 ], [ 143.285636394004541, 43.365985558886621 ], [ 143.285410272066542, 43.363285559381211 ], [ 143.28623833992765, 43.361355838201519 ], [ 143.285764448470673, 43.359903054482572 ], [ 143.286764448720533, 43.357551946065598 ], [ 143.291183332345099, 43.355067774858071 ], [ 143.292680557861672, 43.352828891939964 ], [ 143.291561115053582, 43.351046108291428 ], [ 143.30789805365248, 43.343952505104198 ], [ 143.310312218034596, 43.340955559351755 ], [ 143.310811945215278, 43.338890559451897 ], [ 143.318849169253895, 43.331559721404176 ], [ 143.320287223876448, 43.327953332980087 ], [ 143.318702775812653, 43.324261667242297 ], [ 143.316558053711333, 43.322899440756771 ], [ 143.313953605374763, 43.322562775052177 ], [ 143.310987496475946, 43.32040610815551 ], [ 143.311320557697741, 43.316084999723103 ], [ 143.312796108653629, 43.314065559478138 ], [ 143.381808339583358, 43.306139441282369 ], [ 143.387225550718767, 43.30370944073826 ], [ 143.391226938472641, 43.302950000142573 ], [ 143.394547781355186, 43.299695279014088 ], [ 143.396924162520236, 43.299313891822806 ], [ 143.399828611201656, 43.296224440905405 ], [ 143.399896394003576, 43.294422505294563 ], [ 143.403199169506252, 43.292723333415267 ], [ 143.403283891038882, 43.291890559401963 ], [ 143.412081387546209, 43.288091667496644 ], [ 143.402129999699923, 43.245148054139577 ], [ 143.41101639329213, 43.24455417153797 ], [ 143.403137496698264, 43.233124720929311 ], [ 143.401406393490447, 43.228585838066124 ], [ 143.400409441942315, 43.21967027945999 ], [ 143.402966938473583, 43.218972505376996 ], [ 143.404378339888694, 43.216376667149632 ], [ 143.406703605387293, 43.216077225283868 ], [ 143.406771387289837, 43.214832505116192 ], [ 143.405839169842011, 43.212613892017657 ], [ 143.404019169549201, 43.212645279256378 ], [ 143.401037496983122, 43.210517504879135 ], [ 143.398225550768757, 43.210239171001092 ], [ 143.394671387774451, 43.207942225153715 ], [ 143.398215550307555, 43.204033892050631 ], [ 143.397046108791073, 43.203099170890198 ], [ 143.399012502525125, 43.199786946210793 ], [ 143.39575250237624, 43.1971986128259 ], [ 143.396541672760122, 43.195870558779404 ], [ 143.395971672554879, 43.192852774835842 ], [ 143.39192416217054, 43.187587505059469 ], [ 143.372223060346187, 43.189784721487854 ], [ 143.374258339450989, 43.191152775580292 ], [ 143.3733602719592, 43.192143054158805 ], [ 143.374658053926282, 43.192653333085048 ], [ 143.374490829488423, 43.195690838261726 ], [ 143.375948611639274, 43.197514441238638 ], [ 143.375713890383963, 43.198486946515516 ], [ 143.373556108327875, 43.199037505176875 ], [ 143.37291082947138, 43.200213332779242 ], [ 143.255690557173693, 43.21398694634064 ], [ 143.259063605701044, 43.217342225163748 ], [ 143.260265278919633, 43.220116945740642 ], [ 143.102890271868773, 43.2495147213275 ], [ 143.108185550223197, 43.256472225612868 ], [ 143.109354448549084, 43.262356946615967 ], [ 143.116491504279679, 43.277161117591675 ], [ 143.118001140440469, 43.283814532314977 ], [ 143.117726653862178, 43.290816396559592 ], [ 143.118668339372562, 43.297546386756494 ], [ 143.121418339385059, 43.299442775463888 ], [ 143.119681114491982, 43.301501107790045 ], [ 143.119579441638052, 43.302946387565896 ], [ 143.122079727797427, 43.303252225410063 ], [ 143.124373606057247, 43.305280837840542 ], [ 143.126129999999648, 43.305425278853704 ], [ 143.126433060737327, 43.308517225389778 ], [ 143.128242775483841, 43.311003892216036 ], [ 143.127854448224411, 43.31223555872424 ], [ 143.130145836261477, 43.312157504765196 ], [ 143.132455550683289, 43.314334170785514 ], [ 143.133765550839712, 43.314003333587152 ], [ 143.1350750060069, 43.315133892015695 ], [ 143.138319441589147, 43.315785000277685 ], [ 143.143509169212962, 43.318833891770851 ], [ 143.142704448651557, 43.320349440974098 ], [ 143.143799169995873, 43.321634440876892 ], [ 143.141994720779962, 43.324606666964257 ], [ 143.142907223289853, 43.325520838616001 ], [ 143.14127972737765, 43.326802775427893 ], [ 143.143287223726588, 43.328631946107578 ], [ 143.14214666663554, 43.330381945870272 ], [ 143.135382775594849, 43.333888891759102 ], [ 143.135722217506554, 43.334925559167402 ], [ 143.13411027177176, 43.337031387388777 ], [ 143.133560829169141, 43.340658333415547 ], [ 143.129623332850656, 43.345225559312269 ], [ 143.12969082966822, 43.346884170867952 ], [ 143.126261114858721, 43.350219441574154 ], [ 143.120977781299757, 43.353786667221073 ], [ 143.119753890330003, 43.355484441553926 ], [ 143.112603605572076, 43.356762774782396 ], [ 143.111697496342572, 43.358017505303792 ], [ 143.111749441183974, 43.360077225283874 ], [ 143.11323888486686, 43.362845279186445 ], [ 143.113124162849999, 43.364519721508088 ], [ 143.10685610852272, 43.369558054560741 ], [ 143.106825005469773, 43.372799999920232 ], [ 143.103108611973084, 43.375195279438742 ], [ 143.102629441495651, 43.377223613079423 ], [ 143.096775551050996, 43.382715000297196 ], [ 143.096624720354725, 43.385037775573039 ], [ 143.095762502537696, 43.386048054174523 ], [ 143.087747496250131, 43.388750837980979 ], [ 143.076834162966406, 43.389992504950328 ], [ 143.075308339908133, 43.389831386909123 ], [ 143.069835005681171, 43.384500559253581 ], [ 143.059879727367729, 43.384411946354419 ], [ 143.052427223637665, 43.386156387407539 ], [ 143.048305005671637, 43.388226387537941 ], [ 143.046013332549478, 43.39076805420251 ], [ 143.041628053891714, 43.391014999942456 ], [ 143.038753332300644, 43.393663054606463 ], [ 143.031917223900905, 43.396437224798262 ], [ 143.032444720347712, 43.397494440815933 ], [ 143.031575550771208, 43.399415559080978 ], [ 143.032118611784654, 43.407006107845746 ], [ 143.027312502570112, 43.410977225318845 ], [ 143.028343605872919, 43.415550838200772 ], [ 143.031052217286174, 43.417513891852821 ], [ 143.028348053919785, 43.420398054526743 ], [ 143.028502775982474, 43.422692225066328 ], [ 143.026010557641257, 43.424715278787232 ], [ 143.026015550677357, 43.427236108160002 ], [ 143.028738053918232, 43.42971666679091 ], [ 143.03084833917967, 43.439133892415384 ], [ 143.035316666631047, 43.444571108070363 ], [ 143.033498884965752, 43.447719171402809 ], [ 143.033316667030704, 43.451734171295129 ], [ 143.031769727890833, 43.453653613223821 ], [ 143.032299169571161, 43.457123053786063 ], [ 143.034655836697652, 43.457888892158792 ], [ 143.037362502877386, 43.461143613287277 ], [ 143.040036666659034, 43.462478333108777 ], [ 143.040793060351689, 43.464385838335943 ], [ 143.044138884602035, 43.466362225336582 ], [ 143.041539999471524, 43.467912505457946 ], [ 143.044459170054779, 43.470211667234821 ], [ 143.04419610846378, 43.471170278885438 ], [ 143.045456109012434, 43.473306666969279 ], [ 143.042558611191112, 43.478796946222246 ], [ 143.040041945679377, 43.479967505596051 ], [ 143.039208339793277, 43.481960558832895 ], [ 143.031840557595842, 43.487806108065627 ], [ 143.031578612063527, 43.493163613210356 ], [ 143.028511114496496, 43.496285559331284 ], [ 143.026965278824719, 43.500429720755164 ], [ 143.025374162287903, 43.502388613244079 ], [ 143.023883332749733, 43.507912775354441 ], [ 143.019625836962973, 43.509349721112926 ], [ 143.018497223768009, 43.511484721542843 ], [ 143.015061114778746, 43.513376387010794 ], [ 143.010434720686021, 43.514686108377362 ], [ 143.008533890227, 43.52001389182783 ], [ 143.013322218046142, 43.524566386829463 ], [ 143.01413333278731, 43.526115837775876 ], [ 143.013644720327761, 43.528533054457057 ], [ 143.02357749670432, 43.534261108163776 ], [ 143.02283000000466, 43.536243892042137 ], [ 143.023432776001982, 43.537656667621263 ], [ 143.023065550435035, 43.539894440775981 ], [ 143.020178884947768, 43.542514171292112 ], [ 143.021379169613169, 43.545645000016918 ], [ 143.023097781237766, 43.548648613343005 ], [ 143.030844448712514, 43.550544440873409 ], [ 143.034235550230619, 43.556068612876345 ], [ 143.03555555084813, 43.556982775534834 ], [ 143.036085836992015, 43.561608333258164 ], [ 143.03891583619702, 43.561663333096533 ], [ 143.041228053432064, 43.563117505368723 ], [ 143.046132776006971, 43.560674171476023 ], [ 143.052664720200823, 43.559532224932411 ], [ 143.054445836506375, 43.557271108075327 ], [ 143.05985555089319, 43.555189720729174 ], [ 143.064659727464573, 43.557889999923702 ], [ 143.06885194596066, 43.558620558791915 ], [ 143.070351114912228, 43.564468892325692 ], [ 143.07549277557132, 43.565885279582176 ], [ 143.07970888455759, 43.563735279359832 ], [ 143.083519169973897, 43.564384170793005 ], [ 143.090519169923937, 43.567260838517029 ], [ 143.092608884992273, 43.569631107889506 ], [ 143.095819169719107, 43.570345559000486 ], [ 143.097362502577653, 43.572014440813973 ], [ 143.101191387772474, 43.572279721032487 ], [ 143.101956108287936, 43.573773612762182 ], [ 143.101541945304689, 43.575400837978464 ], [ 143.102889169299942, 43.576494170769536 ], [ 143.11308389030944, 43.57912444134007 ], [ 143.113949169418788, 43.581665838208039 ], [ 143.116201945963212, 43.58359944086169 ], [ 143.121406938679456, 43.583365278984616 ], [ 143.124409999821864, 43.58665222551997 ], [ 143.12684527848694, 43.586302505256583 ], [ 143.134153332210644, 43.587919721018466 ], [ 143.13605555032359, 43.589972505426942 ], [ 143.141684448378783, 43.592181667550108 ], [ 143.1425722177338, 43.593427505575107 ], [ 143.142469727396133, 43.595149720783127 ], [ 143.147324162580162, 43.594966386789508 ] ] ] ] } },
{ "type": "Feature", "properties": { "fid": 7, "OBJECTID": 8433.0, "N03_001": "北海道", "N03_002": "十勝総合振興局", "N03_003": "中川郡", "N03_004": "幕別町", "N03_007": "01643", "Shape_Leng": 1.732425193727209, "Shape_Area": 0.052517046066560998, "join_key": "中川郡幕別町" }, "geometry": { "type": "MultiPolygon", "coordinates": [ [ [ [ 143.37441360560365, 42.942851667370746 ], [ 143.380735550905115, 42.937935838168585 ], [ 143.381214720483172, 42.934665279079525 ], [ 143.378705005831534, 42.931030559313001 ], [ 143.383876666974743, 42.925036666908795 ], [ 143.388366108709079, 42.921396946012408 ], [ 143.409457496766208, 42.911466108574245 ], [ 143.417154720414146, 42.906216108386843 ], [ 143.428253332925124, 42.895060558897853 ], [ 143.443446938225748, 42.873849441398761 ], [ 143.389500000025123, 42.870156108317929 ], [ 143.396503060368104, 42.817274441362542 ], [ 143.351008339263672, 42.781724441430015 ], [ 143.349709169642665, 42.736988053855782 ], [ 143.347990829613309, 42.736688612889338 ], [ 143.345988053805854, 42.734414721162636 ], [ 143.345458339630795, 42.732090559132189 ], [ 143.341613605683506, 42.728167225337359 ], [ 143.340836938574057, 42.724671386975103 ], [ 143.336206393210659, 42.720580837735668 ], [ 143.334772217364161, 42.716930838487599 ], [ 143.334703060398056, 42.713997224792251 ], [ 143.332409728026732, 42.711540838139342 ], [ 143.331001387903939, 42.708086387476953 ], [ 143.332103890182566, 42.70354694613485 ], [ 143.334020271718373, 42.701719721588063 ], [ 143.333525551063531, 42.699452224940387 ], [ 143.329430829869125, 42.696468613435911 ], [ 143.328038339398063, 42.690700558783931 ], [ 143.331584448963326, 42.684802775128162 ], [ 143.330662502672567, 42.681780278737051 ], [ 143.330695005969915, 42.678067225322366 ], [ 143.333282502985298, 42.673438054123039 ], [ 143.333423332321104, 42.67180777480911 ], [ 143.338356393432946, 42.667421387287334 ], [ 143.338729441210944, 42.665928892204761 ], [ 143.335877496749276, 42.663791946541266 ], [ 143.337398339362039, 42.662337775168339 ], [ 143.336551387536701, 42.659923054105832 ], [ 143.337666938978259, 42.656941108145816 ], [ 143.346235836814571, 42.657217775580023 ], [ 143.350137223554157, 42.656407225613123 ], [ 143.352704720546626, 42.657126667062187 ], [ 143.355167781967793, 42.655878333418514 ], [ 143.358528053826831, 42.657422224756033 ], [ 143.361643060778761, 42.654820279232695 ], [ 143.361282217700364, 42.652456386952849 ], [ 143.364585550782749, 42.651018892607965 ], [ 143.364937496868151, 42.64942833275154 ], [ 143.369263333036542, 42.645237775303258 ], [ 143.368851114387553, 42.641668613415959 ], [ 143.365213890908535, 42.639825279313357 ], [ 143.364125836238486, 42.637551946065628 ], [ 143.367328885020243, 42.634702775113169 ], [ 143.367045278417095, 42.63232138742228 ], [ 143.369987223431849, 42.631364999795096 ], [ 143.369208611988029, 42.629085559251337 ], [ 143.370992775196555, 42.62796500038462 ], [ 143.370358611960569, 42.626446946569502 ], [ 143.371306393975033, 42.625516667160639 ], [ 143.369374448771964, 42.623150000472322 ], [ 143.36942138798679, 42.622044999877005 ], [ 143.367907223739508, 42.621645838484824 ], [ 143.36785194601066, 42.619818613038717 ], [ 143.366755006038829, 42.618886667186132 ], [ 143.367491388017356, 42.616814171437056 ], [ 143.366143060554009, 42.614685558891608 ], [ 143.363637781358648, 42.614552225405021 ], [ 143.364133605481697, 42.611670559249092 ], [ 143.363329170005386, 42.610114440729035 ], [ 143.367007223604674, 42.603098333021819 ], [ 143.369847781749854, 42.602468613335986 ], [ 143.371053332845236, 42.601340559519372 ], [ 143.369370777739391, 42.599879802411124 ], [ 143.370815836281963, 42.598060559347516 ], [ 143.369958053921209, 42.594335838128586 ], [ 143.379784162609212, 42.589794440761011 ], [ 143.385190829193562, 42.589647774825096 ], [ 143.386440557685773, 42.588252505448907 ], [ 143.389926393788187, 42.590663333346299 ], [ 143.390338053958203, 42.592230278804493 ], [ 143.39281972774836, 42.593137225302883 ], [ 143.394875836950519, 42.59330305399294 ], [ 143.403221387257418, 42.589864171494469 ], [ 143.407181672396405, 42.590122224761046 ], [ 143.40593861147795, 42.587242504737958 ], [ 143.408597223283437, 42.580070558909313 ], [ 143.412211114751358, 42.576496108109041 ], [ 143.410978884368205, 42.575664720850341 ], [ 143.411732775247515, 42.57287138700508 ], [ 143.409857223831978, 42.570816667255542 ], [ 143.409590829353419, 42.567678332789001 ], [ 143.412141114221185, 42.565816946594964 ], [ 143.412448611314517, 42.562968612911334 ], [ 143.410841114525965, 42.560778332953873 ], [ 143.411215278362533, 42.559927505050496 ], [ 143.414208611538356, 42.56052166734122 ], [ 143.417604720481677, 42.559365837963242 ], [ 143.417253890454845, 42.556090559232075 ], [ 143.418332218057571, 42.554910838464593 ], [ 143.423290271329165, 42.552358892549023 ], [ 143.425038611842638, 42.552403891926247 ], [ 143.428157781756454, 42.550986108022641 ], [ 143.428135278920195, 42.54939610844383 ], [ 143.429342217669387, 42.547463054376635 ], [ 143.435458611226068, 42.542848891962933 ], [ 143.43783500588097, 42.542128053866747 ], [ 143.438092217382064, 42.538778613442446 ], [ 143.440573332693361, 42.537641107751085 ], [ 143.44384082959084, 42.53432694593198 ], [ 143.449520271343658, 42.53305944144023 ], [ 143.448595550644313, 42.530268613106159 ], [ 143.452610557731191, 42.527610000401353 ], [ 143.406028612031037, 42.517216108336925 ], [ 143.405761945957238, 42.515297505475644 ], [ 143.377999999400686, 42.509264171504469 ], [ 143.369374162787608, 42.530300838513028 ], [ 143.363206667054214, 42.52897305426319 ], [ 143.361093890670645, 42.533698333311577 ], [ 143.356183605788942, 42.532685279402301 ], [ 143.356941672220614, 42.533873891766859 ], [ 143.338719441649118, 42.54095389180884 ], [ 143.299098053432544, 42.528393054496007 ], [ 143.263547496819683, 42.5422977748226 ], [ 143.261998053967204, 42.540162505495402 ], [ 143.243948884433621, 42.547359721374221 ], [ 143.242286393202676, 42.544945279101512 ], [ 143.223847223670646, 42.552155559431696 ], [ 143.230230557594382, 42.561036666808889 ], [ 143.218597223483243, 42.56562722561614 ], [ 143.223592723625529, 42.572582360187937 ], [ 143.229473475920372, 42.570092387453883 ], [ 143.247356666577048, 42.577281639835974 ], [ 143.252772776043003, 42.580953468328062 ], [ 143.256212528185756, 42.579609838023771 ], [ 143.265313773412117, 42.584343973595651 ], [ 143.269581387471248, 42.585572612985857 ], [ 143.270965887465877, 42.584995468566206 ], [ 143.273643255531965, 42.58862766753299 ], [ 143.276333554050439, 42.588234892226637 ], [ 143.277266497251276, 42.589577532377405 ], [ 143.275711024444377, 42.59051317084635 ], [ 143.282776666809923, 42.59041917100808 ], [ 143.288285836322416, 42.593398613255545 ], [ 143.290893890940538, 42.593309721566584 ], [ 143.293896938592979, 42.59209889235018 ], [ 143.295279727177899, 42.592620559391491 ], [ 143.295136393230109, 42.595172225617887 ], [ 143.296678339334107, 42.597665279429293 ], [ 143.2964977815476, 42.598753054410111 ], [ 143.29766416267114, 42.599760559502386 ], [ 143.293813605613536, 42.603567775532554 ], [ 143.294303605727009, 42.605295278754284 ], [ 143.299071387634626, 42.605098333521426 ], [ 143.299251672926516, 42.610395558908067 ], [ 143.300296393763688, 42.611305838293958 ], [ 143.30045472030929, 42.615310558935334 ], [ 143.301485278622863, 42.616633612751173 ], [ 143.301229441285841, 42.619323333005582 ], [ 143.301958611600867, 42.622225559462152 ], [ 143.304193890935494, 42.625844720957275 ], [ 143.302335550745283, 42.630903332822697 ], [ 143.269411945305251, 42.634081946125093 ], [ 143.261675836770678, 42.63988166680565 ], [ 143.261841946049117, 42.643257774826623 ], [ 143.277270557690258, 42.688316386791996 ], [ 143.278385550652843, 42.698497505555622 ], [ 143.277912502759932, 42.699634720765914 ], [ 143.27926138780299, 42.707376946489035 ], [ 143.28468778191575, 42.71864138679075 ], [ 143.248430751178375, 42.725561107858994 ], [ 143.251829999654888, 42.735157505414691 ], [ 143.258131387353842, 42.733941666974545 ], [ 143.268298054012121, 42.763241107990893 ], [ 143.233390829223595, 42.769814170987388 ], [ 143.246096938523124, 42.791726945842072 ], [ 143.221476394020556, 42.799633892290444 ], [ 143.228647223790517, 42.811729171264403 ], [ 143.203343449940462, 42.819889721133904 ], [ 143.218548053949689, 42.842132775607297 ], [ 143.21280027181524, 42.844457225420797 ], [ 143.2195438903384, 42.854909441217899 ], [ 143.225745836401416, 42.871694440945873 ], [ 143.224062775876632, 42.884218612898849 ], [ 143.225776108480773, 42.889874441152699 ], [ 143.214063332756837, 42.895550559011269 ], [ 143.225415550487469, 42.907643333373301 ], [ 143.229696393573931, 42.913444440808462 ], [ 143.228929999420075, 42.920714999997415 ], [ 143.229728053307213, 42.923735279559651 ], [ 143.233425550249081, 42.926972775073693 ], [ 143.236875551065964, 42.928500838343155 ], [ 143.239436108889436, 42.932454170823519 ], [ 143.246963605286282, 42.93432499989899 ], [ 143.252278339573877, 42.932385000367617 ], [ 143.258566666418687, 42.933791387162955 ], [ 143.270396393578835, 42.933536946473055 ], [ 143.273179999457625, 42.93403944086765 ], [ 143.277228884905298, 42.936346666865347 ], [ 143.28147833985372, 42.936018613068711 ], [ 143.283491387717504, 42.93571138757062 ], [ 143.287491387817454, 42.932095000484026 ], [ 143.294230271410129, 42.932402504771972 ], [ 143.304169999546048, 42.9253986134554 ], [ 143.307208884282772, 42.924953333030089 ], [ 143.313921672247602, 42.926052505119173 ], [ 143.314452502481231, 42.932413613197866 ], [ 143.316936108914433, 42.934991667331758 ], [ 143.33214778159504, 42.939697225146972 ], [ 143.341076666355207, 42.941251667330732 ], [ 143.347663890975923, 42.940168612891341 ], [ 143.358394448745003, 42.940939721291272 ], [ 143.361948884233811, 42.94045027875751 ], [ 143.366148611169592, 42.942228892249716 ], [ 143.37441360560365, 42.942851667370746 ] ] ] ] } },
{ "type": "Feature", "properties": { "fid": 8, "OBJECTID": 961.0, "N03_001": "北海道", "N03_002": "十勝総合振興局", "N03_003": null, "N03_004": "帯広市", "N03_007": "01207", "Shape_Leng": 2.039446397527835, "Shape_Area": 0.068105458633500995, "join_key": "帯広市" }, "geometry": { "type": "MultiPolygon", "coordinates": [ [ [ [ 143.137841387170511, 42.95053277516763 ], [ 143.140740557730737, 42.951669721480641 ], [ 143.148231672953557, 42.950654440849917 ], [ 143.149585837016957, 42.945464440731541 ], [ 143.151872775208631, 42.944535838558295 ], [ 143.156633605356774, 42.944913613172901 ], [ 143.1586991700309, 42.94621999985327 ], [ 143.161322502331814, 42.946663054456565 ], [ 143.174986393207632, 42.944042775353978 ], [ 143.181725550194187, 42.94902083854106 ], [ 143.193836108649634, 42.946515559345755 ], [ 143.196542217249657, 42.944452224990357 ], [ 143.197627496611858, 42.939613332789236 ], [ 143.199372217354153, 42.936475838289482 ], [ 143.203759441245438, 42.935195838617233 ], [ 143.207834720895789, 42.937161946366871 ], [ 143.214869441871429, 42.937136107945207 ], [ 143.220376938645018, 42.938924441310064 ], [ 143.23083194593778, 42.93708861294931 ], [ 143.241485836502306, 42.939406387095232 ], [ 143.244949169768574, 42.93737527904608 ], [ 143.24686444873555, 42.934877225004072 ], [ 143.246963605286282, 42.93432499989899 ], [ 143.239436108889436, 42.932454170823519 ], [ 143.236801672659226, 42.92843583804364 ], [ 143.233425550249081, 42.926972775073693 ], [ 143.23010138796883, 42.924265000029891 ], [ 143.228943060274219, 42.921148892307713 ], [ 143.229696393573931, 42.913444440808462 ], [ 143.225415550487469, 42.907643333373301 ], [ 143.214063332756837, 42.895550559011269 ], [ 143.225776108480773, 42.889874441152699 ], [ 143.224062775876632, 42.884218612898849 ], [ 143.225745836401416, 42.871694440945873 ], [ 143.2195438903384, 42.854909441217899 ], [ 143.21280027181524, 42.844457225420797 ], [ 143.218548053949689, 42.842132775607297 ], [ 143.203343449940462, 42.819889721133904 ], [ 143.228647223790517, 42.811729171264403 ], [ 143.221476394020556, 42.799633892290444 ], [ 143.246096938523124, 42.791726945842072 ], [ 143.233390829223595, 42.769814170987388 ], [ 143.268298054012121, 42.763241107990893 ], [ 143.258131387353842, 42.733941666974545 ], [ 143.251829999654888, 42.735157505414691 ], [ 143.240074162592691, 42.701783333334333 ], [ 143.207636393404982, 42.707836386740041 ], [ 143.205978196436831, 42.707540198621416 ], [ 143.20755756153244, 42.702306747758371 ], [ 143.190969441386756, 42.69950444137703 ], [ 143.189431115054049, 42.704743612827656 ], [ 143.196908858257416, 42.724540774837067 ], [ 143.177256108482766, 42.728762505485406 ], [ 143.158668611967073, 42.732595000559002 ], [ 143.149648611494399, 42.731217224795273 ], [ 143.146053060800341, 42.725503613301271 ], [ 143.139695550909096, 42.720981107991918 ], [ 143.119314162318915, 42.730022774931285 ], [ 143.115753061055102, 42.725575000585991 ], [ 143.102253332425562, 42.731358613509371 ], [ 143.100775005262449, 42.726959720914579 ], [ 143.097546938240839, 42.724748054179543 ], [ 143.098208884232804, 42.723678892467092 ], [ 143.097978611923622, 42.721595837777841 ], [ 143.091963332741784, 42.718845000496515 ], [ 143.090437223699041, 42.716125000068871 ], [ 143.084565278464993, 42.712139171485717 ], [ 143.082530271854694, 42.711650559026225 ], [ 143.078648611744256, 42.705283054069866 ], [ 143.075500829899511, 42.702330279419016 ], [ 143.072500830049421, 42.701764999755085 ], [ 143.073368339477497, 42.697434441246628 ], [ 143.08196749680269, 42.693377225378811 ], [ 143.055338884881849, 42.660174170901428 ], [ 143.045201114340102, 42.655367225317377 ], [ 143.045506108620202, 42.650914171052307 ], [ 143.042482502465646, 42.650582505578313 ], [ 143.041638611932626, 42.64860944157266 ], [ 143.039725278199171, 42.647536387594357 ], [ 143.039694721034721, 42.646289441604608 ], [ 143.038273061053133, 42.6457791707723 ], [ 143.031436666669038, 42.646740000151055 ], [ 143.031826393273604, 42.642504721216085 ], [ 143.030491672552785, 42.638806946383625 ], [ 143.031250829862074, 42.637435000025391 ], [ 143.029291945467094, 42.635996667512359 ], [ 143.02479389092548, 42.635367505406236 ], [ 143.023046666470691, 42.63396138750818 ], [ 143.020550829257559, 42.633770000085576 ], [ 143.016461387982872, 42.635903612861625 ], [ 143.011836109049341, 42.635695279513698 ], [ 143.008965005430809, 42.63380250518162 ], [ 143.009141945244778, 42.632552774890826 ], [ 143.007302775902531, 42.630811108246235 ], [ 142.999780829222118, 42.63066861336597 ], [ 142.995628611671236, 42.628047505088432 ], [ 142.994845278786784, 42.626146667434909 ], [ 142.991195836219049, 42.625456667091669 ], [ 142.988266393579352, 42.62613527931984 ], [ 142.983362502877412, 42.625463054076874 ], [ 142.981696938662935, 42.626031946317426 ], [ 142.974963060696837, 42.624513612813132 ], [ 142.969220271598488, 42.621501667268319 ], [ 142.964715005393373, 42.620787775535575 ], [ 142.96247610898547, 42.619033612811165 ], [ 142.956147781195341, 42.619901667228305 ], [ 142.953302217423584, 42.622777775574036 ], [ 142.932896108269006, 42.622179171531684 ], [ 142.928134162961442, 42.625493054560991 ], [ 142.919248053554952, 42.626874171306099 ], [ 142.910276108355902, 42.620405559169399 ], [ 142.907070271675821, 42.61931472109768 ], [ 142.900686108577247, 42.61483527892517 ], [ 142.890575279026052, 42.621247775164875 ], [ 142.889040271191789, 42.625943333418263 ], [ 142.883499999525498, 42.627574171211222 ], [ 142.880093605935372, 42.629984721218079 ], [ 142.87884583706591, 42.631845279136485 ], [ 142.870493332301635, 42.632231667457631 ], [ 142.867823060785781, 42.636599440811722 ], [ 142.862919727663439, 42.637892774731938 ], [ 142.859526108942987, 42.641078333498456 ], [ 142.860558339995578, 42.645378054253968 ], [ 142.86277666621038, 42.648711946299443 ], [ 142.864610557431433, 42.654299171569676 ], [ 142.862495278234633, 42.65794361300749 ], [ 142.864853890594759, 42.662956108537742 ], [ 142.865852775685198, 42.668066667043206 ], [ 142.863653605929358, 42.674569721415651 ], [ 142.867229169190978, 42.6777436132773 ], [ 142.870486939021248, 42.683502225047789 ], [ 142.863995550654295, 42.689326387502945 ], [ 142.862983605609088, 42.693946667105195 ], [ 142.858398053327733, 42.695418892368139 ], [ 142.852395005825088, 42.692037505326766 ], [ 142.84878778193081, 42.691146667484873 ], [ 142.847147496759703, 42.691709170941635 ], [ 142.84025444868405, 42.691391667091921 ], [ 142.827947781365197, 42.68703083830269 ], [ 142.819957496541406, 42.691632775332494 ], [ 142.817231945498065, 42.692366108609178 ], [ 142.811106393245609, 42.690986946090845 ], [ 142.793088339355563, 42.694130838367641 ], [ 142.785938611278084, 42.690694170899462 ], [ 142.77926138790292, 42.69024333356316 ], [ 142.770299727350675, 42.685262504960804 ], [ 142.764060271464587, 42.683929721379684 ], [ 142.761625278783754, 42.684839171590681 ], [ 142.756028611531406, 42.690846387450961 ], [ 142.758256109032345, 42.696896107969167 ], [ 142.758339169517285, 42.702139170786268 ], [ 142.755810271427094, 42.706994441440486 ], [ 142.757398611756685, 42.711616945965432 ], [ 142.756694162905433, 42.71473361306596 ], [ 142.757351387456765, 42.718065279289362 ], [ 142.755834720396251, 42.721943892496824 ], [ 142.753170557975068, 42.722891667316787 ], [ 142.751279441992779, 42.724556666756939 ], [ 142.7494072234648, 42.724832774812853 ], [ 142.743944448177899, 42.722227775191811 ], [ 142.732861114249204, 42.721598333396514 ], [ 142.728234162576769, 42.723641666829621 ], [ 142.726078339244168, 42.726915279117009 ], [ 142.724788340010036, 42.732862504800948 ], [ 142.721830557934027, 42.735913613122932 ], [ 142.717097223658129, 42.736722775435908 ], [ 142.715039727701424, 42.738265279119503 ], [ 142.709234162326879, 42.738145559570057 ], [ 142.704585278887635, 42.7365508385505 ], [ 142.695454720259363, 42.738376107971192 ], [ 142.692458884270309, 42.739173333582642 ], [ 142.687805278490941, 42.74376277543189 ], [ 142.687027496222186, 42.745816946594971 ], [ 142.687024720914337, 42.75065361297402 ], [ 142.690417782055192, 42.754131387553684 ], [ 142.690638884876762, 42.756607224743789 ], [ 142.693303890862012, 42.75974722475479 ], [ 142.693570829430428, 42.761587225070571 ], [ 142.697632775732245, 42.764474171146276 ], [ 142.697655837047364, 42.767518054314905 ], [ 142.701992502851908, 42.768581667210356 ], [ 142.706703605886901, 42.772200000429848 ], [ 142.714827781776876, 42.774951946575243 ], [ 142.720508884577498, 42.775812774939766 ], [ 142.727037496783282, 42.77305027884745 ], [ 142.731122775995459, 42.773168332852435 ], [ 142.744817496530459, 42.770681946614729 ], [ 142.748813060274642, 42.771848612823362 ], [ 142.757504720966267, 42.772093892119585 ], [ 142.764303333032558, 42.775753891828799 ], [ 142.766992217816778, 42.77597417087145 ], [ 142.772673890787587, 42.770088613498899 ], [ 142.781688339745301, 42.763569170780784 ], [ 142.787783605529171, 42.765010559190102 ], [ 142.794308339858162, 42.764266945763097 ], [ 142.800767224028391, 42.765351667545588 ], [ 142.81064722369058, 42.764163612760683 ], [ 142.814105836415365, 42.765230000064605 ], [ 142.816985278547918, 42.761068054547252 ], [ 142.825018053640406, 42.759998053767333 ], [ 142.828339999991158, 42.76070666737894 ], [ 142.831371945558999, 42.759992774746934 ], [ 142.833349169828466, 42.757845279136461 ], [ 142.837921387861911, 42.756308054473322 ], [ 142.845133332837236, 42.75673166753262 ], [ 142.84924389019352, 42.755903613161365 ], [ 142.853296108528752, 42.756711667509592 ], [ 142.85447861179864, 42.758840838534013 ], [ 142.855978339229182, 42.759473053838519 ], [ 142.863923332396098, 42.75815472146337 ], [ 142.866303060837822, 42.755579171042086 ], [ 142.876365005940443, 42.755044721037223 ], [ 142.886729727595025, 42.752276107756359 ], [ 142.890516666611006, 42.75428055900079 ], [ 142.894345836891034, 42.754250000037644 ], [ 142.897942502744513, 42.750182225229651 ], [ 142.897425005859532, 42.745425837732398 ], [ 142.896148053989691, 42.743032225556931 ], [ 142.897130829524372, 42.740199171354845 ], [ 142.913488884204867, 42.729942505042743 ], [ 142.920277781794425, 42.728753333299835 ], [ 142.921842217244716, 42.724491667356745 ], [ 142.928671387374834, 42.724493892279497 ], [ 142.930314448752938, 42.722884999743087 ], [ 142.934719727433617, 42.723719720788665 ], [ 142.936324720509674, 42.722143333348299 ], [ 142.978508611783241, 42.759563892559754 ], [ 142.979810271626889, 42.758971386820235 ], [ 142.981004720591613, 42.761994721379438 ], [ 142.983776108280949, 42.763416107967203 ], [ 142.985523890315449, 42.766155838621216 ], [ 142.990781945730419, 42.770678892517026 ], [ 142.991733060632441, 42.773835279075058 ], [ 142.996330271724787, 42.779305279515199 ], [ 142.998509441457713, 42.779858054106057 ], [ 143.001342502854413, 42.77899583808761 ], [ 143.007800271865221, 42.780507225228405 ], [ 143.013125550703762, 42.78299166713191 ], [ 143.015687781266251, 42.782897775212348 ], [ 143.017411387725588, 42.784006945963938 ], [ 143.0174036058919, 42.785095559112904 ], [ 143.021429441715554, 42.786248891972946 ], [ 143.027355836402876, 42.785455000148318 ], [ 143.03297500559222, 42.786723332915642 ], [ 143.035456393398022, 42.787978333233639 ], [ 143.03767500559718, 42.791639440907659 ], [ 143.039187781291275, 42.792666946022905 ], [ 143.043512775694239, 42.79360555944919 ], [ 143.047905278605867, 42.796241946308953 ], [ 143.050496393593903, 42.796084721432919 ], [ 143.053118885028653, 42.797102775572796 ], [ 143.053550557812173, 42.799133892615203 ], [ 143.05483693817439, 42.7999775052578 ], [ 143.05960472098127, 42.800472505601817 ], [ 143.060890829748132, 42.802154441074777 ], [ 143.064272217688881, 42.802847505408238 ], [ 143.067968339567415, 42.805969440737272 ], [ 143.073983060270166, 42.80804222516872 ], [ 143.074108053444093, 42.80923500049505 ], [ 143.072529727964707, 42.810242505587325 ], [ 143.075045278317134, 42.810445837805332 ], [ 143.078976938934716, 42.814445279426252 ], [ 143.078091672392929, 42.816187224860698 ], [ 143.081659169635145, 42.816794440810952 ], [ 143.083736666514142, 42.82034055936947 ], [ 143.086064448315824, 42.821150558951274 ], [ 143.087816393312096, 42.826209721201849 ], [ 143.09107416224299, 42.828433892110581 ], [ 143.092383332325085, 42.831141667154384 ], [ 143.120029441705583, 42.856119999738382 ], [ 143.147478053669374, 42.892555278803229 ], [ 143.146873605832411, 42.897388053815803 ], [ 143.11323250237831, 42.895251667530601 ], [ 143.108911945230261, 42.930412775429431 ], [ 143.11201221768988, 42.932406108355394 ], [ 143.110163605466141, 42.936201946163067 ], [ 143.116256938606966, 42.93788777480114 ], [ 143.114505550291142, 42.943182505468428 ], [ 143.119335278400513, 42.943373333512682 ], [ 143.119962775861609, 42.945430279084292 ], [ 143.122950271538002, 42.945676667244584 ], [ 143.1241091694028, 42.946887505454185 ], [ 143.127525005874531, 42.94762083783155 ], [ 143.126930000019684, 42.949443613432209 ], [ 143.128987223481772, 42.950307225198458 ], [ 143.130415006047883, 42.952828613050201 ], [ 143.137841387170511, 42.95053277516763 ] ] ] ] } },
{ "type": "Feature", "properties": { "fid": 9, "OBJECTID": 8447.0, "N03_001": "北海道", "N03_002": "釧路総合振興局", "N03_003": "厚岸郡", "N03_004": "厚岸町", "N03_007": "01662", "Shape_Leng": 0.0011678175463190001, "Shape_Area": 8.2984568e-08, "join_key": "厚岸郡厚岸町" }, "geometry": { "type": "MultiPolygon", "coordinates": [ [ [ [ 144.867801945203837, 42.946793054156274 ], [ 144.867758053791363, 42.947140559389481 ], [ 144.867949727198379, 42.947112505038262 ], [ 144.867801945203837, 42.946793054156274 ] ] ], [ [ [ 144.868331114389548, 42.947244440978352 ], [ 144.868291114343606, 42.947483891768343 ], [ 144.868423060176269, 42.947443891722401 ], [ 144.868331114389548, 42.947244440978352 ] ] ], [ [ [ 144.871309999956679, 42.948683054079822 ], [ 144.871480271297628, 42.948327775106918 ], [ 144.87114861121961, 42.948496946576995 ], [ 144.871309999956679, 42.948683054079822 ] ] ], [ [ [ 144.873357496351559, 42.962350838120869 ], [ 144.87759333286624, 42.959947505173375 ], [ 144.878513605518606, 42.958190837837037 ], [ 144.880141672500372, 42.957851108142279 ], [ 144.880157782056131, 42.957229440986055 ], [ 144.879177223350325, 42.957246386911379 ], [ 144.880113605558677, 42.956804171375552 ], [ 144.879759727729379, 42.955963612830658 ], [ 144.875939169357366, 42.954298892180304 ], [ 144.874868884391731, 42.951423891799323 ], [ 144.873133605631551, 42.949628612970287 ], [ 144.871314720498162, 42.949385000117843 ], [ 144.870868053318191, 42.948593892594261 ], [ 144.868874448796987, 42.948752225435044 ], [ 144.864305551060511, 42.946022505134692 ], [ 144.86384250272954, 42.946675000151288 ], [ 144.864544720362687, 42.948761386828721 ], [ 144.866125278858703, 42.950442504817886 ], [ 144.865440271551506, 42.952543054018918 ], [ 144.867726394057968, 42.95502166741619 ], [ 144.86803472032625, 42.956601305905735 ], [ 144.869487781935732, 42.9570511081223 ], [ 144.873011945345183, 42.96498750556907 ], [ 144.873357496351559, 42.962350838120869 ] ] ], [ [ [ 144.876514967491971, 42.97556669394794 ], [ 144.876686419642738, 42.974888586239445 ], [ 144.876438365938043, 42.975542748599139 ], [ 144.876514967491971, 42.97556669394794 ] ] ], [ [ [ 144.857038340047552, 42.998077224784254 ], [ 144.857233890431871, 42.998260838467104 ], [ 144.857253890454899, 42.99812110810285 ], [ 144.857038340047552, 42.998077224784254 ] ] ], [ [ [ 144.852119441459195, 42.99822666692728 ], [ 144.852107223269968, 42.99849833323168 ], [ 144.852266938368643, 42.998402505071738 ], [ 144.852119441459195, 42.99822666692728 ] ] ], [ [ [ 144.85377583618606, 43.001678333288623 ], [ 144.853763890491336, 43.001842224838981 ], [ 144.853847781949753, 43.001742224724069 ], [ 144.85377583618606, 43.001678333288623 ] ] ], [ [ [ 144.853488340015019, 43.002001946233008 ], [ 144.853540271366569, 43.002093333540699 ], [ 144.853560271389597, 43.002001946233008 ], [ 144.853488340015019, 43.002001946233008 ] ] ], [ [ [ 144.831842775324048, 43.014333892595232 ], [ 144.831851672317043, 43.01425500046804 ], [ 144.8317683393376, 43.014299999845264 ], [ 144.831842775324048, 43.014333892595232 ] ] ], [ [ [ 144.83675374728773, 43.021204559243188 ], [ 144.836848806527428, 43.021124225502774 ], [ 144.836705031911833, 43.021176919479444 ], [ 144.83675374728773, 43.021204559243188 ] ] ], [ [ [ 144.836732243598362, 43.021278505099076 ], [ 144.836647833231041, 43.021419999933244 ], [ 144.836704941979633, 43.021425559542081 ], [ 144.836732243598362, 43.021278505099076 ] ] ], [ [ [ 144.830344941865746, 43.035335504929776 ], [ 144.830104162777047, 43.040793919403995 ], [ 144.830190219802944, 43.040796081374197 ], [ 144.830344941865746, 43.035335504929776 ] ] ], [ [ [ 144.674537223814013, 43.351651946480331 ], [ 144.677899169311445, 43.349633892090594 ], [ 144.677355005729055, 43.34683472074596 ], [ 144.680443332493951, 43.343611386856196 ], [ 144.684630829549292, 43.343226108298438 ], [ 144.688156393203144, 43.339890838491556 ], [ 144.69231722356119, 43.340541667064429 ], [ 144.695996393219161, 43.344681667325233 ], [ 144.702936393999607, 43.341174721436403 ], [ 144.709519169674081, 43.33591500047703 ], [ 144.712699999805295, 43.335151946405347 ], [ 144.714879728017195, 43.33175417101836 ], [ 144.7222311146744, 43.325536108204972 ], [ 144.726118611385004, 43.317299721205359 ], [ 144.727646939055148, 43.316099441036556 ], [ 144.731704720596554, 43.317746387485954 ], [ 144.737923060401044, 43.317519171073059 ], [ 144.749379169613121, 43.312940000380877 ], [ 144.75792306090068, 43.308026666797389 ], [ 144.760126108533314, 43.307927775546545 ], [ 144.761250829462369, 43.308667225112515 ], [ 144.763334162941419, 43.3079333333568 ], [ 144.764695836344004, 43.309594170734556 ], [ 144.765849169203989, 43.309313333143962 ], [ 144.768185278727856, 43.304475279110989 ], [ 144.770958611650826, 43.305097775442164 ], [ 144.773979170002917, 43.30354083853905 ], [ 144.783585278438068, 43.304134999930454 ], [ 144.788236108909473, 43.301002504761925 ], [ 144.79015999978435, 43.301520559226617 ], [ 144.79293082989409, 43.300101667358206 ], [ 144.795719441399228, 43.301583613393234 ], [ 144.800833605286812, 43.299656946311188 ], [ 144.808106393895173, 43.29974305459848 ], [ 144.811124448534656, 43.298256387122706 ], [ 144.81199944122136, 43.299878613007763 ], [ 144.813733605721495, 43.300065838367914 ], [ 144.816639728041196, 43.298454171423032 ], [ 144.817978053244701, 43.295740838569031 ], [ 144.822909999197236, 43.29844138756016 ], [ 144.825219442023808, 43.297998892335158 ], [ 144.82612082981268, 43.296941386735796 ], [ 144.828441114865768, 43.297480559080725 ], [ 144.829857223332397, 43.296446945770072 ], [ 144.828518884639038, 43.294327505410195 ], [ 144.829336938549091, 43.293353332790218 ], [ 144.832685278203257, 43.292593332816239 ], [ 144.83539082922357, 43.294322225490475 ], [ 144.837559999394671, 43.292541387075516 ], [ 144.840718884269222, 43.29220305402788 ], [ 144.841981945210819, 43.290080838360154 ], [ 144.844244720417691, 43.28925527960763 ], [ 144.844658611805698, 43.288562775551839 ], [ 144.843885005988454, 43.288159441305311 ], [ 144.844791387712576, 43.285670000070638 ], [ 144.846833060997142, 43.2828399999662 ], [ 144.850499441396323, 43.282553613558605 ], [ 144.852520271993171, 43.279973053913466 ], [ 144.86215500584899, 43.277057504900085 ], [ 144.866958884744918, 43.277786387432002 ], [ 144.871218884244286, 43.281916108441806 ], [ 144.873267781782829, 43.281119441309329 ], [ 144.874986666801419, 43.2792450005565 ], [ 144.87873111464944, 43.278807505562099 ], [ 144.878778053864266, 43.27539138760261 ], [ 144.881970557195586, 43.27417833346351 ], [ 144.884428611191652, 43.274225559562069 ], [ 144.885876666275294, 43.272137224953156 ], [ 144.890949169968394, 43.268377504818147 ], [ 144.895563605775919, 43.265445838155074 ], [ 144.898683060774829, 43.265086666916318 ], [ 144.902911673035419, 43.261243612902604 ], [ 144.910765550489941, 43.25713499988052 ], [ 144.913161387588161, 43.253250279377085 ], [ 144.914690271938639, 43.246813333268904 ], [ 144.915957496741271, 43.244682225104782 ], [ 144.912435278565454, 43.241329721589523 ], [ 144.930160557264117, 43.230810559360009 ], [ 144.925882502975355, 43.226970000065592 ], [ 144.952526666872359, 43.211139440932641 ], [ 144.935440829530876, 43.195731946272474 ], [ 144.946062502782411, 43.189368333581911 ], [ 144.924426303631208, 43.169671170788092 ], [ 144.946873527591379, 43.156280413910167 ], [ 144.947855524313127, 43.15096717159787 ], [ 144.947186393637367, 43.149316108052119 ], [ 144.950413501981757, 43.147564865426375 ], [ 144.954880855467309, 43.147658135015092 ], [ 144.967954086012469, 43.143545054161109 ], [ 144.975385693994781, 43.138724505431753 ], [ 144.985522022923192, 43.136488531820476 ], [ 144.988985913769056, 43.134846586500942 ], [ 144.992615693559628, 43.130780945784181 ], [ 145.00096717219742, 43.128135586388396 ], [ 145.007954331627275, 43.124122305999776 ], [ 145.005781750327742, 43.121147279423553 ], [ 144.998404577409474, 43.120147333133104 ], [ 144.994142087687351, 43.113634693786253 ], [ 144.992079727297778, 43.112299387606811 ], [ 144.9845123864377, 43.103840135114297 ], [ 144.986408948714143, 43.100903054532523 ], [ 144.98513169826947, 43.094657639738443 ], [ 144.98710658879827, 43.091742279582718 ], [ 144.989669558603396, 43.090440559484421 ], [ 144.990042217874247, 43.087804441521939 ], [ 144.99247888419336, 43.084363054411597 ], [ 144.991408611818201, 43.081579441338306 ], [ 144.991439999956242, 43.0780666669433 ], [ 144.98565693831722, 43.076506945739141 ], [ 144.980396938567992, 43.076134171355079 ], [ 144.975892217352111, 43.074170838013913 ], [ 144.974723332515964, 43.067989170763781 ], [ 144.973161114793811, 43.064671945853775 ], [ 144.969033890301944, 43.06582777523181 ], [ 144.965659441530192, 43.059966387139241 ], [ 144.96768555024812, 43.057526387033306 ], [ 144.970250271932628, 43.056776945999445 ], [ 144.973435551010084, 43.054035279104994 ], [ 144.973859727944273, 43.051363612740715 ], [ 144.976005836800141, 43.049975838314481 ], [ 144.976221672292468, 43.048692504855353 ], [ 144.974211672231036, 43.046043892611749 ], [ 144.976995550604329, 43.041047225149498 ], [ 144.98906527893962, 43.034030000484279 ], [ 144.989877781334712, 43.030936945983456 ], [ 144.987982502390764, 43.027109171451286 ], [ 144.990344448537599, 43.024968892000913 ], [ 144.993583605998765, 43.023810279221152 ], [ 144.994578611413999, 43.022263613475161 ], [ 144.994849441348833, 43.019493054061343 ], [ 144.992323605450224, 43.017498613170631 ], [ 144.992206666604602, 43.016032225407059 ], [ 144.998644720677476, 43.012917775135406 ], [ 144.995792775316545, 43.009408053938728 ], [ 144.995911114406567, 43.00579361298503 ], [ 144.996873332338623, 43.004496667387457 ], [ 144.99620277533802, 43.000683333269365 ], [ 144.996924448904338, 42.99847555880018 ], [ 144.995527223502791, 42.993704171510501 ], [ 144.993308053723922, 42.993288054300422 ], [ 144.989040829970463, 42.990016666935787 ], [ 144.988613332739305, 42.988703054202745 ], [ 144.987389999349148, 42.989760000423871 ], [ 144.985348884543555, 42.989283332759783 ], [ 144.984651387451777, 42.988778613442435 ], [ 144.984727223682626, 42.987042224918923 ], [ 144.983635006050918, 42.986779171421801 ], [ 144.98341693844111, 42.987903054182766 ], [ 144.981595005505255, 42.987891666967016 ], [ 144.979479169628121, 42.984024721563799 ], [ 144.976833605186926, 42.983902505496417 ], [ 144.976702502918329, 42.982627774951993 ], [ 144.973688884634498, 42.981261387303334 ], [ 144.972874162712628, 42.981869441421736 ], [ 144.971265278270153, 42.980982504838892 ], [ 144.97087805357944, 42.98210777525378 ], [ 144.969859727844323, 42.982433891910773 ], [ 144.966794448904921, 42.980535558869121 ], [ 144.965506108919953, 42.981691387347837 ], [ 144.964085279012579, 42.980483613128399 ], [ 144.963613605283854, 42.98100027903979 ], [ 144.962364720355708, 42.980248891873032 ], [ 144.961886108357362, 42.980896667247578 ], [ 144.960623332500973, 42.980087504934545 ], [ 144.959975550831132, 42.981875838299459 ], [ 144.958755005339412, 42.981550838600469 ], [ 144.956918884698894, 42.984525000028896 ], [ 144.955329727784942, 42.985376108520768 ], [ 144.951747496949565, 42.985193054216268 ], [ 144.949612775309561, 42.982618054180023 ], [ 144.948470829665212, 42.98369917147977 ], [ 144.94699472023035, 42.983101946098088 ], [ 144.942938611427962, 42.984423333470204 ], [ 144.943616666975799, 42.985684720773406 ], [ 144.941811114291681, 42.986642505047712 ], [ 144.938979999927255, 42.986081667135409 ], [ 144.939163605516114, 42.987544170727062 ], [ 144.938189441889449, 42.988132224822493 ], [ 144.930127781472152, 42.989179999757368 ], [ 144.930021114682859, 42.990326108363377 ], [ 144.928896666248306, 42.99048444120416 ], [ 144.926031946017702, 42.989451666961031 ], [ 144.925149727278267, 42.983715000447091 ], [ 144.923973060608432, 42.982767224727809 ], [ 144.923504720666529, 42.980989999788846 ], [ 144.922655005224442, 42.980821667386181 ], [ 144.918989999888709, 42.985954440944852 ], [ 144.911933060262754, 42.986400559538367 ], [ 144.908638339987533, 42.985843612992539 ], [ 144.907257223242482, 42.988294721524369 ], [ 144.90324277553384, 42.989666945773081 ], [ 144.899070557960044, 42.989256387272633 ], [ 144.890815836481806, 42.986346387076253 ], [ 144.889685550547938, 42.987252775095669 ], [ 144.888008053229214, 42.987166666808378 ], [ 144.885907496833738, 42.985442505467404 ], [ 144.883445550571878, 42.98477361311194 ], [ 144.877161387588103, 42.985626946526509 ], [ 144.87432888467049, 42.988279720832622 ], [ 144.875355550718268, 42.990192505080188 ], [ 144.874718611275057, 42.992816667455429 ], [ 144.872708196626149, 42.992679108054574 ], [ 144.874129895278656, 42.993038414191631 ], [ 144.873300207738566, 42.993660829583803 ], [ 144.872475874762017, 42.993160703104138 ], [ 144.873521440062632, 42.993901252540923 ], [ 144.871637249759488, 42.995314973307529 ], [ 144.871098819355211, 42.994617333223516 ], [ 144.872369247542906, 42.992408440897009 ], [ 144.872091439768269, 42.992182279388828 ], [ 144.87097263278099, 42.994553613558594 ], [ 144.867739363181272, 42.995106018528077 ], [ 144.870875732629088, 42.994706568453523 ], [ 144.871508261796976, 42.995524296809037 ], [ 144.870176471966829, 42.99533032383556 ], [ 144.869208650359155, 42.996378945931781 ], [ 144.868574552773566, 42.995517486243159 ], [ 144.86894500600738, 42.996868053917694 ], [ 144.854154162984401, 43.001418613578323 ], [ 144.855853890644767, 43.003078892477049 ], [ 144.858208885032241, 43.003835559563584 ], [ 144.859169727900849, 43.005332775187583 ], [ 144.856672503033792, 43.009740838169307 ], [ 144.85376058368422, 43.012229559047057 ], [ 144.848620051674175, 43.014629225458577 ], [ 144.843075356242821, 43.01567525211135 ], [ 144.838182191754868, 43.015992559009533 ], [ 144.832997638830193, 43.013744171156759 ], [ 144.832300557225153, 43.014222134743875 ], [ 144.833593838984712, 43.015531251766049 ], [ 144.834451803008506, 43.018474505294364 ], [ 144.837610829976029, 43.02163794613449 ], [ 144.838415187211353, 43.024204252424454 ], [ 144.835197912054127, 43.030363387160776 ], [ 144.835095771552801, 43.032452891787671 ], [ 144.830977444953305, 43.035634667106365 ], [ 144.833346225947707, 43.034690892470906 ], [ 144.833465031785977, 43.035275775556784 ], [ 144.835325615784768, 43.036815667609119 ], [ 144.836397366645315, 43.036119720948534 ], [ 144.83544630390395, 43.036692000035941 ], [ 144.833820336839267, 43.035343918986825 ], [ 144.83609352799408, 43.033866640433303 ], [ 144.841258715817276, 43.038139305984373 ], [ 144.836679273529853, 43.041120586446084 ], [ 144.837506912414256, 43.041808171210278 ], [ 144.837977055496935, 43.042190946055484 ], [ 144.842566834591935, 43.039208586407312 ], [ 144.846476640784545, 43.042434774745232 ], [ 144.842912801984426, 43.04476513490323 ], [ 144.841727379515078, 43.04383016193259 ], [ 144.842863799724796, 43.042916269970021 ], [ 144.841488910784733, 43.043761675860821 ], [ 144.843615836202048, 43.045566413759161 ], [ 144.846372917476288, 43.043777000308467 ], [ 144.848405227019839, 43.045457666838047 ], [ 144.851857107419733, 43.045364667045931 ], [ 144.854316743323238, 43.048733666825456 ], [ 144.844288443656978, 43.051375053915763 ], [ 144.844569753391625, 43.052336748442372 ], [ 144.842982541711081, 43.053357027505001 ], [ 144.828704941779847, 43.057666054445008 ], [ 144.813639169712133, 43.059234802144545 ], [ 144.800392165865901, 43.058668306597212 ], [ 144.788757055593805, 43.056448721331606 ], [ 144.783091815934768, 43.054690811132218 ], [ 144.782357133674964, 43.05368670277926 ], [ 144.783695109941505, 43.052038414541357 ], [ 144.780041439660863, 43.050326721401234 ], [ 144.783205641327413, 43.052394081122088 ], [ 144.781999169326355, 43.053702288030308 ], [ 144.781337976966256, 43.053974305969632 ], [ 144.778153605304851, 43.051940279620396 ], [ 144.77701944149419, 43.05011722522994 ], [ 144.778673332508447, 43.049621387617094 ], [ 144.771094448849908, 43.044913333283887 ], [ 144.759343890808054, 43.03364555919535 ], [ 144.756148611269623, 43.031922775615783 ], [ 144.745210557421501, 43.023190837887 ], [ 144.740059999769301, 43.016642224759039 ], [ 144.738101114475057, 43.011353613078938 ], [ 144.735643332973609, 43.008965838402901 ], [ 144.730408222861342, 43.00106514404132 ], [ 144.727895278744313, 43.003119720798622 ], [ 144.722893890740693, 43.000085559301283 ], [ 144.714716394046491, 42.998405559169385 ], [ 144.712515836636726, 42.99570166739818 ], [ 144.714723060720871, 42.993629999924735 ], [ 144.716215005418348, 42.990718891763606 ], [ 144.690530830033936, 42.986863613265314 ], [ 144.647021672612254, 42.976518054364874 ], [ 144.621027781507109, 42.97830250535651 ], [ 144.590113891043416, 42.982063333456267 ], [ 144.586367781248327, 42.981469440962087 ], [ 144.583776393765788, 42.982938054547731 ], [ 144.582071114590462, 42.982864999919968 ], [ 144.576995836488891, 42.988583054064861 ], [ 144.573679170057858, 42.989944999961949 ], [ 144.571672502883871, 42.993290558912349 ], [ 144.5740419457793, 42.996133892365435 ], [ 144.569763605506182, 42.99880000002014 ], [ 144.575991672377995, 43.002141108225715 ], [ 144.574944162743122, 43.003375559034964 ], [ 144.57483972717182, 43.005893333410768 ], [ 144.575693332181686, 43.010498613220591 ], [ 144.577122502401721, 43.012256107933183 ], [ 144.575593605460654, 43.01462277552082 ], [ 144.576845005792507, 43.018851946260497 ], [ 144.57436583661422, 43.019860278729027 ], [ 144.574305005571773, 43.021787225500248 ], [ 144.57328167241144, 43.023031666878069 ], [ 144.570963060996633, 43.023901667428163 ], [ 144.570430558023986, 43.025212225164239 ], [ 144.576559999844335, 43.031351108067327 ], [ 144.579874721041733, 43.032790278748507 ], [ 144.579967781987762, 43.037910838614494 ], [ 144.582718339579856, 43.036790278848457 ], [ 144.58596527887471, 43.038190559247084 ], [ 144.585889441744484, 43.041743332788769 ], [ 144.589374720267301, 43.044069171155513 ], [ 144.589134162411824, 43.045638053753351 ], [ 144.589945836531342, 43.047420559511352 ], [ 144.59241472106271, 43.049250838155842 ], [ 144.597295005460296, 43.047984721318016 ], [ 144.599513891053448, 43.050850278817506 ], [ 144.599258611296023, 43.053105279385306 ], [ 144.600301114405056, 43.054728613235056 ], [ 144.604807223274861, 43.051817505073984 ], [ 144.608107781948775, 43.051511667229818 ], [ 144.60944666653063, 43.05322000050279 ], [ 144.611563332481978, 43.052544721162121 ], [ 144.613512775794106, 43.053958612799931 ], [ 144.615675836870537, 43.054155558932052 ], [ 144.618152217251236, 43.056646667509881 ], [ 144.622972502479229, 43.058081107757062 ], [ 144.632757781946225, 43.058888892308687 ], [ 144.635304448841453, 43.06112277499625 ], [ 144.64248527817324, 43.072256945801598 ], [ 144.641987496226193, 43.078550838550541 ], [ 144.645658884949739, 43.082558053911214 ], [ 144.647409441392824, 43.08662083838118 ], [ 144.649836393235091, 43.088360279203698 ], [ 144.650872503063738, 43.091313053854492 ], [ 144.652643332923617, 43.091433053992432 ], [ 144.656507496723748, 43.095458612824871 ], [ 144.655465550295048, 43.098791667601517 ], [ 144.656647781969696, 43.101520558726975 ], [ 144.65823082978909, 43.102619441234367 ], [ 144.661621114722834, 43.101447774795133 ], [ 144.669990271334086, 43.103499999825317 ], [ 144.67573472058109, 43.102057775046433 ], [ 144.679323060511024, 43.103563053991934 ], [ 144.679489441384817, 43.104458892064372 ], [ 144.678343605273312, 43.105676946434073 ], [ 144.680291387537636, 43.108260559277539 ], [ 144.679348612049012, 43.108520559576334 ], [ 144.679786108841995, 43.109468333496977 ], [ 144.678234162276908, 43.111114171082306 ], [ 144.67550778205873, 43.110905837734379 ], [ 144.674541672760142, 43.111913054144281 ], [ 144.676195005295426, 43.114189170793736 ], [ 144.676030829559295, 43.11523861307171 ], [ 144.672919169883926, 43.116787775335752 ], [ 144.671421945266729, 43.119948613537872 ], [ 144.668929441840419, 43.120188054435346 ], [ 144.666455836767682, 43.121578333473451 ], [ 144.666271114220763, 43.123583612993514 ], [ 144.667528884450689, 43.125231667407718 ], [ 144.666715837066363, 43.130074720771916 ], [ 144.667205550296103, 43.132759440795724 ], [ 144.664804162582186, 43.135344999772087 ], [ 144.664671672659779, 43.137584171372566 ], [ 144.662723605310362, 43.141633054122337 ], [ 144.663119169414358, 43.143697775232283 ], [ 144.660530829734171, 43.144744441303089 ], [ 144.659622217691322, 43.147996946502019 ], [ 144.660441945239768, 43.150603332877665 ], [ 144.671157223527189, 43.154691387397804 ], [ 144.676409441442729, 43.153106387150217 ], [ 144.675972218043626, 43.151369441047052 ], [ 144.677849169703563, 43.148788892193807 ], [ 144.673915005373374, 43.145711108181274 ], [ 144.675339727546543, 43.141133612926069 ], [ 144.676467223783561, 43.139855000008424 ], [ 144.675587223671641, 43.138803054017899 ], [ 144.676193891035382, 43.138233053812542 ], [ 144.682216666965815, 43.139306107790787 ], [ 144.68247167242987, 43.14099583858723 ], [ 144.684161945517531, 43.141894171379079 ], [ 144.690150829597314, 43.142071666974005 ], [ 144.689541387824988, 43.144425558792648 ], [ 144.690796393538903, 43.146099721425173 ], [ 144.690158339835648, 43.146401945793343 ], [ 144.691069727186346, 43.149245279246429 ], [ 144.694894721014748, 43.150326107863748 ], [ 144.69498306052003, 43.152497775452161 ], [ 144.69614972762804, 43.153036667208596 ], [ 144.698500829749719, 43.153062775426918 ], [ 144.698858053956201, 43.152237505356766 ], [ 144.700018884464157, 43.153461108543468 ], [ 144.699709169642688, 43.154002775607751 ], [ 144.705976666390256, 43.155026107868764 ], [ 144.706614720992775, 43.156575558815177 ], [ 144.709301672234574, 43.158111946209544 ], [ 144.70839583639895, 43.158638054103108 ], [ 144.709161114494009, 43.160377225129025 ], [ 144.711889999324171, 43.15943750553663 ], [ 144.713184162419338, 43.160054721048709 ], [ 144.715595278999103, 43.159757774801619 ], [ 144.716884720653525, 43.15878417145251 ], [ 144.714923605939816, 43.157375279145981 ], [ 144.716210557371483, 43.1542455592853 ], [ 144.714012217689856, 43.153846946479575 ], [ 144.713421387387257, 43.152925278978614 ], [ 144.715197496267592, 43.150785000427618 ], [ 144.714171672884618, 43.148553613358729 ], [ 144.714864162551294, 43.147199441201394 ], [ 144.723680557411967, 43.163023332760758 ], [ 144.732221387407321, 43.165622504774944 ], [ 144.7314597272848, 43.177006386735513 ], [ 144.741000271545431, 43.181485279422247 ], [ 144.752283605704065, 43.188346666865357 ], [ 144.75456888464646, 43.187049441578608 ], [ 144.759180271752371, 43.188128892434577 ], [ 144.760871672589815, 43.187573053853498 ], [ 144.761211672980494, 43.188140838129357 ], [ 144.765651114207685, 43.186678613327501 ], [ 144.768453060860224, 43.186832775112634 ], [ 144.768795550574396, 43.185814441283583 ], [ 144.778400271355622, 43.185689721503593 ], [ 144.78047055747038, 43.184049440829199 ], [ 144.784089727958758, 43.182812774989713 ], [ 144.785497223618108, 43.181626667237083 ], [ 144.785013061004179, 43.180647774975 ], [ 144.78717055797506, 43.178566107939673 ], [ 144.790423060476087, 43.178347505233319 ], [ 144.791766666498688, 43.176884441364052 ], [ 144.79665167233702, 43.178411667364742 ], [ 144.797739999501573, 43.176479441573122 ], [ 144.803786666821452, 43.174375559484645 ], [ 144.806234720356201, 43.170163054081854 ], [ 144.816835005931011, 43.171830000554223 ], [ 144.814611114711397, 43.175618613208599 ], [ 144.809504720966288, 43.176646666910301 ], [ 144.813480829676678, 43.177880838030433 ], [ 144.812397781532582, 43.179724441030316 ], [ 144.816532775267547, 43.183110000026659 ], [ 144.813592775486427, 43.184448054534244 ], [ 144.812670557600313, 43.183984441429004 ], [ 144.808926108853029, 43.186483892118076 ], [ 144.807316938426197, 43.188694721584284 ], [ 144.805421114493015, 43.189358333120765 ], [ 144.80621527881226, 43.190580000067143 ], [ 144.8025019457084, 43.193935838268487 ], [ 144.801975836915517, 43.196542225543453 ], [ 144.795247223580645, 43.197687774771168 ], [ 144.79402306101565, 43.200843612742688 ], [ 144.790762775781673, 43.201499441546162 ], [ 144.790408884462636, 43.202463054326643 ], [ 144.789190271613961, 43.202241667319242 ], [ 144.789367496512909, 43.203238892261254 ], [ 144.784846938235773, 43.205761946556777 ], [ 144.775769441406737, 43.207355000233235 ], [ 144.772269727865819, 43.20923999992624 ], [ 144.769775278306611, 43.208510838604468 ], [ 144.767423061025625, 43.209670278760541 ], [ 144.767298053462582, 43.211610279191177 ], [ 144.764673890188078, 43.213229171289413 ], [ 144.7559344485162, 43.213935000599975 ], [ 144.754140829835592, 43.214767504816678 ], [ 144.753819389653245, 43.216666667033223 ], [ 144.750479441573134, 43.219355279322826 ], [ 144.750562775451954, 43.220553053980439 ], [ 144.75561693837119, 43.222415000452088 ], [ 144.757663605591119, 43.226073332818203 ], [ 144.757262502562639, 43.226953613518617 ], [ 144.759124449034289, 43.228234441466441 ], [ 144.760113890343973, 43.23100917103659 ], [ 144.759395005575243, 43.232361946546746 ], [ 144.758499441795948, 43.232296667457376 ], [ 144.757895005650198, 43.233577775094432 ], [ 144.756655836997425, 43.23402555923235 ], [ 144.757114162988387, 43.23558527953719 ], [ 144.758523332286131, 43.236754999843527 ], [ 144.757483605384209, 43.239712225239145 ], [ 144.758032502997821, 43.240311946239501 ], [ 144.754934162281984, 43.245357224756276 ], [ 144.755122217716348, 43.246682225604388 ], [ 144.753434162356939, 43.24819305426621 ], [ 144.754131387853477, 43.248572505217112 ], [ 144.753119169414276, 43.248958612949821 ], [ 144.753889169849458, 43.249555278953153 ], [ 144.752988884629531, 43.250317775445126 ], [ 144.753969727521053, 43.25070833302334 ], [ 144.752486108747121, 43.251421667176373 ], [ 144.752787781830875, 43.252336107725341 ], [ 144.751473332728324, 43.253495559572571 ], [ 144.752439442026798, 43.256156666996731 ], [ 144.75117389086256, 43.257113891892743 ], [ 144.752219169279442, 43.257667224962631 ], [ 144.751383605569117, 43.258046946609454 ], [ 144.751261945282749, 43.261772225408038 ], [ 144.750563060537047, 43.261813613107904 ], [ 144.74931555067235, 43.264116387461456 ], [ 144.748129728004756, 43.264455000198268 ], [ 144.748211672430898, 43.265824720734429 ], [ 144.747094448250323, 43.266247775314753 ], [ 144.747719441998811, 43.266647505078481 ], [ 144.74643027193963, 43.266844171521484 ], [ 144.747186666531661, 43.267256945951488 ], [ 144.746805278441002, 43.268745000181752 ], [ 144.749147497059539, 43.270581946399886 ], [ 144.748151387276835, 43.270216108486807 ], [ 144.742235279035071, 43.271671386925107 ], [ 144.741456666691988, 43.273160837802607 ], [ 144.739563605476178, 43.27393889256598 ], [ 144.737376108920444, 43.273311387011063 ], [ 144.735266938818313, 43.275282504883876 ], [ 144.734493605495686, 43.274920559236591 ], [ 144.73388944184444, 43.275550559510862 ], [ 144.733558611840635, 43.274410000621174 ], [ 144.730421114642922, 43.274131387054013 ], [ 144.727038053963156, 43.277516387571382 ], [ 144.724827496991566, 43.278052225230169 ], [ 144.72179389037592, 43.280296946547026 ], [ 144.718178339658834, 43.280689720954001 ], [ 144.714204162692113, 43.282355000083328 ], [ 144.710585836667178, 43.285349171427299 ], [ 144.707475550256618, 43.286181108171775 ], [ 144.707038053463521, 43.28693610791521 ], [ 144.705745005527774, 43.286719999928209 ], [ 144.705034162496759, 43.287933332857165 ], [ 144.703547496819738, 43.288349720763165 ], [ 144.702536938529079, 43.287102504976815 ], [ 144.699594448525204, 43.286667505601088 ], [ 144.694878884852869, 43.287846945780075 ], [ 144.693550557412436, 43.290427505425214 ], [ 144.693935836869514, 43.291825837892247 ], [ 144.692836666579069, 43.297116667300543 ], [ 144.689972217943705, 43.299001945783345 ], [ 144.687925550723776, 43.299181387511169 ], [ 144.683972775823122, 43.303714721557299 ], [ 144.684219441873893, 43.31052889189499 ], [ 144.68516722388847, 43.311070558959273 ], [ 144.683143890478391, 43.314497225067043 ], [ 144.680565836344499, 43.315059721329249 ], [ 144.675217496190726, 43.318475559599563 ], [ 144.671881945795349, 43.319277504853119 ], [ 144.670657781431601, 43.320683612858602 ], [ 144.671709999916743, 43.321480558780934 ], [ 144.671824162555254, 43.32284472150684 ], [ 144.670319441189463, 43.323417774910524 ], [ 144.669736108534721, 43.325672775478381 ], [ 144.671347496689805, 43.326823613619013 ], [ 144.671990557818162, 43.331695838292489 ], [ 144.669981387830944, 43.337348613348013 ], [ 144.668189727873823, 43.33998638696238 ], [ 144.668653060390625, 43.343064440771514 ], [ 144.667082775749691, 43.345444171011877 ], [ 144.668416108816587, 43.348279720832636 ], [ 144.668295836184029, 43.350779721007484 ], [ 144.67056639322459, 43.351836667228554 ], [ 144.670845005892488, 43.351223612879608 ], [ 144.674537223814013, 43.351651946480331 ] ] ], [ [ [ 144.879262775856546, 42.95865750503998 ], [ 144.87878999955899, 42.958825278963616 ], [ 144.879286393852226, 42.95876555948314 ], [ 144.879262775856546, 42.95865750503998 ] ] ], [ [ [ 144.878512217864795, 42.95884222488894 ], [ 144.878643060229251, 42.958921386812733 ], [ 144.878665550474921, 42.958868333107262 ], [ 144.878512217864795, 42.95884222488894 ] ] ], [ [ [ 144.87843243720738, 42.973472027212438 ], [ 144.877668002676387, 42.973925081377558 ], [ 144.878474227803508, 42.973530198060359 ], [ 144.87843243720738, 42.973472027212438 ] ] ], [ [ [ 144.877353527743253, 42.974074000115195 ], [ 144.876792411940414, 42.974680667478992 ], [ 144.87741369598541, 42.974119892519184 ], [ 144.877353527743253, 42.974074000115195 ] ] ], [ [ [ 144.880361945247728, 42.975375838024661 ], [ 144.879898339337046, 42.973370000025625 ], [ 144.878187782040641, 42.974633053772607 ], [ 144.879045278417038, 42.976269999760859 ], [ 144.880361945247728, 42.975375838024661 ] ] ], [ [ [ 144.89331861196456, 42.984674720961777 ], [ 144.893641387640059, 42.984751666956015 ], [ 144.893691114753324, 42.984641107900984 ], [ 144.89331861196456, 42.984674720961777 ] ] ], [ [ [ 144.894528339511453, 42.984891387427751 ], [ 144.894543890588238, 42.985128333605871 ], [ 144.894656938966705, 42.985092224926404 ], [ 144.894528339511453, 42.984891387427751 ] ] ], [ [ [ 144.893135550465445, 42.985230000164563 ], [ 144.893352217830738, 42.985155558782196 ], [ 144.893343332528957, 42.98511250553787 ], [ 144.893135550465445, 42.985230000164563 ] ] ], [ [ [ 144.885979727682411, 42.985189721328766 ], [ 144.885793605790468, 42.985265278769759 ], [ 144.886020271818325, 42.985270000210505 ], [ 144.885979727682411, 42.985189721328766 ] ] ], [ [ [ 144.894165005310924, 42.985453333304861 ], [ 144.894392775706251, 42.985573053753569 ], [ 144.8945416728601, 42.985424170988892 ], [ 144.894165005310924, 42.985453333304861 ] ] ], [ [ [ 144.893137781683436, 42.98546472141993 ], [ 144.893573332343635, 42.985563892359892 ], [ 144.893578053784381, 42.985383332774745 ], [ 144.893137781683436, 42.98546472141993 ] ] ], [ [ [ 144.894853332915204, 42.985665558918583 ], [ 144.894767223728536, 42.985900279274631 ], [ 144.894929727625026, 42.985785279367292 ], [ 144.894853332915204, 42.985665558918583 ] ] ], [ [ [ 144.905640271881225, 42.986031667527584 ], [ 144.905672217598976, 42.986251946570235 ], [ 144.905813332919138, 42.986187504749694 ], [ 144.905640271881225, 42.986031667527584 ] ] ], [ [ [ 144.906202217758278, 42.986671386775242 ], [ 144.90607500595695, 42.986441108170766 ], [ 144.905976666889842, 42.986634171030346 ], [ 144.906202217758278, 42.986671386775242 ] ] ], [ [ [ 144.961623332750833, 42.979737225292865 ], [ 144.961381945720404, 42.979816108426803 ], [ 144.961641387540226, 42.979791386963086 ], [ 144.961623332750833, 42.979737225292865 ] ] ], [ [ [ 144.962365836414392, 42.979739441222421 ], [ 144.962663890626231, 42.980055279527676 ], [ 144.962790271454082, 42.980028333141206 ], [ 144.962365836414392, 42.979739441222421 ] ] ], [ [ [ 144.958522502711503, 42.981425000063894 ], [ 144.958635550190706, 42.98112027917773 ], [ 144.958290271678834, 42.981310000156554 ], [ 144.958522502711503, 42.981425000063894 ] ] ], [ [ [ 144.950124162200495, 42.982072504742462 ], [ 144.949749441683593, 42.982314171462008 ], [ 144.950132775907036, 42.982227225006568 ], [ 144.950124162200495, 42.982072504742462 ] ] ], [ [ [ 144.957513605468648, 42.98294389204716 ], [ 144.957258611695806, 42.982497224867188 ], [ 144.957069169506781, 42.982776946399099 ], [ 144.957513605468648, 42.98294389204716 ] ] ], [ [ [ 144.914023890490284, 42.985279720982476 ], [ 144.913832217982645, 42.985471946573227 ], [ 144.914109999676953, 42.985428054261433 ], [ 144.914023890490284, 42.985279720982476 ] ] ], [ [ [ 144.913670557650335, 42.985726666952303 ], [ 144.913032503047702, 42.985548054399374 ], [ 144.913060271414565, 42.985666108404359 ], [ 144.913670557650335, 42.985726666952303 ] ] ], [ [ [ 144.984839169492261, 42.986713613542577 ], [ 144.984792775266556, 42.986932774727961 ], [ 144.985008340063018, 42.986939441402285 ], [ 144.984839169492261, 42.986713613542577 ] ] ], [ [ [ 144.987985005203996, 42.988403053858008 ], [ 144.98816666645871, 42.988473054388123 ], [ 144.988160829858543, 42.988360000613682 ], [ 144.987985005203996, 42.988403053858008 ] ] ], [ [ [ 144.987753332650414, 42.988571108370138 ], [ 144.987829999854739, 42.988739170976146 ], [ 144.987958611900581, 42.988711108530993 ], [ 144.987753332650414, 42.988571108370138 ] ] ], [ [ [ 144.987947496280071, 42.98884972103798 ], [ 144.987742217929167, 42.988950278732545 ], [ 144.98792167224758, 42.988929999919719 ], [ 144.987947496280071, 42.98884972103798 ] ] ], [ [ [ 144.989011673050413, 42.988906387320071 ], [ 144.989103060358161, 42.989000000449835 ], [ 144.989143605393224, 42.988946945845044 ], [ 144.989011673050413, 42.988906387320071 ] ] ], [ [ [ 144.989145836611215, 42.98920972145163 ], [ 144.989010557891106, 42.98945444136956 ], [ 144.989153890939519, 42.989468054407325 ], [ 144.989145836611215, 42.98920972145163 ] ] ] ] } },
{ "type": "Feature", "properties": { "fid": 10, "OBJECTID": 8436.0, "N03_001": "北海道", "N03_002": "十勝総合振興局", "N03_003": "中川郡", "N03_004": "本別町", "N03_007": "01646", "Shape_Leng": 1.1794108560536269, "Shape_Area": 0.043376992688536002, "join_key": "中川郡本別町" }, "geometry": { "type": "MultiPolygon", "coordinates": [ [ [ [ 143.47796360543623, 43.237648891783124 ], [ 143.489771192186936, 43.235458000286656 ], [ 143.496637249809396, 43.23917405383969 ], [ 143.495740142793579, 43.235782532338192 ], [ 143.502729104464834, 43.235912973605025 ], [ 143.507893916371359, 43.232862359910143 ], [ 143.511933060362594, 43.232014999792568 ], [ 143.516621672252541, 43.229454441069777 ], [ 143.51989722347821, 43.2294280540616 ], [ 143.525795550324574, 43.227732224962381 ], [ 143.52679416292051, 43.228758053741331 ], [ 143.52585416273962, 43.229271386765276 ], [ 143.525856666452228, 43.230584721607784 ], [ 143.529520557527917, 43.232048333164187 ], [ 143.534173890812554, 43.232718053795338 ], [ 143.535832502368294, 43.235443612932556 ], [ 143.538642217364668, 43.236069441251857 ], [ 143.54033527835054, 43.23182222561536 ], [ 143.539738884841881, 43.228767775412678 ], [ 143.540911114256687, 43.227156108467796 ], [ 143.542723060221192, 43.225584170872935 ], [ 143.546536666833845, 43.225187225410309 ], [ 143.557355279023113, 43.211330000079613 ], [ 143.563464720820434, 43.207176946159279 ], [ 143.564439728011166, 43.201816667505341 ], [ 143.566846393846163, 43.197310559534856 ], [ 143.568766938343742, 43.196133613175846 ], [ 143.567613605483643, 43.192242225098767 ], [ 143.568501672514344, 43.189382225409531 ], [ 143.569496393743748, 43.188694721584284 ], [ 143.570960829978503, 43.190618053980188 ], [ 143.580788053825813, 43.19370722520847 ], [ 143.582360557993525, 43.195079441363305 ], [ 143.580540271716359, 43.198591945961709 ], [ 143.580792502771942, 43.202651386752279 ], [ 143.660037782018208, 43.239866667612773 ], [ 143.661819169918886, 43.237531945742887 ], [ 143.662103605696984, 43.234888892208801 ], [ 143.666812217609959, 43.234156108417835 ], [ 143.666471672230045, 43.231061667162351 ], [ 143.667784162609223, 43.230738613596316 ], [ 143.672445278626924, 43.22672861303522 ], [ 143.679408611418467, 43.227291387187961 ], [ 143.679922775415889, 43.224997775127406 ], [ 143.681259441370344, 43.223711107881513 ], [ 143.683277496659343, 43.223288054200509 ], [ 143.685892217951732, 43.220643333323324 ], [ 143.692736666664018, 43.21895333273028 ], [ 143.696533605241825, 43.219064171474486 ], [ 143.700485550967528, 43.213622505074738 ], [ 143.700394720340228, 43.211814999962428 ], [ 143.701725005604658, 43.209796946472068 ], [ 143.703346108236474, 43.208492774821877 ], [ 143.706002217228729, 43.208353892518289 ], [ 143.707387782020646, 43.20589444097584 ], [ 143.712629727879857, 43.204530558838371 ], [ 143.715755836962444, 43.20063777501349 ], [ 143.71877778116982, 43.202309441127966 ], [ 143.719790557188617, 43.201356387287603 ], [ 143.722073060823277, 43.201407225063576 ], [ 143.725555836532862, 43.199914441298574 ], [ 143.728047496394993, 43.202496108009143 ], [ 143.730014720203371, 43.201920558986785 ], [ 143.734371387829469, 43.203901108049877 ], [ 143.73373833975279, 43.207067504961572 ], [ 143.736177781379638, 43.206392775106679 ], [ 143.738340271386619, 43.207034721075672 ], [ 143.740394448844881, 43.209090559581853 ], [ 143.746166666458635, 43.210342225213708 ], [ 143.75111722388101, 43.209198613125636 ], [ 143.76157221768392, 43.210708892301682 ], [ 143.764176108440779, 43.209904721226053 ], [ 143.768821672482431, 43.210619441234371 ], [ 143.771467223433774, 43.209821667036465 ], [ 143.775001945783401, 43.211771945818839 ], [ 143.776284720763442, 43.209649999947715 ], [ 143.780000829175151, 43.207242774734425 ], [ 143.77949167260283, 43.206001945933224 ], [ 143.781248339939111, 43.205476107836262 ], [ 143.782194720809912, 43.204200279219663 ], [ 143.789502775432879, 43.203196667292502 ], [ 143.792661387812927, 43.203639441307359 ], [ 143.793592502692036, 43.201818054259945 ], [ 143.793588884719384, 43.199099441486226 ], [ 143.789924162670104, 43.193121387042538 ], [ 143.786794162220986, 43.192752775620249 ], [ 143.784361945747378, 43.191294171489005 ], [ 143.783806108964882, 43.189971667158886 ], [ 143.781056394037478, 43.189430000094603 ], [ 143.776972775873105, 43.186517774975528 ], [ 143.780228611261577, 43.183706387240136 ], [ 143.778242775983472, 43.183410279161194 ], [ 143.777110271422089, 43.177598333096739 ], [ 143.775571387509672, 43.175305837994188 ], [ 143.778218884594025, 43.175214721382474 ], [ 143.780651673036459, 43.173215559050959 ], [ 143.783366938533618, 43.172561667387185 ], [ 143.782228611761184, 43.171076387565392 ], [ 143.782012775369481, 43.167597774817636 ], [ 143.778979169653098, 43.168001386954586 ], [ 143.775440557735692, 43.166967504746708 ], [ 143.772759441295307, 43.167911387300876 ], [ 143.768628611421491, 43.163154999803567 ], [ 143.759988339790198, 43.163644441438009 ], [ 143.753903060977677, 43.161519721158356 ], [ 143.749619441684104, 43.161672225492964 ], [ 143.74753472055113, 43.164059440790709 ], [ 143.745909999946775, 43.163550559410965 ], [ 143.743254162549761, 43.164405838059167 ], [ 143.738586393347532, 43.163584441369039 ], [ 143.737673890837527, 43.16276805390271 ], [ 143.734847223620704, 43.162412505133148 ], [ 143.734771945868829, 43.160713333253909 ], [ 143.732300557624853, 43.160606667363993 ], [ 143.731726666952341, 43.159518054214971 ], [ 143.726937781553602, 43.159034720775935 ], [ 143.723702502868377, 43.155027224826711 ], [ 143.720526938267767, 43.153050837826072 ], [ 143.716826938512554, 43.153651946480295 ], [ 143.715266938518539, 43.152662505170667 ], [ 143.708159441704993, 43.151730278729531 ], [ 143.704899441556108, 43.152642505147639 ], [ 143.703472502554177, 43.151822225415515 ], [ 143.701541672510302, 43.152131946532279 ], [ 143.697183890624274, 43.149826108188506 ], [ 143.694214162853541, 43.150160558862865 ], [ 143.694465278749817, 43.148750278902412 ], [ 143.693645278706867, 43.147839171240946 ], [ 143.684842775673701, 43.142773054532995 ], [ 143.683510829361467, 43.142357225106025 ], [ 143.680976109060339, 43.14321417109727 ], [ 143.677112775334535, 43.13902166751609 ], [ 143.675382775594812, 43.134661387313315 ], [ 143.673699169181532, 43.133924441459953 ], [ 143.672236938983701, 43.134678333238639 ], [ 143.670597781562492, 43.134321667511131 ], [ 143.666373332263674, 43.132089721063949 ], [ 143.661938611577852, 43.132957775481145 ], [ 143.659122502401715, 43.12935027909225 ], [ 143.657022502686573, 43.128727775566574 ], [ 143.654376393256143, 43.129660000209014 ], [ 143.65187805322978, 43.128201666773691 ], [ 143.65197055749536, 43.126071946263494 ], [ 143.650220829327964, 43.124008054328385 ], [ 143.646041672585284, 43.120768892370677 ], [ 143.64223111467436, 43.119983613353213 ], [ 143.637132775257555, 43.117350838170807 ], [ 143.636331114189716, 43.116067225022562 ], [ 143.632442502319805, 43.114819721453159 ], [ 143.623256393467955, 43.113731946472342 ], [ 143.617502775632715, 43.111829999954693 ], [ 143.614973332553404, 43.110224441205162 ], [ 143.614365278435002, 43.108675278941121 ], [ 143.612507223329885, 43.10846166747217 ], [ 143.613113060619412, 43.107670000570238 ], [ 143.60965944182999, 43.103653333334819 ], [ 143.605530557189695, 43.103037505476664 ], [ 143.603128611896068, 43.104631107739579 ], [ 143.601695278714374, 43.101679441053534 ], [ 143.602070271725893, 43.099330838147807 ], [ 143.599461387932934, 43.09501750525385 ], [ 143.589508339938106, 43.090738892486058 ], [ 143.587310829431431, 43.088555558892097 ], [ 143.585463332367112, 43.088391386753244 ], [ 143.585068611827182, 43.091200838248255 ], [ 143.583640271681361, 43.091669721380697 ], [ 143.582846108261492, 43.090180279496451 ], [ 143.580399999960264, 43.088913333483731 ], [ 143.578089999553981, 43.08903305393244 ], [ 143.57740527823114, 43.089831107819521 ], [ 143.571663605191361, 43.089264441401042 ], [ 143.565990829213547, 43.085560838062406 ], [ 143.568581946000222, 43.082855278948159 ], [ 143.568238611822608, 43.080647505378238 ], [ 143.56299138784243, 43.078491108278172 ], [ 143.559945005457848, 43.074116386762 ], [ 143.557453333005128, 43.076041667089441 ], [ 143.51065527841854, 43.056715559175871 ], [ 143.480779999697461, 43.073808332988335 ], [ 143.47934778167496, 43.07276666714813 ], [ 143.477735836839543, 43.074756107808298 ], [ 143.475884162424336, 43.075026667047212 ], [ 143.473387223541749, 43.077255278808252 ], [ 143.469642502299848, 43.078101387069523 ], [ 143.454846666240883, 43.092479441273383 ], [ 143.448643605917823, 43.100759440895672 ], [ 143.443744448347843, 43.100021108287706 ], [ 143.427041387650092, 43.109429441415728 ], [ 143.424447781540039, 43.112088054120591 ], [ 143.405688885034238, 43.119333891845827 ], [ 143.402669999421164, 43.129478333558438 ], [ 143.390178053774321, 43.141768332842446 ], [ 143.388426393863142, 43.174130558978277 ], [ 143.389475278561463, 43.1841816672503 ], [ 143.395971672554879, 43.192852774835842 ], [ 143.396541672760122, 43.195870558779404 ], [ 143.39575250237624, 43.1971986128259 ], [ 143.398960557683722, 43.199456108113054 ], [ 143.398585550283087, 43.201310558735486 ], [ 143.397046108791073, 43.203099170890198 ], [ 143.398215550307555, 43.204033892050631 ], [ 143.394671387774451, 43.207942225153715 ], [ 143.398225550768757, 43.210239171001092 ], [ 143.401037496983122, 43.210517504879135 ], [ 143.404019169549201, 43.212645279256378 ], [ 143.405839169842011, 43.212613892017657 ], [ 143.406771387289837, 43.214832505116192 ], [ 143.406703605387293, 43.216077225283868 ], [ 143.404378339888694, 43.216376667149632 ], [ 143.402966938473583, 43.218972505376996 ], [ 143.400409441942315, 43.21967027945999 ], [ 143.401406393490447, 43.228585838066124 ], [ 143.403137496698264, 43.233124720929311 ], [ 143.41101639329213, 43.24455417153797 ], [ 143.477105278985618, 43.240100838483102 ], [ 143.475632775832082, 43.239101946198048 ], [ 143.47796360543623, 43.237648891783124 ] ] ] ] } },
{ "type": "Feature", "properties": { "fid": 11, "OBJECTID": 8297.0, "N03_001": "北海道", "N03_002": "十勝総合振興局", "N03_003": "河東郡", "N03_004": "鹿追町", "N03_007": "01634", "Shape_Leng": 1.292869157356453, "Shape_Area": 0.044827438833694, "join_key": "河東郡鹿追町" }, "geometry": { "type": "MultiPolygon", "coordinates": [ [ [ [ 143.031917223900905, 43.396437224798262 ], [ 143.038753332300644, 43.393663054606463 ], [ 143.041700829729734, 43.390986387112264 ], [ 143.046013332549478, 43.39076805420251 ], [ 143.048305005671637, 43.388226387537941 ], [ 143.052536666634069, 43.386109440998098 ], [ 143.059879727367729, 43.384411946354419 ], [ 143.069835005681171, 43.384500559253581 ], [ 143.075308339908133, 43.389831386909123 ], [ 143.076834162966406, 43.389992504950328 ], [ 143.087747496250131, 43.388750837980979 ], [ 143.095762502537696, 43.386048054174523 ], [ 143.096624720354725, 43.385037775573039 ], [ 143.096775551050996, 43.382715000297196 ], [ 143.102629441495651, 43.377223613079423 ], [ 143.103108611973084, 43.375195279438742 ], [ 143.106825005469773, 43.372799999920232 ], [ 143.10685610852272, 43.369558054560741 ], [ 143.113124162849999, 43.364519721508088 ], [ 143.11323888486686, 43.362845279186445 ], [ 143.111749441183974, 43.360077225283874 ], [ 143.111697496342572, 43.358017505303792 ], [ 143.112603605572076, 43.356762774782396 ], [ 143.119753890330003, 43.355484441553926 ], [ 143.120977781299757, 43.353786667221073 ], [ 143.126261114858721, 43.350219441574154 ], [ 143.12969082966822, 43.346884170867952 ], [ 143.129623332850656, 43.345225559312269 ], [ 143.133560829169141, 43.340658333415547 ], [ 143.13411027177176, 43.337031387388777 ], [ 143.135722217506554, 43.334925559167402 ], [ 143.135382775594849, 43.333888891759102 ], [ 143.14214666663554, 43.330381945870272 ], [ 143.143297781767387, 43.328583891733388 ], [ 143.14127972737765, 43.326802775427893 ], [ 143.142907223289853, 43.325520838616001 ], [ 143.141994720779962, 43.324606666964257 ], [ 143.143799169995873, 43.321634440876892 ], [ 143.142704448651557, 43.320349440974098 ], [ 143.143509169212962, 43.318833891770851 ], [ 143.138319441589147, 43.315785000277685 ], [ 143.1350750060069, 43.315133892015695 ], [ 143.133765550839712, 43.314003333587152 ], [ 143.132455550683289, 43.314334170785514 ], [ 143.130145836261477, 43.312157504765196 ], [ 143.127854448224411, 43.31223555872424 ], [ 143.128242775483841, 43.311003892216036 ], [ 143.126433060737327, 43.308517225389778 ], [ 143.126129999999648, 43.305425278853704 ], [ 143.124373606057247, 43.305280837840542 ], [ 143.122079727797427, 43.303252225410063 ], [ 143.119579441638052, 43.302946387565896 ], [ 143.119681114491982, 43.301501107790045 ], [ 143.121418339385059, 43.299442775463888 ], [ 143.118668339372562, 43.297546386756494 ], [ 143.117726653862178, 43.290816396559592 ], [ 143.118001140440469, 43.283814532314977 ], [ 143.116491504279679, 43.277161117591675 ], [ 143.109354448549084, 43.262356946615967 ], [ 143.108185550223197, 43.256472225612868 ], [ 143.101931672808632, 43.248199441251359 ], [ 143.101379999887286, 43.246554171138257 ], [ 143.102187496655802, 43.245720558956805 ], [ 143.101976393396058, 43.244770559214089 ], [ 143.099555005659113, 43.241226386788469 ], [ 143.103352217630913, 43.234698333061772 ], [ 143.108339169717055, 43.228654720738916 ], [ 143.107644162848032, 43.227196387303593 ], [ 143.107985550892636, 43.224175837944756 ], [ 143.110352502666046, 43.222980558905817 ], [ 143.111615837001409, 43.218551387037053 ], [ 143.11722306049603, 43.212588333285112 ], [ 143.115827223647671, 43.210885279032595 ], [ 143.116642775643754, 43.207817505373725 ], [ 143.115561945227796, 43.205221387457243 ], [ 143.117663890176573, 43.203169720906089 ], [ 143.119806938639499, 43.202383054234758 ], [ 143.120202775238113, 43.199698613000749 ], [ 143.121803332857667, 43.198192504880353 ], [ 143.121478339454029, 43.196502225497454 ], [ 143.120387781970749, 43.19603889208139 ], [ 143.121046666670509, 43.192016108556743 ], [ 143.118939727786369, 43.18970889245162 ], [ 143.119257496936143, 43.184772225058282 ], [ 143.117574720597077, 43.181734441091749 ], [ 143.118707781838793, 43.179178333113725 ], [ 143.122213605373759, 43.175330559457905 ], [ 143.122766666848406, 43.173292774841855 ], [ 143.126829727410154, 43.170882775220093 ], [ 143.129605005566759, 43.168065558978526 ], [ 143.130295005909943, 43.166303892310964 ], [ 143.133282502485713, 43.165618054030119 ], [ 143.133547223325877, 43.163713054314144 ], [ 143.139551672871562, 43.161291386888138 ], [ 143.146469441511726, 43.156839441487193 ], [ 143.150475836690703, 43.152416946185269 ], [ 143.074837496253622, 43.16650666694926 ], [ 143.040403332847745, 43.069768332842443 ], [ 143.042559727249795, 43.069723053776102 ], [ 143.042913891063449, 43.068242505287571 ], [ 143.048647781370164, 43.068225838152102 ], [ 143.052051114567462, 43.066718333384529 ], [ 143.054766938543594, 43.067278054338885 ], [ 143.058759169400332, 43.063866108334423 ], [ 143.061446394036011, 43.063669721580538 ], [ 143.063446108551261, 43.062294999914457 ], [ 143.070082775200149, 43.010921666901595 ], [ 143.064059999269716, 43.013444999986916 ], [ 143.061981945710386, 43.016288053750827 ], [ 143.056184162169529, 43.019227504945547 ], [ 143.050713605948317, 43.020453892433352 ], [ 143.049294162795604, 43.022165838283001 ], [ 143.043238611972583, 43.023934721110663 ], [ 143.041247781859852, 43.026123332825705 ], [ 143.031812502345247, 43.029274999741631 ], [ 143.021956393173241, 43.033796387193661 ], [ 143.006847223420777, 43.045070279370066 ], [ 142.997971387869484, 43.049928891904983 ], [ 142.990871672889625, 43.056146666935319 ], [ 142.98059722338337, 43.060219171277879 ], [ 142.973188053486069, 43.064488333070301 ], [ 142.954368884416681, 43.080235279534691 ], [ 142.953779727752362, 43.08321000034141 ], [ 142.946823890810037, 43.087486387287129 ], [ 142.946786108492347, 43.092140000260997 ], [ 142.943843605897882, 43.095548892167812 ], [ 142.938470271785832, 43.09878972146862 ], [ 142.932432775752204, 43.104204721171129 ], [ 142.928401672599307, 43.116635279095021 ], [ 142.929431114854196, 43.121096386788963 ], [ 142.926836666978829, 43.128659999959211 ], [ 142.928685005808575, 43.131790838576478 ], [ 142.924829727310225, 43.141079721052449 ], [ 142.926873060743333, 43.14625500016831 ], [ 142.926820271438601, 43.149036107730353 ], [ 142.925793332896205, 43.150638333592383 ], [ 142.923207496928626, 43.151393613024993 ], [ 142.922565550959575, 43.152414170877478 ], [ 142.92712583678815, 43.154620838281232 ], [ 142.928011672600746, 43.156570838273751 ], [ 142.92572389084512, 43.161920000407861 ], [ 142.931952502706054, 43.169153612749199 ], [ 142.933714449062791, 43.173132504861371 ], [ 142.9369469389502, 43.174210000591245 ], [ 142.939221114862789, 43.178114999907507 ], [ 142.948116938745898, 43.178311667249829 ], [ 142.948838884806833, 43.179028891870018 ], [ 142.948085836592213, 43.182737775128373 ], [ 142.953407781643932, 43.186197225121987 ], [ 142.953098053332724, 43.18893027920916 ], [ 142.951848339229628, 43.190591108493038 ], [ 142.953068339732226, 43.19958250512866 ], [ 142.956021114383134, 43.199954721033691 ], [ 142.963790271204175, 43.197265279569137 ], [ 142.968276108455825, 43.197892224846441 ], [ 142.970035836185048, 43.199614721542332 ], [ 142.969799727275813, 43.203639999786333 ], [ 142.973459999479587, 43.205998891835577 ], [ 142.971100557944624, 43.206640559014772 ], [ 142.970989999788799, 43.20883944098756 ], [ 142.971485005528734, 43.209970838483571 ], [ 142.97356027118974, 43.210819441464196 ], [ 142.973885278982607, 43.212436107740359 ], [ 142.967601945173783, 43.216201945963178 ], [ 142.965666666183893, 43.219226107898749 ], [ 142.975171387749469, 43.221831387208908 ], [ 142.977403060802772, 43.224525559107406 ], [ 142.980685836282532, 43.225255559496645 ], [ 142.981143605593047, 43.226686666856381 ], [ 142.982134720541126, 43.226933332907151 ], [ 142.981923060600934, 43.230279721032446 ], [ 142.983029441655617, 43.23064333312351 ], [ 142.984042502759507, 43.232350559330996 ], [ 142.98522082957777, 43.23326417160439 ], [ 142.987617781835297, 43.232776945899502 ], [ 142.988586108862023, 43.23337222514823 ], [ 142.988370830049917, 43.234395559207883 ], [ 142.98284221719473, 43.236796107854275 ], [ 142.977577223510252, 43.240579999967167 ], [ 142.978075836430889, 43.24153250522113 ], [ 142.979569999755881, 43.241307775433654 ], [ 142.980880271507544, 43.242248333194198 ], [ 142.97883749655341, 43.244392504910365 ], [ 142.979299999895261, 43.245568333412052 ], [ 142.971886108557214, 43.250967225357329 ], [ 142.971808884672441, 43.251766666898334 ], [ 142.974275836560764, 43.252330838597516 ], [ 142.974990829962962, 43.254441945839289 ], [ 142.978860829463883, 43.254956386827985 ], [ 142.977216666416211, 43.256985838325932 ], [ 142.980289727189302, 43.260116667050738 ], [ 142.978959169430254, 43.26442000038287 ], [ 142.974623890380371, 43.267883613338256 ], [ 142.980416394001509, 43.273955558802186 ], [ 142.980461672168644, 43.280884171467505 ], [ 142.980161387638077, 43.281562504905821 ], [ 142.97801082983608, 43.281857774816615 ], [ 142.974599727395685, 43.285591107943446 ], [ 142.978850271423084, 43.294235838413385 ], [ 142.986947781515028, 43.297753333349817 ], [ 142.985883605644062, 43.301137505591555 ], [ 142.987111673065442, 43.30220805405861 ], [ 142.986781388050758, 43.30373361361552 ], [ 142.98873027198465, 43.305262774957271 ], [ 142.987951945625923, 43.306396945962433 ], [ 142.989348885043228, 43.309242505237592 ], [ 142.988329727435143, 43.311270279499979 ], [ 142.98911360530883, 43.313301107860013 ], [ 142.992414162183991, 43.317080559120654 ], [ 142.993763890791115, 43.318014171417019 ], [ 142.996257223392377, 43.317844441467969 ], [ 143.009723060171268, 43.32207861333751 ], [ 143.009415836471817, 43.325133054546995 ], [ 143.012321387722068, 43.327698054122095 ], [ 143.010888884614474, 43.331799441091505 ], [ 143.013495278184678, 43.334918612803904 ], [ 143.006684162844067, 43.3420338923504 ], [ 143.006651673036458, 43.345558613339506 ], [ 143.000664162221483, 43.349250279077296 ], [ 143.0005161086317, 43.354311107771593 ], [ 143.001745550217152, 43.356140559039716 ], [ 143.005620272058081, 43.356808053848795 ], [ 143.005953890859587, 43.360868332807456 ], [ 143.005132775657216, 43.362738333607354 ], [ 143.00806111482882, 43.364615838350403 ], [ 143.008782217325688, 43.366643892301965 ], [ 143.006571672944574, 43.371127775326727 ], [ 143.00668999944412, 43.375683053730086 ], [ 143.011596666353284, 43.376008054328395 ], [ 143.016013060654359, 43.378010838229784 ], [ 143.018513060829264, 43.378172225168214 ], [ 143.022339169816973, 43.38033583842838 ], [ 143.022543605503188, 43.382520838466064 ], [ 143.026011945295181, 43.38532166726128 ], [ 143.026710830040997, 43.391951667235844 ], [ 143.028489441734564, 43.39477694589948 ], [ 143.031917223900905, 43.396437224798262 ] ] ] ] } },
{ "type": "Feature", "properties": { "fid": 12, "OBJECTID": 8631.0, "N03_001": "北海道", "N03_002": "釧路総合振興局", "N03_003": "川上郡", "N03_004": "標茶町", "N03_007": "01664", "Shape_Leng": 3.040434713981957, "Shape_Area": 0.12193811857005001, "join_key": "川上郡標茶町" }, "geometry": { "type": "MultiPolygon", "coordinates": [ [ [ [ 144.586485278572923, 43.576563054341648 ], [ 144.592391114758357, 43.576857225280889 ], [ 144.595974162177981, 43.574685838280971 ], [ 144.600096108548769, 43.573477775379217 ], [ 144.614162775192085, 43.570702505316547 ], [ 144.668723605909918, 43.547072225003376 ], [ 144.745313890423859, 43.486070000130553 ], [ 144.679006393930081, 43.441991945971722 ], [ 144.674121672277579, 43.443874441052799 ], [ 144.668866666463714, 43.444238613421419 ], [ 144.662551945416112, 43.445904720826377 ], [ 144.659265837048906, 43.443579440938606 ], [ 144.655929999769796, 43.446258891834532 ], [ 144.652380829811591, 43.446685558991533 ], [ 144.646540557800677, 43.438691666986983 ], [ 144.641621672702172, 43.436651667340755 ], [ 144.646535836359931, 43.429286666746464 ], [ 144.646699727910345, 43.427784171202688 ], [ 144.645208053908732, 43.426880838180296 ], [ 144.638575550221617, 43.426700837973442 ], [ 144.638433060737384, 43.418946386866423 ], [ 144.641039441716998, 43.417668054537273 ], [ 144.643013332199644, 43.414426387068261 ], [ 144.645463605261398, 43.412874441402494 ], [ 144.646078339543919, 43.409283891838299 ], [ 144.644281945555576, 43.407393333435778 ], [ 144.656242217404611, 43.39541889186853 ], [ 144.658059999969169, 43.392833613480661 ], [ 144.658349169778489, 43.39095638752741 ], [ 144.660807223774555, 43.38807389219653 ], [ 144.660258053666439, 43.386798054586734 ], [ 144.662531387813488, 43.383387225540218 ], [ 144.66239082917366, 43.382330000529294 ], [ 144.663885550977625, 43.380882504823887 ], [ 144.663911945180303, 43.377736946103369 ], [ 144.661945836531345, 43.376351946085606 ], [ 144.662016393741737, 43.374779171221917 ], [ 144.664365279034541, 43.37123805379332 ], [ 144.663097496652313, 43.368800837988431 ], [ 144.664946108876052, 43.365452224940384 ], [ 144.667081672281483, 43.365179170982117 ], [ 144.668711672805671, 43.363330279069316 ], [ 144.667878884403194, 43.3586302790643 ], [ 144.669555550748214, 43.357151387126976 ], [ 144.66979944149125, 43.351469721350725 ], [ 144.668165550499907, 43.350610559429924 ], [ 144.668416108816587, 43.348279720832636 ], [ 144.667082775749691, 43.345444171011877 ], [ 144.668653060390625, 43.343064440771514 ], [ 144.668189727873823, 43.33998638696238 ], [ 144.669981387830944, 43.337348613348013 ], [ 144.671990557818162, 43.331695838292489 ], [ 144.671347496689805, 43.326823613619013 ], [ 144.669736108534721, 43.325672775478381 ], [ 144.670319441189463, 43.323417774910524 ], [ 144.671824162555254, 43.32284472150684 ], [ 144.671709999916743, 43.321480558780934 ], [ 144.670642217764339, 43.320777504778164 ], [ 144.671402775318029, 43.319590000378355 ], [ 144.677373605507682, 43.317460559557333 ], [ 144.680565836344499, 43.315059721329249 ], [ 144.683143890478391, 43.314497225067043 ], [ 144.68516722388847, 43.311070558959273 ], [ 144.684219441873893, 43.31052889189499 ], [ 144.683972775823122, 43.303714721557299 ], [ 144.687925550723776, 43.299181387511169 ], [ 144.689972217943705, 43.299001945783345 ], [ 144.692836666579069, 43.297116667300543 ], [ 144.693935836869514, 43.291825837892247 ], [ 144.693550557412436, 43.290427505425214 ], [ 144.695576393635861, 43.287341945874289 ], [ 144.70156333248201, 43.286722224850962 ], [ 144.703547496819738, 43.288349720763165 ], [ 144.705034162496759, 43.287933332857165 ], [ 144.705745005527774, 43.286719999928209 ], [ 144.707038053463521, 43.28693610791521 ], [ 144.707475550256618, 43.286181108171775 ], [ 144.710585836667178, 43.285349171427299 ], [ 144.714204162692113, 43.282355000083328 ], [ 144.718178339658834, 43.280689720954001 ], [ 144.72179389037592, 43.280296946547026 ], [ 144.724827496991566, 43.278052225230169 ], [ 144.727038053963156, 43.277516387571382 ], [ 144.730421114642922, 43.274131387054013 ], [ 144.733558611840635, 43.274410000621174 ], [ 144.73388944184444, 43.275550559510862 ], [ 144.734493605495686, 43.274920559236591 ], [ 144.735266938818313, 43.275282504883876 ], [ 144.737376108920444, 43.273311387011063 ], [ 144.739563605476178, 43.27393889256598 ], [ 144.741456666691988, 43.273160837802607 ], [ 144.742235279035071, 43.271671386925107 ], [ 144.748151387276835, 43.270216108486807 ], [ 144.749147497059539, 43.270581946399886 ], [ 144.746805278441002, 43.268745000181752 ], [ 144.747186666531661, 43.267256945951488 ], [ 144.74643027193963, 43.266844171521484 ], [ 144.747719441998811, 43.266647505078481 ], [ 144.747094448250323, 43.266247775314753 ], [ 144.748211672430898, 43.265824720734429 ], [ 144.748129728004756, 43.264455000198268 ], [ 144.74931555067235, 43.264116387461456 ], [ 144.750563060537047, 43.261813613107904 ], [ 144.751261945282749, 43.261772225408038 ], [ 144.751383605569117, 43.258046946609454 ], [ 144.752219169279442, 43.257667224962631 ], [ 144.75117389086256, 43.257113891892743 ], [ 144.752439442026798, 43.256156666996731 ], [ 144.751473332728324, 43.253495559572571 ], [ 144.752787781830875, 43.252336107725341 ], [ 144.752486108747121, 43.251421667176373 ], [ 144.753969727521053, 43.25070833302334 ], [ 144.752988884629531, 43.250317775445126 ], [ 144.753889169849458, 43.249555278953153 ], [ 144.753119169414276, 43.248958612949821 ], [ 144.754131387853477, 43.248572505217112 ], [ 144.753434162356939, 43.24819305426621 ], [ 144.755122217716348, 43.246682225604388 ], [ 144.754934162281984, 43.245357224756276 ], [ 144.758032502997821, 43.240311946239501 ], [ 144.757483605384209, 43.239712225239145 ], [ 144.758523332286131, 43.236754999843527 ], [ 144.757114162988387, 43.23558527953719 ], [ 144.756655836997425, 43.23402555923235 ], [ 144.757895005650198, 43.233577775094432 ], [ 144.758499441795948, 43.232296667457376 ], [ 144.759395005575243, 43.232361946546746 ], [ 144.760113890343973, 43.23100917103659 ], [ 144.759124449034289, 43.228234441466441 ], [ 144.757262502562639, 43.226953613518617 ], [ 144.757663605591119, 43.226073332818203 ], [ 144.75561693837119, 43.222415000452088 ], [ 144.750562775451954, 43.220553053980439 ], [ 144.750479441573134, 43.219355279322826 ], [ 144.753819389653245, 43.216666667033223 ], [ 144.754140829835592, 43.214767504816678 ], [ 144.7559344485162, 43.213935000599975 ], [ 144.764673890188078, 43.213229171289413 ], [ 144.767298053462582, 43.211610279191177 ], [ 144.767423061025625, 43.209670278760541 ], [ 144.769775278306611, 43.208510838604468 ], [ 144.772269727865819, 43.20923999992624 ], [ 144.775769441406737, 43.207355000233235 ], [ 144.784846938235773, 43.205761946556777 ], [ 144.789367496512909, 43.203238892261254 ], [ 144.789190271613961, 43.202241667319242 ], [ 144.790408884462636, 43.202463054326643 ], [ 144.790762775781673, 43.201499441546162 ], [ 144.79402306101565, 43.200843612742688 ], [ 144.795247223580645, 43.197687774771168 ], [ 144.801975836915517, 43.196542225543453 ], [ 144.8025019457084, 43.193935838268487 ], [ 144.80621527881226, 43.190580000067143 ], [ 144.805421114493015, 43.189358333120765 ], [ 144.807316938426197, 43.188694721584284 ], [ 144.808926108853029, 43.186483892118076 ], [ 144.812670557600313, 43.183984441429004 ], [ 144.813592775486427, 43.184448054534244 ], [ 144.816532775267547, 43.183110000026659 ], [ 144.812397781532582, 43.179724441030316 ], [ 144.813480829676678, 43.177880838030433 ], [ 144.809504720966288, 43.176646666910301 ], [ 144.814611114711397, 43.175618613208599 ], [ 144.816835005931011, 43.171830000554223 ], [ 144.806234720356201, 43.170163054081854 ], [ 144.803786666821452, 43.174375559484645 ], [ 144.797739999501573, 43.176479441573122 ], [ 144.79665167233702, 43.178411667364742 ], [ 144.791766666498688, 43.176884441364052 ], [ 144.790423060476087, 43.178347505233319 ], [ 144.78717055797506, 43.178566107939673 ], [ 144.785013061004179, 43.180647774975 ], [ 144.785497223618108, 43.181626667237083 ], [ 144.784089727958758, 43.182812774989713 ], [ 144.78047055747038, 43.184049440829199 ], [ 144.778400271355622, 43.185689721503593 ], [ 144.768795550574396, 43.185814441283583 ], [ 144.768453060860224, 43.186832775112634 ], [ 144.765651114207685, 43.186678613327501 ], [ 144.761211672980494, 43.188140838129357 ], [ 144.760871672589815, 43.187573053853498 ], [ 144.759180271752371, 43.188128892434577 ], [ 144.75456888464646, 43.187049441578608 ], [ 144.752283605704065, 43.188346666865357 ], [ 144.741000271545431, 43.181485279422247 ], [ 144.7314597272848, 43.177006386735513 ], [ 144.732221387407321, 43.165622504774944 ], [ 144.723680557411967, 43.163023332760758 ], [ 144.714864162551294, 43.147199441201394 ], [ 144.714171672884618, 43.148553613358729 ], [ 144.715197496267592, 43.150785000427618 ], [ 144.713421387387257, 43.152925278978614 ], [ 144.714012217689856, 43.153846946479575 ], [ 144.716210557371483, 43.1542455592853 ], [ 144.714923605939816, 43.157375279145981 ], [ 144.716884720653525, 43.15878417145251 ], [ 144.715595278999103, 43.159757774801619 ], [ 144.713184162419338, 43.160054721048709 ], [ 144.711889999324171, 43.15943750553663 ], [ 144.709161114494009, 43.160377225129025 ], [ 144.70839583639895, 43.158638054103108 ], [ 144.709301672234574, 43.158111946209544 ], [ 144.706614720992775, 43.156575558815177 ], [ 144.705976666390256, 43.155026107868764 ], [ 144.699709169642688, 43.154002775607751 ], [ 144.700018884464157, 43.153461108543468 ], [ 144.698858053956201, 43.152237505356766 ], [ 144.698500829749719, 43.153062775426918 ], [ 144.69614972762804, 43.153036667208596 ], [ 144.69498306052003, 43.152497775452161 ], [ 144.694894721014748, 43.150326107863748 ], [ 144.691069727186346, 43.149245279246429 ], [ 144.690158339835648, 43.146401945793343 ], [ 144.690796393538903, 43.146099721425173 ], [ 144.689541387824988, 43.144425558792648 ], [ 144.690150829597314, 43.142071666974005 ], [ 144.684161945517531, 43.141894171379079 ], [ 144.68247167242987, 43.14099583858723 ], [ 144.682216666965815, 43.139306107790787 ], [ 144.676193891035382, 43.138233053812542 ], [ 144.675587223671641, 43.138803054017899 ], [ 144.676467223783561, 43.139855000008424 ], [ 144.675339727546543, 43.141133612926069 ], [ 144.673915005373374, 43.145711108181274 ], [ 144.677849169703563, 43.148788892193807 ], [ 144.675972218043626, 43.151369441047052 ], [ 144.676409441442729, 43.153106387150217 ], [ 144.671157223527189, 43.154691387397804 ], [ 144.660441945239768, 43.150603332877665 ], [ 144.659622217691322, 43.147996946502019 ], [ 144.660530829734171, 43.144744441303089 ], [ 144.663119169414358, 43.143697775232283 ], [ 144.662723605310362, 43.141633054122337 ], [ 144.664671672659779, 43.137584171372566 ], [ 144.664804162582186, 43.135344999772087 ], [ 144.667205550296103, 43.132759440795724 ], [ 144.666715837066363, 43.130074720771916 ], [ 144.667528884450689, 43.125231667407718 ], [ 144.666271114220763, 43.123583612993514 ], [ 144.666455836767682, 43.121578333473451 ], [ 144.668929441840419, 43.120188054435346 ], [ 144.671421945266729, 43.119948613537872 ], [ 144.672919169883926, 43.116787775335752 ], [ 144.676030829559295, 43.11523861307171 ], [ 144.676195005295426, 43.114189170793736 ], [ 144.674554721023696, 43.111868892035886 ], [ 144.67550778205873, 43.110905837734379 ], [ 144.678234162276908, 43.111114171082306 ], [ 144.679786108841995, 43.109468333496977 ], [ 144.679390271344118, 43.108431945777852 ], [ 144.680301945578549, 43.108354171507983 ], [ 144.678385278957649, 43.10585944136028 ], [ 144.679536393190119, 43.104344170946888 ], [ 144.679026108868015, 43.103172224818479 ], [ 144.674963890970957, 43.102057775046433 ], [ 144.669990271334086, 43.103499999825317 ], [ 144.661621114722834, 43.101447774795133 ], [ 144.65823082978909, 43.102619441234367 ], [ 144.656647781969696, 43.101520558726975 ], [ 144.655465550295048, 43.098791667601517 ], [ 144.656507496723748, 43.095458612824871 ], [ 144.652643332923617, 43.091433053992432 ], [ 144.650872503063738, 43.091313053854492 ], [ 144.649836393235091, 43.088360279203698 ], [ 144.647409441392824, 43.08662083838118 ], [ 144.645658884949739, 43.082558053911214 ], [ 144.641987496226193, 43.078550838550541 ], [ 144.64248527817324, 43.072256945801598 ], [ 144.635304448841453, 43.06112277499625 ], [ 144.632757781946225, 43.058888892308687 ], [ 144.622972502479229, 43.058081107757062 ], [ 144.618152217251236, 43.056646667509881 ], [ 144.615675836870537, 43.054155558932052 ], [ 144.613512775794106, 43.053958612799931 ], [ 144.611563332481978, 43.052544721162121 ], [ 144.60944666653063, 43.05322000050279 ], [ 144.608107781948775, 43.051511667229818 ], [ 144.604807223274861, 43.051817505073984 ], [ 144.600230557194664, 43.054694721384465 ], [ 144.599258611296023, 43.053105279385306 ], [ 144.599513891053448, 43.050850278817506 ], [ 144.597363060756834, 43.048045559555078 ], [ 144.59241472106271, 43.049250838155842 ], [ 144.590052502421258, 43.047537505551588 ], [ 144.589134162411824, 43.045638053753351 ], [ 144.589374720267301, 43.044069171155513 ], [ 144.585889441744484, 43.041743332788769 ], [ 144.586225278274128, 43.03843333303206 ], [ 144.582718339579856, 43.036790278848457 ], [ 144.579967781987762, 43.037910838614494 ], [ 144.579874721041733, 43.032790278748507 ], [ 144.576559999844335, 43.031351108067327 ], [ 144.570411387175909, 43.025060558997779 ], [ 144.565713332404584, 43.026139441482201 ], [ 144.560869999351212, 43.023911108511015 ], [ 144.559645005812513, 43.022486666926284 ], [ 144.557375278846166, 43.021995838537293 ], [ 144.554572775513407, 43.02562166760606 ], [ 144.554820557622861, 43.027914170802489 ], [ 144.553138611358008, 43.029288892468571 ], [ 144.552453332455457, 43.031488332920389 ], [ 144.549932775577304, 43.034496946477077 ], [ 144.555620000063186, 43.040183892173047 ], [ 144.556698884346247, 43.042332775437387 ], [ 144.558579727372717, 43.043039720806632 ], [ 144.558676393700807, 43.050029721194846 ], [ 144.557670557750271, 43.052123613614071 ], [ 144.558170829920073, 43.054347504833629 ], [ 144.555925278529003, 43.05651277554432 ], [ 144.549319727523539, 43.059078613287568 ], [ 144.551028053601954, 43.060286945985922 ], [ 144.549909999347165, 43.065351387256896 ], [ 144.548538884861841, 43.067142504922856 ], [ 144.549622775670741, 43.07062750555508 ], [ 144.548490272008621, 43.071303053793088 ], [ 144.547777781419654, 43.074479441273354 ], [ 144.546106109009884, 43.075845279436237 ], [ 144.544598884830862, 43.079162505245563 ], [ 144.545106666339734, 43.082377774914562 ], [ 144.54675194544609, 43.08266472159977 ], [ 144.546837223659168, 43.083359721274292 ], [ 144.545336108574702, 43.085398612955771 ], [ 144.542457496516477, 43.08508777488106 ], [ 144.54285277553538, 43.088356386937846 ], [ 144.544228053881739, 43.09029110834814 ], [ 144.540342502404769, 43.094811386936101 ], [ 144.540623332800692, 43.09802722497659 ], [ 144.541766938593469, 43.099022224995849 ], [ 144.542380829312037, 43.102224721593814 ], [ 144.541750829937087, 43.105026667346976 ], [ 144.538402217788303, 43.104854721468371 ], [ 144.5368947202154, 43.103471946373418 ], [ 144.537472775648212, 43.101453891983681 ], [ 144.533314163018417, 43.100482505463447 ], [ 144.530645005762608, 43.10395638687794 ], [ 144.531355836203034, 43.106666946222731 ], [ 144.527585278338051, 43.107757775301252 ], [ 144.52736639324462, 43.111884999793062 ], [ 144.52478055727704, 43.11344722560915 ], [ 144.521991672377908, 43.113249441308824 ], [ 144.520481672891037, 43.11210361329131 ], [ 144.516437781378727, 43.111233892430334 ], [ 144.509617781635484, 43.112629170799778 ], [ 144.507719727383687, 43.112316667180608 ], [ 144.507553060525538, 43.115222505314534 ], [ 144.505433605776489, 43.11510527958518 ], [ 144.503527223802507, 43.116024721264068 ], [ 144.499053890724667, 43.11410527933532 ], [ 144.497025278294132, 43.117909441267841 ], [ 144.493611673040505, 43.118240000575724 ], [ 144.492270829735162, 43.117643892152046 ], [ 144.490195278989063, 43.118661667502124 ], [ 144.488804720261783, 43.116713892432358 ], [ 144.485576393336032, 43.115128054016623 ], [ 144.483862775646799, 43.116656666771917 ], [ 144.480229999315156, 43.115949721402671 ], [ 144.477611946034699, 43.116980278816982 ], [ 144.47478138745123, 43.116251108502013 ], [ 144.473647223640683, 43.11686972156059 ], [ 144.467916393726796, 43.11592417076406 ], [ 144.464598884630959, 43.116976107761332 ], [ 144.402409441342797, 43.109156667146635 ], [ 144.403770271181202, 43.109773892551289 ], [ 144.403819441614132, 43.110723054125799 ], [ 144.404943060873734, 43.110475558900077 ], [ 144.407354163064383, 43.111874171056343 ], [ 144.408163060976676, 43.113871387254903 ], [ 144.405980557456928, 43.115183613233341 ], [ 144.409075278401588, 43.118401945993185 ], [ 144.417208611188585, 43.12110000026496 ], [ 144.418535005985973, 43.122582504778961 ], [ 144.421422775840597, 43.123779171471767 ], [ 144.422069999930727, 43.125515837885757 ], [ 144.424145278182209, 43.127174721036738 ], [ 144.430773332923195, 43.128128054566218 ], [ 144.433925278628863, 43.129978054443825 ], [ 144.436098339267119, 43.129309171081559 ], [ 144.438280557701773, 43.130567225497202 ], [ 144.439465005305919, 43.132087505134393 ], [ 144.438866393169633, 43.133527504990525 ], [ 144.44157444880193, 43.135485559311292 ], [ 144.443625836563342, 43.139841946348895 ], [ 144.44741194550511, 43.143057775396187 ], [ 144.447093890370979, 43.146310278796477 ], [ 144.446177496494442, 43.147505279045561 ], [ 144.447338884581995, 43.149705278875672 ], [ 144.449477781774362, 43.150526946261721 ], [ 144.451257496936137, 43.152745559360255 ], [ 144.450843333053513, 43.155540558749976 ], [ 144.449887496710744, 43.156446667080161 ], [ 144.450813332569396, 43.158248892272752 ], [ 144.449293606015317, 43.161494441215666 ], [ 144.447219442023766, 43.162849440749255 ], [ 144.44813221792765, 43.163414721312506 ], [ 144.447043605678004, 43.163868612746455 ], [ 144.447908339798232, 43.164419441204416 ], [ 144.447223060895681, 43.166213333278847 ], [ 144.440999999650444, 43.166191387122979 ], [ 144.441027496421952, 43.167398333066785 ], [ 144.439539169697127, 43.16914555932027 ], [ 144.439994162800531, 43.169976108410822 ], [ 144.438512502749973, 43.17106444097135 ], [ 144.438715550782263, 43.172381945970187 ], [ 144.434663890926004, 43.176571667048961 ], [ 144.434614162913476, 43.178097224807232 ], [ 144.435548884973286, 43.178974999996399 ], [ 144.434389999698851, 43.179313333044036 ], [ 144.434079999792289, 43.180781945730359 ], [ 144.432595836928499, 43.181130558928317 ], [ 144.432944720822434, 43.181990000538235 ], [ 144.431882217690372, 43.182968891900998 ], [ 144.434262217727337, 43.185034171489974 ], [ 144.43563944130733, 43.185224171258653 ], [ 144.436162775691741, 43.188882505423464 ], [ 144.441109999327182, 43.192486387436986 ], [ 144.440630557254622, 43.195589999978665 ], [ 144.442596393408962, 43.196590279018324 ], [ 144.443083060634876, 43.198902505246565 ], [ 144.446246938545528, 43.200876107946215 ], [ 144.447288339985107, 43.200680838150333 ], [ 144.447499169850971, 43.20251361331276 ], [ 144.446033060877198, 43.202370559054202 ], [ 144.446415836621782, 43.20302166731625 ], [ 144.445626938732403, 43.203862775346977 ], [ 144.446572217933635, 43.204276666734927 ], [ 144.445803061062634, 43.204856386812992 ], [ 144.447039727801325, 43.207158332890913 ], [ 144.445798611217128, 43.208411387076012 ], [ 144.446100271710407, 43.209446946519506 ], [ 144.441277781344752, 43.211886387247148 ], [ 144.441004448596573, 43.212706945769071 ], [ 144.441993890805634, 43.213119441409276 ], [ 144.440625278234165, 43.215034170890419 ], [ 144.443318053485541, 43.215538892006407 ], [ 144.442604720231884, 43.216195000499056 ], [ 144.441087496490923, 43.215678892167318 ], [ 144.44125693865692, 43.217067225072526 ], [ 144.440016666536167, 43.216857225280876 ], [ 144.439916938915758, 43.217844170971887 ], [ 144.44088527853296, 43.218355558762198 ], [ 144.439779441568135, 43.222343053789075 ], [ 144.437231114524479, 43.222803333107493 ], [ 144.436512775644246, 43.222014721202584 ], [ 144.436198053397675, 43.225058053986174 ], [ 144.434018339574891, 43.229037224888202 ], [ 144.432110557356509, 43.22901833282998 ], [ 144.432341672330494, 43.230137774738694 ], [ 144.427538884312185, 43.231445000486531 ], [ 144.427406938479635, 43.233540838139334 ], [ 144.428550557762264, 43.23388027915172 ], [ 144.427210558020988, 43.234504171230697 ], [ 144.428566666418646, 43.235316946120349 ], [ 144.428598884631015, 43.236161666727696 ], [ 144.429973605397777, 43.236290838151831 ], [ 144.430294162445875, 43.237612225523947 ], [ 144.42718888435968, 43.239027225126506 ], [ 144.427718884519095, 43.240157225076018 ], [ 144.425264720990299, 43.240068613076176 ], [ 144.42640527898061, 43.240862504900861 ], [ 144.426157781956249, 43.241731107904457 ], [ 144.425345550257134, 43.241295279353835 ], [ 144.42105111481726, 43.242403612836654 ], [ 144.421946666905342, 43.244300837913499 ], [ 144.421459999679428, 43.24586138739329 ], [ 144.418650557177671, 43.245350000502299 ], [ 144.419557496481502, 43.245853054275187 ], [ 144.418559169869923, 43.246668332877448 ], [ 144.415911672785683, 43.246237775253292 ], [ 144.416390557278532, 43.247792775016705 ], [ 144.414469169217, 43.248656946161304 ], [ 144.412830557684288, 43.247720278867916 ], [ 144.410035005211512, 43.248473613066949 ], [ 144.408627782046665, 43.247962225276638 ], [ 144.408587496915629, 43.24859194586179 ], [ 144.406351387506675, 43.248430279234185 ], [ 144.403835550270628, 43.249568333511945 ], [ 144.403746666675488, 43.25043722519797 ], [ 144.400756108807514, 43.252813054179285 ], [ 144.401561945427602, 43.255063891785369 ], [ 144.401137223504293, 43.256296667157642 ], [ 144.399637782058221, 43.256148332979365 ], [ 144.398972217194228, 43.257450559395977 ], [ 144.398045278766745, 43.257031108399076 ], [ 144.398668611467428, 43.258048054574203 ], [ 144.397508611933063, 43.258567504786697 ], [ 144.397032217662854, 43.260155837921729 ], [ 144.393055836457847, 43.262308892241776 ], [ 144.39081389044884, 43.261855838076656 ], [ 144.390492502427264, 43.263217505183889 ], [ 144.388176108740595, 43.263824170749047 ], [ 144.387432502508204, 43.26681055936001 ], [ 144.3858441621785, 43.26601277526953 ], [ 144.385086393422512, 43.266490558992245 ], [ 144.383172503008836, 43.270148613467882 ], [ 144.379965550270072, 43.271296667307524 ], [ 144.378023060516057, 43.274063333556171 ], [ 144.376377223829991, 43.273583054214726 ], [ 144.376536108854566, 43.274862505300518 ], [ 144.373468611287535, 43.274930000319443 ], [ 144.372353890819568, 43.276310278896403 ], [ 144.372266666473706, 43.277890559501884 ], [ 144.37141778200521, 43.278502504986761 ], [ 144.37317805382429, 43.280126107733849 ], [ 144.370957781476591, 43.280776946199296 ], [ 144.369187496605832, 43.282463891795317 ], [ 144.369289441954379, 43.285257775126411 ], [ 144.370239441697095, 43.285880559240582 ], [ 144.369825278713847, 43.286792774866854 ], [ 144.368377781209801, 43.28705972152909 ], [ 144.370299441765951, 43.288722505039743 ], [ 144.369050557737182, 43.289178053924218 ], [ 144.370260557778693, 43.28949333285118 ], [ 144.370399727865333, 43.290770000535247 ], [ 144.369163890301479, 43.292049721417698 ], [ 144.368067781303239, 43.29172194641086 ], [ 144.368354162314972, 43.292795838557254 ], [ 144.36679972732577, 43.293828054321409 ], [ 144.368122502351753, 43.294265837998182 ], [ 144.367693890860551, 43.295437224748298 ], [ 144.36869916923149, 43.296333333516714 ], [ 144.368395836898571, 43.297250838055902 ], [ 144.369946394011095, 43.298235279134985 ], [ 144.370369169801506, 43.299675000201262 ], [ 144.368450271962615, 43.300027775461615 ], [ 144.369073890647769, 43.300603613166402 ], [ 144.36701555022762, 43.302070559408946 ], [ 144.367348611449415, 43.302925838057149 ], [ 144.365435005221457, 43.30336583856274 ], [ 144.367523061040629, 43.305352775510357 ], [ 144.369500829399954, 43.306032225007357 ], [ 144.367885005788594, 43.307392505359985 ], [ 144.368048884748418, 43.309262225571445 ], [ 144.36692555057391, 43.310719171352844 ], [ 144.368861388042774, 43.311082224964878 ], [ 144.368577496354533, 43.312407775298766 ], [ 144.366602775797674, 43.313384171042799 ], [ 144.36815306041558, 43.314467225482247 ], [ 144.36712306058098, 43.316009999861762 ], [ 144.368555005209487, 43.317449720928039 ], [ 144.367684448878435, 43.318903892300966 ], [ 144.369056393437972, 43.319727225231418 ], [ 144.366921387612138, 43.321891946456333 ], [ 144.36721916932936, 43.324920279447497 ], [ 144.364886108507335, 43.328271387214897 ], [ 144.36180055794955, 43.328095279273896 ], [ 144.361236666838863, 43.329299440916657 ], [ 144.359940000031202, 43.32942972120486 ], [ 144.360442775913612, 43.329963612730694 ], [ 144.358460829304022, 43.331170278985326 ], [ 144.357909999946742, 43.333441108520503 ], [ 144.356250271433055, 43.334294720724927 ], [ 144.356946393461499, 43.335979721087426 ], [ 144.352817496230614, 43.339109721536602 ], [ 144.350278611169188, 43.339669721280757 ], [ 144.349423332520928, 43.341140558889833 ], [ 144.35030111490471, 43.3424608382972 ], [ 144.349028884475615, 43.344040000146038 ], [ 144.344811672920514, 43.347496666737925 ], [ 144.34222250226685, 43.347906387070282 ], [ 144.341921387662069, 43.349635278845199 ], [ 144.339538611417993, 43.35024444092835 ], [ 144.339291387787512, 43.352210559469938 ], [ 144.340115278297617, 43.352701386959609 ], [ 144.335789999708936, 43.356225559362258 ], [ 144.335860271834235, 43.359027505115421 ], [ 144.333291387187955, 43.358790558937301 ], [ 144.331415005698091, 43.360119720948546 ], [ 144.331218339255088, 43.361215838040664 ], [ 144.327800830044453, 43.361538612816901 ], [ 144.325315278377616, 43.362666108154542 ], [ 144.325063605800892, 43.364260838167297 ], [ 144.322867223943376, 43.364716666740946 ], [ 144.319034448281286, 43.363748891898013 ], [ 144.318405550575903, 43.364693054141298 ], [ 144.316035836984497, 43.363693053891495 ], [ 144.311188339170712, 43.364456946131327 ], [ 144.309878884902787, 43.363222775011252 ], [ 144.304895836773653, 43.365262775556801 ], [ 144.302232217542951, 43.364275559169869 ], [ 144.30150027192019, 43.365292505344996 ], [ 144.298793332346577, 43.365809171256387 ], [ 144.298138339912612, 43.366939171205956 ], [ 144.298454720509085, 43.369633333211937 ], [ 144.295776393765777, 43.369082225064801 ], [ 144.292194720510111, 43.371581946449851 ], [ 144.294103060308203, 43.377726108373395 ], [ 144.296778339249158, 43.378582775574785 ], [ 144.297256108582701, 43.380406946023925 ], [ 144.296616938820875, 43.381185279577153 ], [ 144.298654448244406, 43.382483612828651 ], [ 144.300422217711343, 43.385610837969978 ], [ 144.30275805384133, 43.386479171176973 ], [ 144.302137223953878, 43.388158892519016 ], [ 144.305213060934193, 43.391503892091123 ], [ 144.302999999350618, 43.393339440762759 ], [ 144.302641672575305, 43.396435559253803 ], [ 144.301067781652932, 43.397269720921031 ], [ 144.301271672350026, 43.398267225552161 ], [ 144.299723890545238, 43.398927225411285 ], [ 144.298503890942015, 43.401579171441767 ], [ 144.2953202720131, 43.404862505400445 ], [ 144.295976666490105, 43.405806666744468 ], [ 144.29496610819956, 43.407403892375896 ], [ 144.291343890808093, 43.410074171086308 ], [ 144.291716393596857, 43.411956667066704 ], [ 144.290040829820668, 43.411990558917353 ], [ 144.289367781697933, 43.41498222475002 ], [ 144.290775005762043, 43.415613613577591 ], [ 144.290225278973594, 43.416667225112519 ], [ 144.290906394014996, 43.417395000579006 ], [ 144.289570557235606, 43.419659171533681 ], [ 144.28864250274944, 43.419659441330339 ], [ 144.288435550760255, 43.423116107922226 ], [ 144.284889999673965, 43.42401666743541 ], [ 144.274668611967058, 43.431328054046617 ], [ 144.272598339342039, 43.431138054277937 ], [ 144.271668611217592, 43.432196666942787 ], [ 144.267231672803632, 43.432470000590229 ], [ 144.267152217700868, 43.433554440884905 ], [ 144.265606938709425, 43.433923892273981 ], [ 144.263778884987687, 43.435836386939854 ], [ 144.255898339936607, 43.439401107974902 ], [ 144.252335005656164, 43.443581387071504 ], [ 144.24844833991915, 43.444034441236624 ], [ 144.247532217637968, 43.44865750513992 ], [ 144.237681672571284, 43.453763333211441 ], [ 144.239174720736969, 43.454622505024759 ], [ 144.243917223601215, 43.453641946318953 ], [ 144.246199441251406, 43.45433055900827 ], [ 144.249228339916158, 43.453822225315605 ], [ 144.251868884341661, 43.448157505464678 ], [ 144.258464448375776, 43.445129721059971 ], [ 144.259576108450801, 43.442280837890507 ], [ 144.266880557691707, 43.439159171458755 ], [ 144.272166108978922, 43.437920000108079 ], [ 144.279048054024656, 43.440180278797015 ], [ 144.281589441899428, 43.439654441599373 ], [ 144.283758884565032, 43.436869721460653 ], [ 144.283714720658054, 43.438391386953128 ], [ 144.287053890824609, 43.438762775481848 ], [ 144.289632775932091, 43.440159721194334 ], [ 144.291398611856607, 43.437690279083256 ], [ 144.299035278755241, 43.435017225065053 ], [ 144.307638340037556, 43.437043332883661 ], [ 144.309843605398214, 43.438543332808706 ], [ 144.31148389056932, 43.436230838582503 ], [ 144.31308306053495, 43.430981946359907 ], [ 144.316718053695354, 43.428943053779051 ], [ 144.325141672350469, 43.42713610804509 ], [ 144.327229999764882, 43.425306108190512 ], [ 144.334773605717487, 43.425326946381631 ], [ 144.338273332748258, 43.426905279055575 ], [ 144.342674162482808, 43.424525559607048 ], [ 144.344492776020957, 43.424404441611841 ], [ 144.345902775392915, 43.425887505504136 ], [ 144.351230271959707, 43.427799170995115 ], [ 144.375325836318439, 43.396962775112172 ], [ 144.376725006054357, 43.397033333221941 ], [ 144.377956108687613, 43.396021666966533 ], [ 144.384535550575379, 43.397179441578146 ], [ 144.392391387652651, 43.397270559089179 ], [ 144.398639169462285, 43.392357774991467 ], [ 144.430655550513393, 43.407566945758106 ], [ 144.421173890263049, 43.419648054114589 ], [ 144.423371387279872, 43.419325279338352 ], [ 144.427652502860951, 43.416560279533428 ], [ 144.430257781271735, 43.416615837850827 ], [ 144.433250271782754, 43.418938891916468 ], [ 144.43740610820555, 43.420575837904778 ], [ 144.437854163039333, 43.422002505311525 ], [ 144.439650557927052, 43.422770559613809 ], [ 144.440278053589509, 43.425007505392216 ], [ 144.443176666570139, 43.425987775415649 ], [ 144.447459727384739, 43.425088613448906 ], [ 144.451152217800768, 43.419886108257458 ], [ 144.457786938316758, 43.420857505569586 ], [ 144.459266393229655, 43.420165279404273 ], [ 144.461033890202089, 43.41723250477645 ], [ 144.46431833932013, 43.417962505165633 ], [ 144.470578611813607, 43.416256386922896 ], [ 144.474012217989639, 43.413173054093363 ], [ 144.476873890417892, 43.413900558863872 ], [ 144.479708339468516, 43.412558891779611 ], [ 144.483899169411302, 43.41226194643184 ], [ 144.486056666382183, 43.408159441605108 ], [ 144.488372217404049, 43.408743332738766 ], [ 144.495924720349763, 43.40544666723008 ], [ 144.499258611495861, 43.40510583856377 ], [ 144.507926938377636, 43.406709999766861 ], [ 144.513752502875832, 43.401096387488451 ], [ 144.520913332184705, 43.397417505613532 ], [ 144.519023060665859, 43.394323891734359 ], [ 144.518583061059644, 43.391785000377638 ], [ 144.521976108710646, 43.39036361289061 ], [ 144.524082502605552, 43.390527775136889 ], [ 144.526702217833304, 43.388387775375691 ], [ 144.528590271623898, 43.388103612991529 ], [ 144.534423060376071, 43.389322505529378 ], [ 144.541719169304429, 43.388963333391303 ], [ 144.53749250227736, 43.401584170773049 ], [ 144.531813060524541, 43.409200000379883 ], [ 144.559616393881697, 43.421113333014091 ], [ 144.556254720878883, 43.423113333513697 ], [ 144.556213060684399, 43.424185559216369 ], [ 144.554889999673946, 43.424047774985013 ], [ 144.554431945278225, 43.424816108077096 ], [ 144.555660829284079, 43.425521387002561 ], [ 144.556160829858641, 43.427091945936695 ], [ 144.557868611847084, 43.427474720781902 ], [ 144.557837496203661, 43.430377504818182 ], [ 144.559290271828786, 43.431755278783271 ], [ 144.559173060488547, 43.432510279426026 ], [ 144.563649441368852, 43.432791946191514 ], [ 144.564216938760865, 43.433989441159952 ], [ 144.564386108432359, 43.435072775288518 ], [ 144.56327944139332, 43.435158333190714 ], [ 144.562419999783287, 43.436619441034566 ], [ 144.563721945611519, 43.437275278831237 ], [ 144.563560829368953, 43.438314171162233 ], [ 144.564552502795891, 43.439058892553987 ], [ 144.560347223445774, 43.439905279605114 ], [ 144.559833890421828, 43.442238333232638 ], [ 144.564164162945985, 43.445649171272407 ], [ 144.562755278733334, 43.446727225481254 ], [ 144.560083605174441, 43.447154171428053 ], [ 144.562198053397651, 43.448292224806494 ], [ 144.561396109043358, 43.448737225542686 ], [ 144.562179441927924, 43.44919805434688 ], [ 144.561192775926088, 43.450263332786733 ], [ 144.562226666227843, 43.45019555897801 ], [ 144.562513060729316, 43.450682504993779 ], [ 144.560973890832543, 43.45177333317298 ], [ 144.564931945652916, 43.453031107899449 ], [ 144.564023060216186, 43.453939720841618 ], [ 144.56516082940891, 43.454879721022451 ], [ 144.565254448833912, 43.456228333570891 ], [ 144.571894720864861, 43.456871945983664 ], [ 144.57186833925266, 43.457801387224436 ], [ 144.570839999566488, 43.458009721471626 ], [ 144.572719999928267, 43.459137224903145 ], [ 144.573034720376199, 43.460077225084035 ], [ 144.572345006017372, 43.460634441426521 ], [ 144.577315836856542, 43.461848054044651 ], [ 144.578935278440554, 43.463176386880889 ], [ 144.57752666672252, 43.465555838331454 ], [ 144.573506109019945, 43.465558333050808 ], [ 144.572743060344123, 43.467362775072161 ], [ 144.575281672911046, 43.469891387177938 ], [ 144.574203332717843, 43.472690278833454 ], [ 144.575310271352123, 43.474015559370741 ], [ 144.574456108762547, 43.474505278895663 ], [ 144.574705837004899, 43.475101667008516 ], [ 144.576369999176336, 43.476234441366557 ], [ 144.575906108180561, 43.48039805422701 ], [ 144.578020271318678, 43.48423861352137 ], [ 144.579632217952621, 43.484704721345963 ], [ 144.58052250271146, 43.487498612770935 ], [ 144.576668884361652, 43.490305838443874 ], [ 144.574507223529736, 43.493224441554901 ], [ 144.573415836871504, 43.498044171001879 ], [ 144.571637223379298, 43.499541387525198 ], [ 144.570962775911539, 43.50158000041688 ], [ 144.573215005668203, 43.502238892311198 ], [ 144.574353332440523, 43.499705279075556 ], [ 144.57992805353706, 43.500570000605194 ], [ 144.594921945491592, 43.500505558784653 ], [ 144.592406393340525, 43.50497361284215 ], [ 144.580302502458721, 43.519185278977602 ], [ 144.573578884857852, 43.532412774729949 ], [ 144.568935836220021, 43.537719171402784 ], [ 144.565758884864863, 43.538659171583674 ], [ 144.560540271916238, 43.546892224796522 ], [ 144.556003890966963, 43.549324171473529 ], [ 144.554201672969043, 43.555182775265052 ], [ 144.559149441593604, 43.559289171458261 ], [ 144.565190557398523, 43.562710559444952 ], [ 144.570283890289488, 43.567480559080707 ], [ 144.572304448391719, 43.568303333532185 ], [ 144.573866667013249, 43.570922775365943 ], [ 144.57725693845714, 43.574031666928079 ], [ 144.577027781307265, 43.576253054435085 ], [ 144.581415278592431, 43.577390838016925 ], [ 144.586485278572923, 43.576563054341648 ] ] ] ] } },
{ "type": "Feature", "properties": { "fid": 13, "OBJECTID": 8305.0, "N03_001": "北海道", "N03_002": "十勝総合振興局", "N03_003": "広尾郡", "N03_004": "広尾町", "N03_007": "01642", "Shape_Leng": 0.00055186371842599999, "Shape_Area": 2.1434669e-08, "join_key": "広尾郡広尾町" }, "geometry": { "type": "MultiPolygon", "coordinates": [ [ [ [ 143.311315278677398, 42.239516387271635 ], [ 143.311299999195739, 42.239589721588573 ], [ 143.311390829823154, 42.23952194598121 ], [ 143.311315278677398, 42.239516387271635 ] ] ], [ [ [ 143.311504162387337, 42.239972224838482 ], [ 143.311526938617476, 42.239882225184715 ], [ 143.311428611241581, 42.239870837968965 ], [ 143.311504162387337, 42.239972224838482 ] ] ], [ [ [ 143.311179169882962, 42.240062225391569 ], [ 143.311239441547173, 42.240157774761656 ], [ 143.311292502447259, 42.240096108248963 ], [ 143.311179169882962, 42.240062225391569 ] ] ], [ [ [ 143.311421114492987, 42.240467504871617 ], [ 143.31148167304093, 42.240394171454 ], [ 143.311406108405322, 42.240405559569069 ], [ 143.311421114492987, 42.240467504871617 ] ] ], [ [ [ 143.311088339255662, 42.240574170761533 ], [ 143.311163890401417, 42.240467504871617 ], [ 143.310989999289177, 42.240490000513262 ], [ 143.311088339255662, 42.240574170761533 ] ] ], [ [ [ 143.31075555052837, 42.241148333029287 ], [ 143.310763060766817, 42.241035558944077 ], [ 143.310649727303257, 42.241119999888269 ], [ 143.31075555052837, 42.241148333029287 ] ] ], [ [ [ 143.310422775291045, 42.241243613502149 ], [ 143.310369727880811, 42.241187225110536 ], [ 143.310316666980725, 42.24123222538708 ], [ 143.310422775291045, 42.241243613502149 ] ] ], [ [ [ 143.310498053942183, 42.241463054376652 ], [ 143.310536108754604, 42.241356107898241 ], [ 143.310422775291045, 42.241412505283051 ], [ 143.310498053942183, 42.241463054376652 ] ] ], [ [ [ 143.31029416234594, 42.241440558734951 ], [ 143.310286394002105, 42.241384171242657 ], [ 143.310210829366497, 42.241451667160902 ], [ 143.31029416234594, 42.241440558734951 ] ] ], [ [ [ 143.310747781285272, 42.241710559494891 ], [ 143.310830829179622, 42.241592505489905 ], [ 143.310725005954396, 42.241598054306905 ], [ 143.310747781285272, 42.241710559494891 ] ] ], [ [ [ 143.310127781472147, 42.24176138737829 ], [ 143.310248611684301, 42.241648613293023 ], [ 143.310105005242008, 42.241704999885997 ], [ 143.310127781472147, 42.24176138737829 ] ] ], [ [ [ 143.309983890844023, 42.241845559425201 ], [ 143.309863060631869, 42.241834441106732 ], [ 143.309908339698268, 42.241907504727749 ], [ 143.309983890844023, 42.241845559425201 ] ] ], [ [ [ 143.310603890657262, 42.241828892289732 ], [ 143.310634162736619, 42.2418963873086 ], [ 143.310649441318787, 42.241913054444069 ], [ 143.310603890657262, 42.241828892289732 ] ] ], [ [ [ 143.309681387686055, 42.241963892220042 ], [ 143.309643605368251, 42.242036945948485 ], [ 143.309756938831811, 42.241991946571261 ], [ 143.309681387686055, 42.241963892220042 ] ] ], [ [ [ 143.309877781634441, 42.242121386892677 ], [ 143.309832502568156, 42.242222775560833 ], [ 143.309930829944051, 42.242171945878738 ], [ 143.309877781634441, 42.242121386892677 ] ] ], [ [ [ 143.309356108297948, 42.242492775421397 ], [ 143.309363605945805, 42.242391386753241 ], [ 143.309288053900787, 42.242498333231651 ], [ 143.309356108297948, 42.242492775421397 ] ] ], [ [ [ 143.311049999358147, 42.245311387410766 ], [ 143.311042217524459, 42.245412775179602 ], [ 143.311072502194406, 42.245362225186682 ], [ 143.311049999358147, 42.245311387410766 ] ] ], [ [ [ 143.311367496912681, 42.245452224840449 ], [ 143.311428053661871, 42.245288891769121 ], [ 143.311291945766811, 42.245367774903059 ], [ 143.311367496912681, 42.245452224840449 ] ] ], [ [ [ 143.310376667049695, 42.245648892182771 ], [ 143.310558339995623, 42.245530838177785 ], [ 143.310346393171699, 42.24561500033218 ], [ 143.310376667049695, 42.245648892182771 ] ] ], [ [ [ 143.309975836515832, 42.246115838175569 ], [ 143.309945550946622, 42.245924440860449 ], [ 143.309809441252924, 42.246020278912908 ], [ 143.309975836515832, 42.246115838175569 ] ] ], [ [ [ 143.309378339538966, 42.246166387269113 ], [ 143.309355550718237, 42.246295838382423 ], [ 143.309506938994218, 42.24625083810588 ], [ 143.309378339538966, 42.246166387269113 ] ] ], [ [ [ 143.309764162186525, 42.246476108385878 ], [ 143.309794448655111, 42.246340837759647 ], [ 143.309711114776292, 42.246414171177207 ], [ 143.309764162186525, 42.246476108385878 ] ] ], [ [ [ 143.309007781983723, 42.246419720893584 ], [ 143.308969999665919, 42.246509721446671 ], [ 143.309090829878073, 42.246492775521347 ], [ 143.309007781983723, 42.246419720893584 ] ] ], [ [ [ 143.31007416299235, 42.246740559429441 ], [ 143.309953060285693, 42.246712225389047 ], [ 143.310006108595189, 42.246779721307234 ], [ 143.31007416299235, 42.246740559429441 ] ] ], [ [ [ 143.308743060244183, 42.246847505008532 ], [ 143.308818611389938, 42.246689720754148 ], [ 143.30871277557435, 42.246746108246441 ], [ 143.308743060244183, 42.246847505008532 ] ] ], [ [ [ 143.30880333280777, 42.247246667300033 ], [ 143.309007781983723, 42.247123054585472 ], [ 143.30880333280777, 42.247167775172841 ], [ 143.30880333280777, 42.247246667300033 ] ] ], [ [ [ 143.310089169979392, 42.248231387168971 ], [ 143.309975836515832, 42.248180559285572 ], [ 143.309938053298652, 42.248231387168971 ], [ 143.310089169979392, 42.248231387168971 ] ] ], [ [ [ 143.309295005660147, 42.248321386822738 ], [ 143.309264720990313, 42.248265000229765 ], [ 143.309196666593039, 42.248310000506308 ], [ 143.309295005660147, 42.248321386822738 ] ] ], [ [ [ 143.309461387433316, 42.248557775421148 ], [ 143.309453890684722, 42.248484441104267 ], [ 143.309401114869729, 42.248535000090328 ], [ 143.309461387433316, 42.248557775421148 ] ] ], [ [ [ 143.309862217967179, 42.24862527943327 ], [ 143.309862217967179, 42.248551946015652 ], [ 143.309801672909089, 42.248585837866301 ], [ 143.309862217967179, 42.24862527943327 ] ] ], [ [ [ 143.309007781983723, 42.248619441034521 ], [ 143.309226938672509, 42.248596946292196 ], [ 143.309158884275234, 42.248529441380754 ], [ 143.309007781983723, 42.248619441034521 ] ] ], [ [ [ 143.297816667005804, 42.444722775336004 ], [ 143.301816938700995, 42.446449171492247 ], [ 143.304101114175296, 42.445532225432032 ], [ 143.307375550241659, 42.445846667090166 ], [ 143.309440271351605, 42.44374361327732 ], [ 143.3089050056617, 42.442803333407255 ], [ 143.309412775479359, 42.442296108578716 ], [ 143.318529441380747, 42.439127775426641 ], [ 143.324270557740192, 42.441270000110592 ], [ 143.327114162788575, 42.441126945852034 ], [ 143.330550557762194, 42.436690838411607 ], [ 143.332211114551455, 42.436641945869269 ], [ 143.334283332409996, 42.434700838373146 ], [ 143.335846666190832, 42.434850559306028 ], [ 143.337787223301916, 42.433645000116826 ], [ 143.344644448682516, 42.432637504917068 ], [ 143.346071945264271, 42.430920000357901 ], [ 143.349876666575028, 42.430809171506212 ], [ 143.357787496296055, 42.433722775286014 ], [ 143.363016938880833, 42.430818892278239 ], [ 143.368773332923183, 42.429874721041699 ], [ 143.368816666755947, 42.428814441033808 ], [ 143.367050829932055, 42.427246387610865 ], [ 143.368648611344497, 42.425444441208185 ], [ 143.375815005658183, 42.42417527926591 ], [ 143.378302502558654, 42.421353613178894 ], [ 143.381180557936545, 42.420935279139997 ], [ 143.382359727419612, 42.419539171595659 ], [ 143.386093333041117, 42.419648612793424 ], [ 143.388963332292178, 42.41709417125918 ], [ 143.388308339858213, 42.415791387262857 ], [ 143.38906041500627, 42.414880595263412 ], [ 143.382891179984199, 42.407080694218848 ], [ 143.372930622650301, 42.391343152864351 ], [ 143.36425381246363, 42.379711306231968 ], [ 143.359174409171828, 42.370247955279069 ], [ 143.355915421659574, 42.366228820304002 ], [ 143.351952152569993, 42.357236143933051 ], [ 143.352314552374878, 42.35614192800773 ], [ 143.351177457673657, 42.354245658010882 ], [ 143.351764681694931, 42.353608955089385 ], [ 143.340662048315039, 42.339182775464906 ], [ 143.333279415612765, 42.325242306187647 ], [ 143.331848494412611, 42.320851973340041 ], [ 143.329995187727945, 42.319386198014797 ], [ 143.329390505167908, 42.317730973305913 ], [ 143.329950584052426, 42.317378000194708 ], [ 143.3279674962032, 42.315822450046198 ], [ 143.328258157987761, 42.315116964276626 ], [ 143.329179026890756, 42.315421748115341 ], [ 143.327144253204892, 42.312144405440108 ], [ 143.325971685644959, 42.307665712402866 ], [ 143.335547418578699, 42.30392041379622 ], [ 143.340135252440177, 42.300865639837582 ], [ 143.335328300560832, 42.303866027295498 ], [ 143.327655161656594, 42.306867667509039 ], [ 143.326395446193033, 42.30500822474994 ], [ 143.332982723873783, 42.302824748163744 ], [ 143.331282113978546, 42.300370838243737 ], [ 143.325777004005658, 42.30164289240571 ], [ 143.324061309781769, 42.299423000471279 ], [ 143.328572632920896, 42.297757108004305 ], [ 143.327112633041793, 42.295581973529409 ], [ 143.328698884246251, 42.294895667601168 ], [ 143.322407470928169, 42.297019054186194 ], [ 143.322114357591659, 42.296531386914126 ], [ 143.322336977569648, 42.297044225310913 ], [ 143.320795382201254, 42.297564171049828 ], [ 143.319790777422668, 42.295927027210723 ], [ 143.321569856763631, 42.295114279300719 ], [ 143.321117055308036, 42.292611305967171 ], [ 143.322830557884117, 42.292142802348621 ], [ 143.323146912400261, 42.290985865005837 ], [ 143.319493449862989, 42.290558802147189 ], [ 143.319624331797627, 42.289717252549337 ], [ 143.322073281057214, 42.288847413877193 ], [ 143.322358806813668, 42.28763150528988 ], [ 143.320642437198899, 42.288954532126127 ], [ 143.319739389261599, 42.288551332777956 ], [ 143.321143994499948, 42.286817865252431 ], [ 143.321919804555478, 42.286960081342841 ], [ 143.321278222811884, 42.2866636944741 ], [ 143.321785031254421, 42.286055775253999 ], [ 143.323576782942382, 42.286877694450197 ], [ 143.322882191560097, 42.287833252003168 ], [ 143.323996743854877, 42.287916639841228 ], [ 143.32365425324133, 42.288409252485167 ], [ 143.32384533039783, 42.289435919432321 ], [ 143.325037301730276, 42.289140386919485 ], [ 143.325616471423245, 42.290971197962563 ], [ 143.326929026553557, 42.291590559257088 ], [ 143.326224577702305, 42.292214306545191 ], [ 143.32703841738919, 42.291648026835162 ], [ 143.330422139969983, 42.293860973305414 ], [ 143.339719273725677, 42.29606589242718 ], [ 143.347705499009749, 42.302424441035271 ], [ 143.339860803633314, 42.295906467809402 ], [ 143.330520245213279, 42.293710081455288 ], [ 143.325905719473553, 42.290845027576154 ], [ 143.324737327465868, 42.287028080881385 ], [ 143.322435913786535, 42.285710585775064 ], [ 143.323428366026405, 42.284495919151539 ], [ 143.322636134350319, 42.282487892202653 ], [ 143.323356277270591, 42.284494559376583 ], [ 143.322791309671402, 42.285163027252054 ], [ 143.321839104791025, 42.284819081535545 ], [ 143.321342438003285, 42.284098640040384 ], [ 143.321986056711353, 42.283834359867967 ], [ 143.321337911715432, 42.284065053959239 ], [ 143.320539389281521, 42.282456135342557 ], [ 143.322167755737496, 42.282403387406589 ], [ 143.322166445425296, 42.28130346798082 ], [ 143.326446627509995, 42.283386550549039 ], [ 143.322223968761364, 42.281233864951048 ], [ 143.320330972296688, 42.281755162371041 ], [ 143.319548469486449, 42.281019820008851 ], [ 143.313716666391201, 42.270083332779734 ], [ 143.313794720350188, 42.266787505439197 ], [ 143.310347223245913, 42.261643892351913 ], [ 143.309098053232788, 42.25774527912148 ], [ 143.308850272022596, 42.255585837816341 ], [ 143.310408339373566, 42.254470558869343 ], [ 143.310734448835888, 42.253182225179728 ], [ 143.308833060797269, 42.250877225004103 ], [ 143.308101672754219, 42.243731108603924 ], [ 143.30897027126116, 42.243477225493734 ], [ 143.308968300846573, 42.242195838167561 ], [ 143.311123060281147, 42.238861946122086 ], [ 143.314894448220343, 42.235725838376879 ], [ 143.315782776054448, 42.232666946422626 ], [ 143.315534811382577, 42.227356359808311 ], [ 143.318435278765264, 42.22519972079067 ], [ 143.318974811738371, 42.225165108583042 ], [ 143.319664422675146, 42.225646865510612 ], [ 143.320159441904934, 42.225646865510612 ], [ 143.319048832237968, 42.225128694134071 ], [ 143.319801945203835, 42.224438054372854 ], [ 143.320753061005121, 42.224944720722476 ], [ 143.3201050059414, 42.224128333256147 ], [ 143.320759999274742, 42.223422504844905 ], [ 143.322245330357873, 42.22419453235193 ], [ 143.320820725995873, 42.225551747815075 ], [ 143.321024721014282, 42.226949135094685 ], [ 143.320904837788248, 42.225574360368626 ], [ 143.323690920399827, 42.222762585924784 ], [ 143.322054162369909, 42.223505000555519 ], [ 143.319771672225102, 42.222180837875555 ], [ 143.320482217580434, 42.219685837931252 ], [ 143.318781439512009, 42.214226891957651 ], [ 143.320460271424508, 42.209397225002078 ], [ 143.32427861116912, 42.206578333323591 ], [ 143.330081945325674, 42.203983054474577 ], [ 143.331976938285266, 42.203868333357093 ], [ 143.335978612023496, 42.201574441607363 ], [ 143.335076393261147, 42.198400000259994 ], [ 143.335905278605878, 42.197864441391005 ], [ 143.334831387358804, 42.197698333011829 ], [ 143.332869532503082, 42.193077919410598 ], [ 143.333126666662565, 42.191782775155104 ], [ 143.335733449639179, 42.189793251757351 ], [ 143.33529082940845, 42.187743053799068 ], [ 143.335998884541027, 42.186943053779089 ], [ 143.334565005470836, 42.186160000583754 ], [ 143.333078884782935, 42.181664721349989 ], [ 143.334060557748671, 42.177485559211334 ], [ 143.332705551020581, 42.175303892061152 ], [ 143.333621945796381, 42.174712505078219 ], [ 143.331389169274871, 42.173581666960501 ], [ 143.329888339275612, 42.171769441306822 ], [ 143.329973332403597, 42.168841946598718 ], [ 143.325585550932601, 42.16325500011834 ], [ 143.324102775722736, 42.160040000245999 ], [ 143.321036108230032, 42.16218417106279 ], [ 143.319581387371272, 42.160903333222393 ], [ 143.315633605506719, 42.160452504879345 ], [ 143.311776393465948, 42.160635279494727 ], [ 143.304827223198004, 42.162442225228688 ], [ 143.300362775421945, 42.166453332855212 ], [ 143.29375360554468, 42.168586108362376 ], [ 143.284854162789543, 42.164973332953139 ], [ 143.283095836204097, 42.165225838301978 ], [ 143.279702217483532, 42.163887505004539 ], [ 143.276322775675681, 42.16401555947067 ], [ 143.273516108481772, 42.162278613367505 ], [ 143.272986938396684, 42.160830837972981 ], [ 143.269526108843024, 42.160726108323388 ], [ 143.266466108923964, 42.162901946068132 ], [ 143.266730557269625, 42.164288054050644 ], [ 143.265777223740088, 42.165825559302277 ], [ 143.266559441465233, 42.167593612955045 ], [ 143.266095836453815, 42.168783891763383 ], [ 143.259288054000649, 42.170774999766593 ], [ 143.256532502473192, 42.168445838404864 ], [ 143.253249441908451, 42.168651945930719 ], [ 143.252237496863131, 42.169867505581067 ], [ 143.252260829773604, 42.172550279471977 ], [ 143.24985778191126, 42.175831667297757 ], [ 143.245143332498969, 42.177674720811865 ], [ 143.239968611862082, 42.181593612855124 ], [ 143.230147223715562, 42.182578892102356 ], [ 143.224868884991224, 42.181465838078111 ], [ 143.220175278266652, 42.178439999806301 ], [ 143.216550271178221, 42.181593892544299 ], [ 143.210649727503096, 42.183922505319515 ], [ 143.208665278979652, 42.187169441017033 ], [ 143.206576938974763, 42.188722505439443 ], [ 143.201831672493881, 42.18900277555781 ], [ 143.196451946000707, 42.193118333144753 ], [ 143.193804162931997, 42.196389440820212 ], [ 143.193820557572849, 42.19801527928189 ], [ 143.191887223816479, 42.199410000071623 ], [ 143.191738884242341, 42.202799441441243 ], [ 143.18908583654229, 42.204781666840631 ], [ 143.186670557900129, 42.211095559612545 ], [ 143.185836108449848, 42.214271386815199 ], [ 143.186062502882351, 42.218954171098289 ], [ 143.180437223699073, 42.221618613208591 ], [ 143.178663605940869, 42.223644721027199 ], [ 143.171261387802929, 42.223628333580905 ], [ 143.168661672598319, 42.222642225158722 ], [ 143.165869727306244, 42.22309361288012 ], [ 143.158804162282422, 42.22756805392271 ], [ 143.157540271266726, 42.23082666731699 ], [ 143.154437223499258, 42.232883054409626 ], [ 143.151298053562527, 42.237750278852445 ], [ 143.147505278845756, 42.240695278864223 ], [ 143.149025836373426, 42.246943892546767 ], [ 143.149025836373426, 42.252040838014409 ], [ 143.139548884973237, 42.255967225007566 ], [ 143.13683333259246, 42.255862505250604 ], [ 143.132533060552532, 42.258353333239882 ], [ 143.125372217753807, 42.258377225528704 ], [ 143.117029169360876, 42.260245837775358 ], [ 143.111488053231255, 42.270642505147634 ], [ 143.111192217646931, 42.272736667363461 ], [ 143.113016393491989, 42.274217505433683 ], [ 143.112306108939947, 42.280099171439758 ], [ 143.106670829295467, 42.285500559003765 ], [ 143.095597496727237, 42.286777224889192 ], [ 143.092347497039555, 42.286108613122167 ], [ 143.088557496731255, 42.287835279075011 ], [ 143.076246108871032, 42.290850559306023 ], [ 143.076570271301193, 42.291407774749189 ], [ 143.074188612015064, 42.295821667136408 ], [ 143.074972775873107, 42.296851108492035 ], [ 143.074994448635039, 42.301787505189395 ], [ 143.072798611766643, 42.303436386979854 ], [ 143.068495005939894, 42.303849720788151 ], [ 143.065644720727505, 42.305228892299681 ], [ 143.061954448938877, 42.309647775024985 ], [ 143.054818053310669, 42.309341108005924 ], [ 143.054587223421777, 42.313593054076364 ], [ 143.053023890540317, 42.317359721474133 ], [ 143.053319441938925, 42.318897505515622 ], [ 143.04922749695163, 42.323317225509697 ], [ 143.047891387677623, 42.326733333576669 ], [ 143.047960271249735, 42.329045558905591 ], [ 143.039003060542996, 42.329313054154284 ], [ 143.035937496518386, 42.333596387463501 ], [ 143.027672217898726, 42.338954171398086 ], [ 143.024964162266429, 42.347253332875198 ], [ 143.019564448340816, 42.350454721508356 ], [ 143.012996938657921, 42.352744441303116 ], [ 143.010088053620962, 42.352986386812461 ], [ 143.008552502596103, 42.35671638705179 ], [ 143.005842776023428, 42.360006107995673 ], [ 143.006131945832863, 42.362724720769393 ], [ 143.002340829465879, 42.366878054378901 ], [ 142.99983972762152, 42.371524999779069 ], [ 143.004918339509913, 42.375970559094185 ], [ 143.007602775348005, 42.381090838371676 ], [ 143.009331672518897, 42.381878613007757 ], [ 143.012835005830993, 42.386537774798626 ], [ 143.022790557538428, 42.392543054418582 ], [ 143.025423605215337, 42.392952774750938 ], [ 143.032445836406396, 42.398061946501798 ], [ 143.033745006027402, 42.403754171218168 ], [ 143.033491945796868, 42.406636946238223 ], [ 143.031322502231887, 42.411143892376913 ], [ 143.032468884231776, 42.415166387219188 ], [ 143.034483605733953, 42.415651387102002 ], [ 143.036903890902067, 42.418250559116188 ], [ 143.043113890393897, 42.417610838069891 ], [ 143.046421945816292, 42.419241108390622 ], [ 143.048732217817815, 42.42184472125706 ], [ 143.050987223781476, 42.423032505345986 ], [ 143.055705837054916, 42.421397775287289 ], [ 143.057956666567065, 42.425261667492123 ], [ 143.063161114294189, 42.427874721441412 ], [ 143.066564162406394, 42.427296108428834 ], [ 143.071798884910777, 42.428128054166507 ], [ 143.076473332478486, 42.42309500013431 ], [ 143.079539727476572, 42.422099170940157 ], [ 143.083508611933098, 42.422550559560818 ], [ 143.085540271266723, 42.424353054550011 ], [ 143.096206938499563, 42.422343054488522 ], [ 143.101257496936114, 42.420478613297519 ], [ 143.106572217733856, 42.423804171325628 ], [ 143.114422502396792, 42.423101666808634 ], [ 143.115867781273209, 42.421315838055648 ], [ 143.122683605464204, 42.419029171459272 ], [ 143.126448053335139, 42.420406108155532 ], [ 143.134350272047641, 42.419722505589334 ], [ 143.138671114280669, 42.421404720751411 ], [ 143.141093060496473, 42.423452504929344 ], [ 143.148648611244539, 42.423109721136882 ], [ 143.152118611185188, 42.42515194660524 ], [ 143.152988611735168, 42.428048613452916 ], [ 143.154419169609127, 42.42923055914315 ], [ 143.158657496346564, 42.428591107893453 ], [ 143.159521387801988, 42.429498054391843 ], [ 143.162328339181727, 42.428626945876999 ], [ 143.166897781907323, 42.429256667361472 ], [ 143.167563060786847, 42.430621107977913 ], [ 143.171424162395397, 42.431700558833882 ], [ 143.176612775759168, 42.429943892396864 ], [ 143.178731387843413, 42.431666666983233 ], [ 143.181381672826092, 42.432042505357515 ], [ 143.18842722343777, 42.432012775569319 ], [ 143.189471387594608, 42.430222774861363 ], [ 143.193178611603798, 42.431684171387587 ], [ 143.192988339340559, 42.435444441008315 ], [ 143.195751945196321, 42.437758332781016 ], [ 143.206721387182483, 42.442396387483484 ], [ 143.209536666284293, 42.4411911079834 ], [ 143.212215279012071, 42.441265838048139 ], [ 143.21294500600743, 42.440476387075762 ], [ 143.214492217641919, 42.442798612865886 ], [ 143.216109169902438, 42.442124999968939 ], [ 143.220941945814275, 42.443147504853641 ], [ 143.22403583668472, 42.441294171189213 ], [ 143.224642775643815, 42.442268613605791 ], [ 143.228753060505483, 42.442050838275748 ], [ 143.230757781546572, 42.443509721196847 ], [ 143.234518884838849, 42.444415000352137 ], [ 143.236537781893276, 42.443475838339452 ], [ 143.244928339671333, 42.44442333347024 ], [ 143.247581945850243, 42.446106946178816 ], [ 143.254806109014908, 42.443333613255788 ], [ 143.256494162575677, 42.445222775011246 ], [ 143.261996938807897, 42.445016946275189 ], [ 143.26273916997684, 42.446064170824968 ], [ 143.270780829471846, 42.442944721222091 ], [ 143.283190271314197, 42.446708892101867 ], [ 143.292609169677576, 42.44592361308446 ], [ 143.293877781234755, 42.448365838113091 ], [ 143.295215550657304, 42.447671387025082 ], [ 143.294587781600967, 42.445732775147633 ], [ 143.297816667005804, 42.444722775336004 ] ] ], [ [ [ 143.328765006000367, 42.166749171137496 ], [ 143.328878884453161, 42.166807504762687 ], [ 143.328931945353133, 42.166710279056304 ], [ 143.328765006000367, 42.166749171137496 ] ] ], [ [ [ 143.328946393861202, 42.167002225072792 ], [ 143.329043605178413, 42.167057505499656 ], [ 143.329043060189292, 42.167024721613757 ], [ 143.328946393861202, 42.167002225072792 ] ] ], [ [ [ 143.33041666669601, 42.166924171113749 ], [ 143.330238339228117, 42.16721055932004 ], [ 143.330519441219394, 42.167111107791584 ], [ 143.33041666669601, 42.166924171113749 ] ] ], [ [ [ 143.330182503020296, 42.168850838195794 ], [ 143.330185278328145, 42.16893944120244 ], [ 143.330271115020082, 42.16888972128379 ], [ 143.330182503020296, 42.168850838195794 ] ] ], [ [ [ 143.330848611974034, 42.169691667436666 ], [ 143.330954448688999, 42.169517225040067 ], [ 143.330742775259068, 42.169612775309474 ], [ 143.330848611974034, 42.169691667436666 ] ] ], [ [ [ 143.332383605419182, 42.173725559387208 ], [ 143.332527223552688, 42.17379861311565 ], [ 143.332512217465023, 42.173680559110664 ], [ 143.332383605419182, 42.173725559387208 ] ] ], [ [ [ 143.332557496531422, 42.173883054059843 ], [ 143.332444162168485, 42.174074441482446 ], [ 143.332731387643548, 42.174023613599047 ], [ 143.332557496531422, 42.173883054059843 ] ] ], [ [ [ 143.332479727657528, 42.203836667328517 ], [ 143.332290557963006, 42.203994170994349 ], [ 143.332487223506746, 42.203943612907551 ], [ 143.332479727657528, 42.203836667328517 ] ] ], [ [ [ 143.32418277581462, 42.207279441193407 ], [ 143.324213060484567, 42.207149999972671 ], [ 143.324145005188029, 42.207206387464964 ], [ 143.32418277581462, 42.207279441193407 ] ] ], [ [ [ 143.323842217844231, 42.207577775094421 ], [ 143.323759169949881, 42.207470838508584 ], [ 143.323645550501965, 42.207538333527452 ], [ 143.323842217844231, 42.207577775094421 ] ] ], [ [ [ 143.323373332913206, 42.207650837816061 ], [ 143.323358339416018, 42.207757775301275 ], [ 143.323539727276739, 42.207701386909662 ], [ 143.323373332913206, 42.207650837816061 ] ] ], [ [ [ 143.322980000027201, 42.2083933333858 ], [ 143.322775836835604, 42.208438332763023 ], [ 143.32294972794773, 42.208483333039567 ], [ 143.322980000027201, 42.2083933333858 ] ] ], [ [ [ 143.32265472063898, 42.208691387597639 ], [ 143.322480829526853, 42.208612775159622 ], [ 143.322465836929041, 42.208652224820469 ], [ 143.32265472063898, 42.208691387597639 ] ] ], [ [ [ 143.320536938628948, 42.21074500028169 ], [ 143.320551945615989, 42.210542505332512 ], [ 143.320483890319451, 42.210728054356366 ], [ 143.320536938628948, 42.21074500028169 ] ] ], [ [ [ 143.320385005363846, 42.216798613065691 ], [ 143.320536393639827, 42.216883054009884 ], [ 143.320536393639827, 42.216787505539116 ], [ 143.320385005363846, 42.216798613065691 ] ] ], [ [ [ 143.32001444870798, 42.21700110801487 ], [ 143.320105278436017, 42.216838053733341 ], [ 143.319984162239507, 42.216871666794134 ], [ 143.32001444870798, 42.21700110801487 ] ] ], [ [ [ 143.320853890294984, 42.220680837950454 ], [ 143.320959727909326, 42.220624721154138 ], [ 143.320808339633345, 42.220624721154138 ], [ 143.320853890294984, 42.220680837950454 ] ] ], [ [ [ 143.320883890779101, 42.220883054109834 ], [ 143.32070250291838, 42.220894441325584 ], [ 143.320868884691436, 42.220956387527451 ], [ 143.320883890779101, 42.220883054109834 ] ] ], [ [ [ 143.320536108554734, 42.221293892299457 ], [ 143.320604162951895, 42.221175838294471 ], [ 143.320490829488335, 42.221237775503084 ], [ 143.320536108554734, 42.221293892299457 ] ] ], [ [ [ 143.323132606884428, 42.222815748448227 ], [ 143.323170725548721, 42.22275591925046 ], [ 143.321977885471256, 42.222208802294574 ], [ 143.323132606884428, 42.222815748448227 ] ] ], [ [ [ 143.316042775453866, 42.230515000067385 ], [ 143.316285006048361, 42.230548613128178 ], [ 143.316209169817512, 42.230413613197868 ], [ 143.316042775453866, 42.230515000067385 ] ] ], [ [ [ 143.315399727815361, 42.235229721074916 ], [ 143.315513060379658, 42.235291387587608 ], [ 143.315505551040474, 42.235246387311065 ], [ 143.315399727815361, 42.235229721074916 ] ] ], [ [ [ 143.315603605921865, 42.235753054560007 ], [ 143.315588884919293, 42.235572775563298 ], [ 143.315505551040474, 42.23567972114239 ], [ 143.315603605921865, 42.235753054560007 ] ] ], [ [ [ 143.315361945497557, 42.235966666928277 ], [ 143.315543060863774, 42.235966666928277 ], [ 143.315543060863774, 42.235904720726467 ], [ 143.315361945497557, 42.235966666928277 ] ] ], [ [ [ 143.314189441789495, 42.237232504976305 ], [ 143.314113890643739, 42.237097505045995 ], [ 143.314030557664296, 42.237204440732512 ], [ 143.314189441789495, 42.237232504976305 ] ] ], [ [ [ 143.313864162401387, 42.237255000617949 ], [ 143.313781114507037, 42.23740138686469 ], [ 143.313901945618454, 42.237333891845822 ], [ 143.313864162401387, 42.237255000617949 ] ] ], [ [ [ 143.312842775373952, 42.239252224910445 ], [ 143.312903333022632, 42.239094721244555 ], [ 143.312759727479602, 42.239167774972998 ], [ 143.312842775373952, 42.239252224910445 ] ] ], [ [ [ 143.311663060901765, 42.239640278775994 ], [ 143.311617781835366, 42.23958389218302 ], [ 143.311595005605227, 42.23959527939877 ], [ 143.311663060901765, 42.239640278775994 ] ] ], [ [ [ 143.311821387447253, 42.245148333129237 ], [ 143.311647496335013, 42.245097775042439 ], [ 143.311632217752845, 42.245131387203912 ], [ 143.311821387447253, 42.245148333129237 ] ] ], [ [ [ 143.313421309246223, 42.265280837940509 ], [ 143.313575667982832, 42.265307135016428 ], [ 143.313541361544821, 42.265240945813161 ], [ 143.313421309246223, 42.265280837940509 ] ] ], [ [ [ 143.314008300342948, 42.266869386912845 ], [ 143.314176160601505, 42.266775720723103 ], [ 143.314081050999903, 42.266713802400204 ], [ 143.314008300342948, 42.266869386912845 ] ] ], [ [ [ 143.32490364448779, 42.285976360620737 ], [ 143.32485435804233, 42.286263945824601 ], [ 143.325029221321643, 42.285998694384432 ], [ 143.32490364448779, 42.285976360620737 ] ] ], [ [ [ 143.333427496182139, 42.173708892251739 ], [ 143.333503060817748, 42.173826946256725 ], [ 143.333563605875838, 42.173703333542164 ], [ 143.333427496182139, 42.173708892251739 ] ] ], [ [ [ 143.335091114263719, 42.174040838314227 ], [ 143.335068339832219, 42.173810279121255 ], [ 143.334955005469283, 42.173939441552136 ], [ 143.335091114263719, 42.174040838314227 ] ] ], [ [ [ 143.333578611963503, 42.174052225529977 ], [ 143.333419727838304, 42.174034999915477 ], [ 143.333419727838304, 42.174091108617915 ], [ 143.333578611963503, 42.174052225529977 ] ] ], [ [ [ 143.334009441182957, 42.174648333054279 ], [ 143.334175836445866, 42.174884720753425 ], [ 143.334198611776742, 42.174687775520567 ], [ 143.334009441182957, 42.174648333054279 ] ] ], [ [ [ 143.335983332564979, 42.177034171489993 ], [ 143.336089169279944, 42.17689333316099 ], [ 143.335870000000682, 42.17689333316099 ], [ 143.335983332564979, 42.177034171489993 ] ] ], [ [ [ 143.335355550918166, 42.176960559282577 ], [ 143.3354766662153, 42.17700555955912 ], [ 143.335499169950936, 42.17689333316099 ], [ 143.335355550918166, 42.176960559282577 ] ] ], [ [ [ 143.3340699997309, 42.17687055872949 ], [ 143.334213605273817, 42.177112505138155 ], [ 143.334289441504666, 42.177028054301445 ], [ 143.3340699997309, 42.17687055872949 ] ] ], [ [ [ 143.334652217226221, 42.17788917134834 ], [ 143.334621946046127, 42.178069171555194 ], [ 143.334848884568601, 42.178018332879901 ], [ 143.334652217226221, 42.17788917134834 ] ] ], [ [ [ 143.334236109009453, 42.178142225283636 ], [ 143.334508339188687, 42.178249170862728 ], [ 143.33453111451945, 42.178181666850605 ], [ 143.334236109009453, 42.178142225283636 ] ] ], [ [ [ 143.334364721055181, 42.178592505040228 ], [ 143.334568884246778, 42.178344721132135 ], [ 143.334243605757933, 42.178474171346124 ], [ 143.334364721055181, 42.178592505040228 ] ] ], [ [ [ 143.335022775680727, 42.178738613396433 ], [ 143.334833605986319, 42.178570000405387 ], [ 143.334720271623382, 42.178654171552921 ], [ 143.335022775680727, 42.178738613396433 ] ] ], [ [ [ 143.335809441452739, 42.178817505523625 ], [ 143.336028611631264, 42.178665558768671 ], [ 143.33574138795484, 42.178727504970539 ], [ 143.335809441452739, 42.178817505523625 ] ] ], [ [ [ 143.335559727599502, 42.178789441279832 ], [ 143.335469169466819, 42.17870500033564 ], [ 143.335416108566733, 42.178738613396433 ], [ 143.335559727599502, 42.178789441279832 ] ] ], [ [ [ 143.335158884475163, 42.17920583817903 ], [ 143.335053060350674, 42.179070559458921 ], [ 143.334939441802021, 42.179138333267645 ], [ 143.335158884475163, 42.17920583817903 ] ] ], [ [ [ 143.334523605180379, 42.17955444148447 ], [ 143.334674720961743, 42.179379999987191 ], [ 143.334402502473722, 42.179509171411325 ], [ 143.334523605180379, 42.17955444148447 ] ] ], [ [ [ 143.334130271395111, 42.179717504759196 ], [ 143.33409999931564, 42.179666945773079 ], [ 143.334062217897213, 42.179706108550249 ], [ 143.334130271395111, 42.179717504759196 ] ] ], [ [ [ 143.335755836462909, 42.183273333297848 ], [ 143.335612217430025, 42.183374721066684 ], [ 143.335778611793671, 42.183323892283966 ], [ 143.335755836462909, 42.183273333297848 ] ] ], [ [ [ 143.335498611471962, 42.183903613261293 ], [ 143.335786108542266, 42.183937225422767 ], [ 143.335748339714314, 42.183830559532851 ], [ 143.335498611471962, 42.183903613261293 ] ] ], [ [ [ 143.33580111462993, 42.185726387063255 ], [ 143.335861672278497, 42.185934441621328 ], [ 143.335982502490651, 42.185855838176565 ], [ 143.33580111462993, 42.185726387063255 ] ] ], [ [ [ 143.335445550571876, 42.185990838106875 ], [ 143.335301945928222, 42.185923333195433 ], [ 143.335279169698083, 42.185973892181551 ], [ 143.335445550571876, 42.185990838106875 ] ] ], [ [ [ 143.33568722358666, 42.190795279079055 ], [ 143.335642723333194, 42.190653278825948 ], [ 143.335536108704673, 42.19064944141877 ], [ 143.33568722358666, 42.190795279079055 ] ] ], [ [ [ 143.334809999681966, 42.190851667470668 ], [ 143.334756938781879, 42.190761666917581 ], [ 143.334726666702522, 42.190812225004322 ], [ 143.334809999681966, 42.190851667470668 ] ] ], [ [ [ 143.334492217941715, 42.191110558905336 ], [ 143.334688884384718, 42.19116110799888 ], [ 143.334703890472383, 42.191076667054688 ], [ 143.334492217941715, 42.191110558905336 ] ] ], [ [ [ 143.334869999750822, 42.19709083827172 ], [ 143.33487778158451, 42.196928053786792 ], [ 143.334771672374927, 42.196995559597553 ], [ 143.334869999750822, 42.19709083827172 ] ] ], [ [ [ 143.335591919731542, 42.202281640585397 ], [ 143.335967003574524, 42.202014918753662 ], [ 143.335509467188331, 42.202099468515826 ], [ 143.335591919731542, 42.202281640585397 ] ] ], [ [ [ 143.334446108801103, 42.203026666847336 ], [ 143.334574448352328, 42.202756666986772 ], [ 143.33436277582166, 42.202919721268302 ], [ 143.334446108801103, 42.203026666847336 ] ] ], [ [ [ 143.334907496983533, 42.203116667400423 ], [ 143.335088884844367, 42.203234721405408 ], [ 143.335058611865634, 42.203088613049204 ], [ 143.334907496983533, 42.203116667400423 ] ] ], [ [ [ 143.335240271321595, 42.203206667054189 ], [ 143.33531583685658, 42.203274171066312 ], [ 143.335353605684531, 42.203251667330733 ], [ 143.335240271321595, 42.203206667054189 ] ] ], [ [ [ 143.333364448310817, 42.203459720989486 ], [ 143.333606393820219, 42.203510279076283 ], [ 143.333681945865237, 42.203318892553 ], [ 143.333364448310817, 42.203459720989486 ] ] ], [ [ [ 143.335278053639399, 42.203370000125574 ], [ 143.33514194574434, 42.20349944134631 ], [ 143.33531583685658, 42.203459999779341 ], [ 143.335278053639399, 42.203370000125574 ] ] ], [ [ [ 143.332774720577049, 42.203808612977298 ], [ 143.332691387597606, 42.203667775547558 ], [ 143.332540271816242, 42.20374666677543 ], [ 143.332774720577049, 42.203808612977298 ] ] ], [ [ [ 143.333598884481148, 42.204208054058597 ], [ 143.333621387317294, 42.204028053851744 ], [ 143.333508053853734, 42.20411805440483 ], [ 143.333598884481148, 42.204208054058597 ] ] ], [ [ [ 143.336656666671956, 42.176656946361163 ], [ 143.336505278396089, 42.176882224735039 ], [ 143.336724720169855, 42.176887775350735 ], [ 143.336656666671956, 42.176656946361163 ] ] ], [ [ [ 143.337819350682707, 42.177032864775072 ], [ 143.337883216937144, 42.176928910341132 ], [ 143.337787872612466, 42.176962640313775 ], [ 143.337819350682707, 42.177032864775072 ] ] ], [ [ [ 143.336921387512234, 42.177236667338491 ], [ 143.336709441587686, 42.177315278877188 ], [ 143.336891114533501, 42.177360279153731 ], [ 143.336921387512234, 42.177236667338491 ] ] ], [ [ [ 143.337336666554052, 42.182063891735368 ], [ 143.337374448871856, 42.181844440968348 ], [ 143.337223332191229, 42.181934441521435 ], [ 143.337336666554052, 42.182063891735368 ] ] ], [ [ [ 143.336391387352819, 42.183639171210928 ], [ 143.336406393440484, 42.183470279430026 ], [ 143.336330829704252, 42.183560279083792 ], [ 143.336391387352819, 42.183639171210928 ] ] ], [ [ [ 143.336096393533921, 42.184196107864238 ], [ 143.336194720909816, 42.184083613468147 ], [ 143.336043332633835, 42.184111666920046 ], [ 143.336096393533921, 42.184196107864238 ] ] ], [ [ [ 143.337752217191223, 42.186373612952025 ], [ 143.337752502276317, 42.186182225529478 ], [ 143.337570829330502, 42.18626666737299 ], [ 143.337752217191223, 42.186373612952025 ] ] ], [ [ [ 143.337094448550147, 42.186350838520525 ], [ 143.337011114671327, 42.186244170831969 ], [ 143.336996108583776, 42.18628333360914 ], [ 143.337094448550147, 42.186350838520525 ] ] ], [ [ [ 143.337351672641717, 42.186491666957011 ], [ 143.337419727938254, 42.186401667303244 ], [ 143.33729111499315, 42.18637917076228 ], [ 143.337351672641717, 42.186491666957011 ] ] ], [ [ [ 143.336844720307795, 42.186621108177746 ], [ 143.336852503040745, 42.186491666957011 ], [ 143.336731387743498, 42.186502775382962 ], [ 143.336844720307795, 42.186621108177746 ] ] ], [ [ [ 143.337623606044758, 42.18665472123854 ], [ 143.33755583673269, 42.186542225043809 ], [ 143.337533060502551, 42.186598613435422 ], [ 143.337623606044758, 42.18665472123854 ] ] ], [ [ [ 143.336391114858202, 42.186947224834739 ], [ 143.336746393831163, 42.187003333537177 ], [ 143.336383333024628, 42.186857225180972 ], [ 143.336391114858202, 42.186947224834739 ] ] ], [ [ [ 143.337033890901466, 42.187070838448619 ], [ 143.337064162980937, 42.186918892592985 ], [ 143.336897781207767, 42.187070838448619 ], [ 143.337033890901466, 42.187070838448619 ] ] ], [ [ [ 143.336701114764764, 42.187363612740683 ], [ 143.336678339434002, 42.187211666885105 ], [ 143.336572502719036, 42.187273613086916 ], [ 143.336701114764764, 42.187363612740683 ] ] ], [ [ [ 143.336126108932945, 42.188820559421458 ], [ 143.336436108839507, 42.188882504724006 ], [ 143.336345278212207, 42.18874222487392 ], [ 143.336126108932945, 42.188820559421458 ] ] ], [ [ [ 143.337510271681822, 42.189253892353406 ], [ 143.337631114484566, 42.189130278739526 ], [ 143.337389169874427, 42.189169441516697 ], [ 143.337510271681822, 42.189253892353406 ] ] ], [ [ [ 143.338024448269834, 42.189231667407682 ], [ 143.338016938930764, 42.189343892007173 ], [ 143.338122775645729, 42.189332504791423 ], [ 143.338024448269834, 42.189231667407682 ] ] ], [ [ [ 143.336965550519949, 42.189473333227909 ], [ 143.337071387234914, 42.189321387372274 ], [ 143.336829441725513, 42.189326946081849 ], [ 143.336965550519949, 42.189473333227909 ] ] ], [ [ [ 143.337404162472353, 42.189551946565246 ], [ 143.337449727523108, 42.189428332951366 ], [ 143.337321114578003, 42.189506946288702 ], [ 143.337404162472353, 42.189551946565246 ] ] ], [ [ [ 143.336443605588101, 42.189490279153233 ], [ 143.336496666488188, 42.189642225008868 ], [ 143.336587496216112, 42.189602775347964 ], [ 143.336443605588101, 42.189490279153233 ] ] ], [ [ [ 143.338228339866191, 42.189653333434762 ], [ 143.338220829627744, 42.189822225215664 ], [ 143.338341945824368, 42.189816667405466 ], [ 143.338228339866191, 42.189653333434762 ] ] ], [ [ [ 143.337517781920269, 42.189822225215664 ], [ 143.337721946011129, 42.189664721549832 ], [ 143.337449727523108, 42.18970389242088 ], [ 143.337517781920269, 42.189822225215664 ] ] ], [ [ [ 143.33602778155705, 42.189827774932041 ], [ 143.336163890351486, 42.189968333571926 ], [ 143.336186393187631, 42.189810837999914 ], [ 143.33602778155705, 42.189827774932041 ] ] ], [ [ [ 143.33642861119165, 42.190249721547559 ], [ 143.336368053542969, 42.190137225352828 ], [ 143.336246938245836, 42.190159720994473 ], [ 143.33642861119165, 42.190249721547559 ] ] ], [ [ [ 143.336965550519949, 42.190384721477869 ], [ 143.336905005461858, 42.190508612982285 ], [ 143.337018611419921, 42.190429720855093 ], [ 143.336965550519949, 42.190384721477869 ] ] ], [ [ [ 143.337366393644288, 42.190446666780417 ], [ 143.337169727201285, 42.190446666780417 ], [ 143.337245550841658, 42.190536667333504 ], [ 143.337366393644288, 42.190446666780417 ] ] ], [ [ [ 143.336768054002619, 42.200871946083623 ], [ 143.336760557254138, 42.200781946429856 ], [ 143.336662217287653, 42.20081555949065 ], [ 143.336768054002619, 42.200871946083623 ] ] ], [ [ [ 143.336359727619538, 42.200956387027816 ], [ 143.336336938798809, 42.200838054232975 ], [ 143.336299169970857, 42.200888613219092 ], [ 143.336359727619538, 42.200956387027816 ] ] ], [ [ [ 143.336845771615231, 42.201255306387452 ], [ 143.336858884630033, 42.201119441309345 ], [ 143.336793086631815, 42.201158171512589 ], [ 143.336845771615231, 42.201255306387452 ] ] ], [ [ [ 143.336678339434002, 42.201462865419046 ], [ 143.336336938798809, 42.20119833343648 ], [ 143.33603444823143, 42.201327504860615 ], [ 143.336678339434002, 42.201462865419046 ] ] ], [ [ [ 143.337388339800214, 42.201558332950867 ], [ 143.337471387694563, 42.201479440823675 ], [ 143.337350557482409, 42.201496386749 ], [ 143.337388339800214, 42.201558332950867 ] ] ], [ [ [ 143.353251517343779, 42.304344125780972 ], [ 143.349593203863492, 42.300928747963496 ], [ 143.349386912875957, 42.301063577022603 ], [ 143.353251517343779, 42.304344125780972 ] ] ] ] } },
{ "type": "Feature", "properties": { "fid": 14, "OBJECTID": 915.0, "N03_001": "北海道", "N03_002": "釧路総合振興局", "N03_003": null, "N03_004": "釧路市", "N03_007": "01206", "Shape_Leng": 0.0044935750885559999, "Shape_Area": 2.1638973e-07, "join_key": "釧路市" }, "geometry": { "type": "MultiPolygon", "coordinates": [ [ [ [ 144.365567457372435, 42.972775315228773 ], [ 144.365696225900251, 42.972992414268674 ], [ 144.365699260212864, 42.972776351247774 ], [ 144.365567457372435, 42.972775315228773 ] ] ], [ [ [ 144.36568855917983, 42.973541568188978 ], [ 144.365559908463183, 42.973324468249757 ], [ 144.36555688674116, 42.973540532169977 ], [ 144.36568855917983, 42.973541568188978 ] ] ], [ [ [ 144.355227444591037, 42.976272748089002 ], [ 144.355418780752302, 42.976315134935703 ], [ 144.357308443430043, 42.975681135376249 ], [ 144.355227444591037, 42.976272748089002 ] ] ], [ [ [ 144.353086886350866, 42.976982640536619 ], [ 144.354511970950853, 42.975506027481345 ], [ 144.352942567645528, 42.976909216287481 ], [ 144.353086886350866, 42.976982640536619 ] ] ], [ [ [ 144.352934864052941, 42.976916963946906 ], [ 144.349586523499397, 42.978045595128265 ], [ 144.35301634173095, 42.977037341800042 ], [ 144.352934864052941, 42.976916963946906 ] ] ], [ [ [ 144.289997431236657, 42.980203432042913 ], [ 144.310361192215396, 42.980049297237429 ], [ 144.289997457316986, 42.980045622607577 ], [ 144.289997431236657, 42.980203432042913 ] ] ], [ [ [ 144.360723838334707, 42.983333333566634 ], [ 144.358589221915281, 42.977529027242952 ], [ 144.358424577632377, 42.97747222516324 ], [ 144.360650584057339, 42.983341440954916 ], [ 144.358831114364648, 42.987470000040616 ], [ 144.360723838334707, 42.983333333566634 ] ] ], [ [ [ 143.803074162942494, 43.123253333374805 ], [ 143.805418053400672, 43.11935138725687 ], [ 143.81084749621516, 43.118636667248552 ], [ 143.812255005364364, 43.117626386848428 ], [ 143.812240557755672, 43.115689171618158 ], [ 143.810258053566486, 43.113499441146473 ], [ 143.812412502735015, 43.110978892362141 ], [ 143.811677223325319, 43.109412224794482 ], [ 143.813041945429632, 43.106284171377581 ], [ 143.816079170017815, 43.105457224971133 ], [ 143.81626693856856, 43.103887225415292 ], [ 143.819170271191297, 43.101666108604206 ], [ 143.819079169868019, 43.099585559426203 ], [ 143.820088339605377, 43.098748332869434 ], [ 143.825036108229938, 43.097433613070962 ], [ 143.826202775337947, 43.096180000406832 ], [ 143.830704720346716, 43.097465000309683 ], [ 143.834114720218395, 43.096758332830973 ], [ 143.836372217304188, 43.094586945831054 ], [ 143.83795027118822, 43.094115279296886 ], [ 143.837286393452473, 43.092337225182973 ], [ 143.840448884608463, 43.089823054390592 ], [ 143.847006938819391, 43.089552505044253 ], [ 143.848172502459192, 43.088380838604962 ], [ 143.85138944126993, 43.090271108325169 ], [ 143.852111387330865, 43.092100279004853 ], [ 143.854828053971687, 43.091651386902129 ], [ 143.861847496365044, 43.088111667019973 ], [ 143.863471945374158, 43.087938891966473 ], [ 143.865112775534385, 43.088835559213862 ], [ 143.867665836609262, 43.087354170758545 ], [ 143.871033060227774, 43.08826166674271 ], [ 143.872910271791739, 43.089664171164713 ], [ 143.877157496421546, 43.088237224968111 ], [ 143.884003332787756, 43.08915666754632 ], [ 143.891242502939349, 43.086243053874 ], [ 143.895437223349404, 43.083263613425174 ], [ 143.895499442045775, 43.081959171079063 ], [ 143.896921388011833, 43.08127666748436 ], [ 143.898482775659772, 43.078291386838202 ], [ 143.899840829291065, 43.077502505136692 ], [ 143.900401115019577, 43.075515837985677 ], [ 143.899919441729025, 43.073694171249144 ], [ 143.903717496365516, 43.070366667088194 ], [ 143.905745836301435, 43.070533612736199 ], [ 143.908416108716665, 43.072935558929089 ], [ 143.910156666497187, 43.073346946604488 ], [ 143.909314448703071, 43.070506107870756 ], [ 143.909804448816431, 43.0692927749418 ], [ 143.913215550357563, 43.068394441250632 ], [ 143.913726108972924, 43.065449441238911 ], [ 143.914697496392478, 43.064829721114904 ], [ 143.916543332408992, 43.065124170844001 ], [ 143.91813861190758, 43.063460279368542 ], [ 143.917317223311329, 43.060668892555498 ], [ 143.918257223492219, 43.05911444137854 ], [ 143.917818884933808, 43.058398332816978 ], [ 143.919084448688523, 43.056866108384384 ], [ 143.924130557279568, 43.05528055955034 ], [ 143.927986108272421, 43.052122225060828 ], [ 143.927392502662087, 43.049703054152815 ], [ 143.926408053489013, 43.048292775091682 ], [ 143.925007223604666, 43.048280000222007 ], [ 143.924508611583292, 43.046170838213754 ], [ 143.923139169836986, 43.046039440967604 ], [ 143.92101444865807, 43.047273612986999 ], [ 143.920265836799103, 43.046504171030847 ], [ 143.917056393837697, 43.046140837729638 ], [ 143.91568944141477, 43.044906386920388 ], [ 143.916897496222646, 43.043021108437586 ], [ 143.914634721015773, 43.041501666968543 ], [ 143.914221114712859, 43.038256108133055 ], [ 143.915825278613852, 43.032825837942255 ], [ 143.916645550252156, 43.032505558784692 ], [ 143.91641944180401, 43.030941667424202 ], [ 143.918823890810131, 43.028904441287125 ], [ 143.918768053702934, 43.024937504762192 ], [ 143.917169727301257, 43.023801107934958 ], [ 143.916284162184525, 43.024821667586082 ], [ 143.913552502945777, 43.023822775301028 ], [ 143.912038611193111, 43.022446387191167 ], [ 143.908019442043837, 43.022575559514621 ], [ 143.908480557731764, 43.02096999986577 ], [ 143.907498884765914, 43.018724171483484 ], [ 143.908678339334074, 43.017741386955606 ], [ 143.906143605543093, 43.013714171571905 ], [ 143.903629441945327, 43.013500837993433 ], [ 143.902955005269405, 43.012484999783055 ], [ 143.899893061016087, 43.012000838068388 ], [ 143.898878884752889, 43.010978612872862 ], [ 143.898766938943254, 43.009597505120951 ], [ 143.89989722397786, 43.008863053986943 ], [ 143.900467496677834, 43.006855559436701 ], [ 143.901881672501418, 43.006611108416109 ], [ 143.900841388019785, 43.004988612734451 ], [ 143.900888339825201, 43.003944441383055 ], [ 143.902044162907941, 43.003270279000333 ], [ 143.901051672896529, 42.999596945942471 ], [ 143.901483890669169, 42.997201386734787 ], [ 143.90271306065938, 42.995441387410267 ], [ 143.911121672327454, 42.99039277510667 ], [ 143.914762217902194, 42.985139720821621 ], [ 143.914061945502567, 42.981781946379897 ], [ 143.916224448999287, 42.979960838122338 ], [ 143.915726108573267, 42.978870838218768 ], [ 143.924986393507425, 42.971577775294236 ], [ 143.926566938513588, 42.971671667213855 ], [ 143.930663060851771, 42.968417224875168 ], [ 143.932793061051143, 42.967890838191806 ], [ 143.939876666475129, 42.969059170844218 ], [ 143.950035836384927, 42.969100278854967 ], [ 143.953084720683478, 42.966302225367599 ], [ 143.955489169689599, 42.96632944155067 ], [ 143.95856749689267, 42.964493891979714 ], [ 143.958952775450371, 42.963126945852025 ], [ 143.961494162425879, 42.962127225291397 ], [ 143.960869441171894, 42.961431945927757 ], [ 143.96166360549114, 42.960577775244303 ], [ 143.963231114824225, 42.960596107924232 ], [ 143.964141114520999, 42.95908472078338 ], [ 143.967141114371088, 42.958039170771258 ], [ 143.96737833933912, 42.957248892422626 ], [ 143.970015836861535, 42.957028054001682 ], [ 143.971114448673006, 42.954852225250136 ], [ 143.97469555085911, 42.953985278797745 ], [ 143.97819944175103, 42.94958722527042 ], [ 143.98001333294917, 42.948999171174989 ], [ 143.979933605351789, 42.947379440908662 ], [ 143.98143221762291, 42.945552774840849 ], [ 143.986834448750983, 42.944315838305442 ], [ 143.987993332226665, 42.941809720942047 ], [ 143.991018053540529, 42.93896138725836 ], [ 143.991199169806009, 42.936154441274596 ], [ 143.988775005861953, 42.935607505082487 ], [ 143.987516393866713, 42.933663613285319 ], [ 143.989681672671281, 42.930272224883424 ], [ 143.989527781582069, 42.928321946101107 ], [ 143.991702502368753, 42.927013053909491 ], [ 143.992149442043342, 42.924471945723894 ], [ 143.994677781654445, 42.923022775480888 ], [ 143.999912775754183, 42.924358891949453 ], [ 144.004684928366942, 42.920653378450822 ], [ 143.968137496648296, 42.90186750498151 ], [ 143.9174863938822, 42.87372138693263 ], [ 143.894949999443043, 42.859846945880008 ], [ 143.869346108336458, 42.84225250504926 ], [ 143.866726938997203, 42.843584441468977 ], [ 143.862487781286291, 42.844066387254145 ], [ 143.863747781834832, 42.846917225549703 ], [ 143.861895836723647, 42.847495558873106 ], [ 143.861524720689431, 42.84883694626825 ], [ 143.85954111483079, 42.849299721205341 ], [ 143.859250271383075, 42.852348613597826 ], [ 143.854639727841345, 42.850989720899065 ], [ 143.854003060892751, 42.851424721174112 ], [ 143.854722502341815, 42.852999441271379 ], [ 143.854187496555937, 42.853593613454677 ], [ 143.851895550939048, 42.851585278937648 ], [ 143.849895278844201, 42.851547225024603 ], [ 143.849028339586425, 42.852162225506447 ], [ 143.849566939063152, 42.854131945832819 ], [ 143.846056666582058, 42.854628613519878 ], [ 143.845955278813221, 42.857013892577243 ], [ 143.843952503005767, 42.856949440864184 ], [ 143.84034833950443, 42.861171945828801 ], [ 143.838430829319464, 42.860253333324863 ], [ 143.835057496606396, 42.860804999950972 ], [ 143.838032502498208, 42.862056667381466 ], [ 143.838320272063129, 42.863480559480422 ], [ 143.834079727597555, 42.863749999962693 ], [ 143.831488339215639, 42.865237225018063 ], [ 143.832247496524928, 42.867633613400699 ], [ 143.827009169537746, 42.869006666824362 ], [ 143.827217223196499, 42.870731946022659 ], [ 143.823427496282079, 42.871072225203193 ], [ 143.822898611282085, 42.872958054071091 ], [ 143.820778339948561, 42.87398361305344 ], [ 143.820211672630762, 42.875283612748717 ], [ 143.818041387300354, 42.875045278916673 ], [ 143.813198884321196, 42.876425559292272 ], [ 143.811632502738007, 42.877825279413287 ], [ 143.807424162994948, 42.878695279064061 ], [ 143.80864221736465, 42.880022225145751 ], [ 143.807709727422207, 42.880889721083918 ], [ 143.806010829836055, 42.880916386881893 ], [ 143.805514449032785, 42.882447505148434 ], [ 143.802847781999731, 42.882360000214021 ], [ 143.801892502337296, 42.884070838098864 ], [ 143.79834360577297, 42.884668612966266 ], [ 143.794714162328887, 42.887361387318322 ], [ 143.793386108282448, 42.88750444157688 ], [ 143.78950888452755, 42.885793613584553 ], [ 143.788664449005296, 42.888150838290699 ], [ 143.789553890200068, 42.889278613317515 ], [ 143.787300557874573, 42.892692775251533 ], [ 143.785478053869269, 42.893694441045795 ], [ 143.781906667059161, 42.893723333565163 ], [ 143.782538339173243, 42.894455000398125 ], [ 143.782159999784312, 42.895259441270355 ], [ 143.779174720936794, 42.894707504847645 ], [ 143.777372502938874, 42.895925279528171 ], [ 143.777101945498544, 42.898493892579268 ], [ 143.779349999702958, 42.899477775179321 ], [ 143.780585278787726, 42.898688333200198 ], [ 143.78180861127862, 42.899398053877235 ], [ 143.782362217742389, 42.901546386756536 ], [ 143.783743060194297, 42.902027774961994 ], [ 143.780840829241015, 42.903701946587717 ], [ 143.780344162453275, 42.906217225344847 ], [ 143.777111114986155, 42.907833612831155 ], [ 143.774581945300724, 42.91121138729585 ], [ 143.771792502821881, 42.911978892112359 ], [ 143.771795005635227, 42.913920837776629 ], [ 143.771063060911729, 42.914523612874575 ], [ 143.771629441345794, 42.916209999991679 ], [ 143.769949999692926, 42.917709721126869 ], [ 143.770629441995311, 42.919430559472914 ], [ 143.771819442013793, 42.919909999746835 ], [ 143.771123891054913, 42.922333892095594 ], [ 143.766665836559241, 42.926572775513364 ], [ 143.766876938919722, 42.928033613560558 ], [ 143.764600557869585, 42.929140000011159 ], [ 143.764311672246095, 42.930207505172405 ], [ 143.765618612009462, 42.933806108165527 ], [ 143.76748306039508, 42.934550838550535 ], [ 143.768365550729754, 42.936042775154135 ], [ 143.766454448214404, 42.93721166718484 ], [ 143.761420829407939, 42.938117775515082 ], [ 143.762524720239867, 42.941016107907217 ], [ 143.761972502329286, 42.942833332892178 ], [ 143.763295278254645, 42.945751945895779 ], [ 143.765555550648287, 42.946267775437661 ], [ 143.766424720224791, 42.948715279486748 ], [ 143.765391115008129, 42.950618612758944 ], [ 143.766286666196834, 42.951910279336062 ], [ 143.765776393565943, 42.952506386860421 ], [ 143.766781114357173, 42.955850000577243 ], [ 143.766921672997, 42.958054999738636 ], [ 143.765812218059637, 42.958432775252561 ], [ 143.766452775475386, 42.960450837736119 ], [ 143.763252502900855, 42.961759999724393 ], [ 143.762015278582453, 42.963238892561037 ], [ 143.758447781340237, 42.964272774768915 ], [ 143.754724162690081, 42.969191108582947 ], [ 143.750245278996658, 42.970987775065907 ], [ 143.751135550265644, 42.976877505292805 ], [ 143.749515550202659, 42.978731387543689 ], [ 143.749479169927895, 42.979960278744045 ], [ 143.745707496903606, 42.980647775374678 ], [ 143.743382217915155, 42.982022774931295 ], [ 143.742630271370103, 42.983793333195933 ], [ 143.739644162448371, 42.985709721026979 ], [ 143.739187496605837, 42.987297775372213 ], [ 143.736373332663334, 42.988433054342124 ], [ 143.733859727544541, 42.991432775402416 ], [ 143.727382775994442, 42.992968613311007 ], [ 143.725406108405309, 42.994291667126902 ], [ 143.725422217961182, 42.995723613554105 ], [ 143.724476666265332, 42.995921666751713 ], [ 143.721308611903055, 42.99389527924393 ], [ 143.719015278632355, 42.993806946033885 ], [ 143.716518053765299, 42.990119999938202 ], [ 143.712554448329342, 42.990932225342078 ], [ 143.71112583658828, 42.995551387087005 ], [ 143.711286393452497, 42.99779583860726 ], [ 143.708149999722878, 42.998129171424296 ], [ 143.707371387379794, 43.000358053881257 ], [ 143.704255836338007, 43.001795559017978 ], [ 143.703104720306783, 43.003511666930024 ], [ 143.702830829979007, 43.006901946467849 ], [ 143.706109441597619, 43.008521666841602 ], [ 143.704049441928419, 43.009346945905008 ], [ 143.703528611256615, 43.010351946385356 ], [ 143.707033060627396, 43.020098332871953 ], [ 143.705116394006609, 43.021767505166395 ], [ 143.706863332477042, 43.027280000371888 ], [ 143.708425278603954, 43.02849083858149 ], [ 143.708423060875703, 43.029790000108562 ], [ 143.710456393847721, 43.032469720801146 ], [ 143.709792217537029, 43.033508613132142 ], [ 143.7105630606369, 43.034656945761583 ], [ 143.71011221790468, 43.036862505200645 ], [ 143.712366938783362, 43.041145558820631 ], [ 143.710485278273154, 43.042969721175837 ], [ 143.717350271997589, 43.048947225234429 ], [ 143.719992502652076, 43.053399721020469 ], [ 143.724632775982059, 43.056490838381649 ], [ 143.733181387810987, 43.058743613127433 ], [ 143.737256666562075, 43.057236108359859 ], [ 143.740095005180478, 43.058965000134833 ], [ 143.740021672662238, 43.061176108390839 ], [ 143.741875550416466, 43.063727775516611 ], [ 143.743797496957086, 43.063585838216 ], [ 143.743206393260607, 43.065206386865441 ], [ 143.744177496494444, 43.067063333106489 ], [ 143.741497497012006, 43.070870279340113 ], [ 143.742741945584498, 43.073299721405192 ], [ 143.750392775906107, 43.075940279320605 ], [ 143.752192217696916, 43.078995000219265 ], [ 143.751736108534715, 43.079926946071851 ], [ 143.753861114798838, 43.080507775013984 ], [ 143.753561387847981, 43.082762775581784 ], [ 143.75633221795772, 43.083648053814784 ], [ 143.754680557262077, 43.090900837903519 ], [ 143.752052776015034, 43.094506945739113 ], [ 143.7560694414517, 43.097508054453328 ], [ 143.754775278356533, 43.099126387173214 ], [ 143.754220271648364, 43.103409721381695 ], [ 143.758334162791584, 43.105062224742028 ], [ 143.759186938626499, 43.10639444085092 ], [ 143.753825005219937, 43.111215279161968 ], [ 143.754083060285211, 43.113581945850285 ], [ 143.75555416229497, 43.114021946355933 ], [ 143.755405550226101, 43.115941387385305 ], [ 143.752965551019543, 43.118315838605213 ], [ 143.753822217321613, 43.120128333156231 ], [ 143.765199727585582, 43.11949583816255 ], [ 143.774476108585759, 43.121778332803956 ], [ 143.779195006044915, 43.11955777537122 ], [ 143.781059169345326, 43.121541667214331 ], [ 143.793720829652784, 43.121302774903313 ], [ 143.794487781386124, 43.12270222522767 ], [ 143.79807360591235, 43.123294999864527 ], [ 143.799950830066905, 43.122236108409822 ], [ 143.803074162942494, 43.123253333374805 ] ] ], [ [ [ 144.357796640402853, 42.987887414073043 ], [ 144.358102969276842, 42.987899919146116 ], [ 144.358909415637186, 42.987574531839357 ], [ 144.357796640402853, 42.987887414073043 ] ] ], [ [ [ 144.359979856185646, 42.989318252535497 ], [ 144.359320777232256, 42.988033441490302 ], [ 144.359200803174758, 42.988073802164422 ], [ 144.359979856185646, 42.989318252535497 ] ] ], [ [ [ 144.341659584222612, 42.989131838363789 ], [ 144.340473384739084, 42.989804279444115 ], [ 144.341768196245425, 42.989276613025424 ], [ 144.341659584222612, 42.989131838363789 ] ] ], [ [ [ 144.311666303657148, 42.988451558792576 ], [ 144.313389143894028, 42.989191865412408 ], [ 144.31834160787912, 42.990739945792029 ], [ 144.313309247224197, 42.989020946559606 ], [ 144.311666303657148, 42.988451558792576 ] ] ], [ [ [ 144.318360920820055, 42.990907467905458 ], [ 144.340380077378882, 42.989821720895861 ], [ 144.318340025971565, 42.990743080828679 ], [ 144.318360920820055, 42.990907467905458 ] ] ], [ [ [ 144.297342424613362, 42.996178288297529 ], [ 144.297178042033238, 42.988431513803505 ], [ 144.297170726048307, 42.996178450175478 ], [ 144.297342424613362, 42.996178288297529 ] ] ], [ [ [ 144.313650245862391, 42.993520892375443 ], [ 144.313438832336374, 42.994240108094687 ], [ 144.313649169373889, 42.994240359904836 ], [ 144.313650245862391, 42.993520892375443 ] ] ], [ [ [ 144.144653332385587, 43.530870000350376 ], [ 144.144754721053687, 43.529963613230336 ], [ 144.148257223392307, 43.527987505019496 ], [ 144.154728053257259, 43.527625838162066 ], [ 144.158758884814915, 43.525709441337824 ], [ 144.16383944193683, 43.525306107990673 ], [ 144.168243060469081, 43.520535558869085 ], [ 144.172060557548889, 43.519330000579203 ], [ 144.175315550272558, 43.517114170882451 ], [ 144.180439999706437, 43.510252775345464 ], [ 144.18545277582507, 43.51486999995069 ], [ 144.189885005388874, 43.521603892305961 ], [ 144.197423605715016, 43.525343613317261 ], [ 144.20121500536834, 43.525156108267936 ], [ 144.20331111461644, 43.522145838160043 ], [ 144.205508885027257, 43.521091387557647 ], [ 144.211558053361614, 43.520036945948448 ], [ 144.216122775545841, 43.520144171216714 ], [ 144.217529169535737, 43.517967225507221 ], [ 144.219393605330765, 43.517131387503696 ], [ 144.220320557248101, 43.517954170948371 ], [ 144.220653890964513, 43.520089441174946 ], [ 144.22277333222371, 43.520896667247541 ], [ 144.226150557202686, 43.518930838287702 ], [ 144.235837781788405, 43.515986108072582 ], [ 144.239056108252953, 43.515898054551769 ], [ 144.239415836172043, 43.513583053914999 ], [ 144.246683605664089, 43.512182224929916 ], [ 144.247060271414625, 43.510863333176474 ], [ 144.245751387316886, 43.507940279320621 ], [ 144.240225836653167, 43.506140838429133 ], [ 144.240585278587901, 43.502727225081514 ], [ 144.238177781779427, 43.502147505003506 ], [ 144.236879169738017, 43.499088891839051 ], [ 144.238634448521111, 43.496660278948866 ], [ 144.236186938176843, 43.496608333208201 ], [ 144.233746108895957, 43.494965838402891 ], [ 144.234289441504757, 43.493691387547642 ], [ 144.237804720511576, 43.491056667131659 ], [ 144.236157223677083, 43.489586108312437 ], [ 144.235173332983095, 43.487178613302547 ], [ 144.230918340009566, 43.48346166672269 ], [ 144.230550271777815, 43.481208333497932 ], [ 144.236150829497319, 43.4764658378283 ], [ 144.237200829354947, 43.472374170731541 ], [ 144.232012217789816, 43.468596946192292 ], [ 144.229130271944655, 43.468292504995304 ], [ 144.228613061044143, 43.466727225081513 ], [ 144.228715550482434, 43.46577055956385 ], [ 144.231177223350301, 43.464623054310664 ], [ 144.231782775554848, 43.462757225465737 ], [ 144.234060557748762, 43.461758892559033 ], [ 144.234715278587373, 43.459958892289194 ], [ 144.236256666212398, 43.458955279462771 ], [ 144.235700829429902, 43.456615279471748 ], [ 144.236261672738237, 43.454750838280745 ], [ 144.237681672571284, 43.453763333211441 ], [ 144.234086666866347, 43.45116277534197 ], [ 144.232591945961758, 43.447911108311189 ], [ 144.230559169670073, 43.447591946111572 ], [ 144.229800557350018, 43.444927225211416 ], [ 144.232303605327274, 43.444677505062998 ], [ 144.232678611828646, 43.442941387235408 ], [ 144.235570829730136, 43.441111667069947 ], [ 144.235150557652332, 43.439952225115292 ], [ 144.238403890227573, 43.435952775400438 ], [ 144.238122775645706, 43.434681946115063 ], [ 144.235983891043929, 43.433623053761096 ], [ 144.232071114390578, 43.434241108340643 ], [ 144.23052250251169, 43.433539720781653 ], [ 144.227015836311921, 43.4287450005815 ], [ 144.227241672265563, 43.42762722511651 ], [ 144.221526666822342, 43.425255559096968 ], [ 144.219832775762143, 43.421460838247242 ], [ 144.217704162317432, 43.42012083850608 ], [ 144.213243060918671, 43.419242225148764 ], [ 144.209898884226277, 43.41359417153393 ], [ 144.205973605197869, 43.411191666862123 ], [ 144.206335836829567, 43.40826889179607 ], [ 144.20157416221798, 43.405595000509038 ], [ 144.199106393745296, 43.401554171188195 ], [ 144.190003060293179, 43.397228892599458 ], [ 144.180149169748574, 43.391016946075354 ], [ 144.178813332969071, 43.388017775400158 ], [ 144.179641672425419, 43.384358612959772 ], [ 144.180591672168134, 43.383306945759102 ], [ 144.177241672365426, 43.38117333298311 ], [ 144.175521388001812, 43.37666638684442 ], [ 144.171796393389059, 43.375198053847271 ], [ 144.170014720403174, 43.373540838039389 ], [ 144.168863060282206, 43.371753332950107 ], [ 144.169124448234925, 43.370199171354841 ], [ 144.167764448470734, 43.371576386840957 ], [ 144.165957496441479, 43.371865559348237 ], [ 144.163738884242321, 43.369976386801 ], [ 144.160984162789077, 43.369218613548355 ], [ 144.159145837010897, 43.367298333451515 ], [ 144.159040829470882, 43.363216666815902 ], [ 144.151860557718692, 43.358663613335239 ], [ 144.153831672893602, 43.356735559498645 ], [ 144.154969999665923, 43.353894720764913 ], [ 144.153502775532843, 43.351384721028239 ], [ 144.150232217343159, 43.350283054219744 ], [ 144.151543890238486, 43.346618054279929 ], [ 144.150665005285987, 43.343242504737987 ], [ 144.148924448404728, 43.342263332786729 ], [ 144.149902217413569, 43.341089170728822 ], [ 144.149848884918242, 43.338619440834691 ], [ 144.146488884654445, 43.336010279151253 ], [ 144.142616666526123, 43.336692504855364 ], [ 144.142447496854629, 43.332073054428065 ], [ 144.143775550901182, 43.327521667391181 ], [ 144.148020557802624, 43.321777505028024 ], [ 144.148499727380681, 43.319814441483459 ], [ 144.145046393676353, 43.323178612802906 ], [ 144.141645836686166, 43.323001387004581 ], [ 144.139568053822813, 43.3238711078655 ], [ 144.134318611215122, 43.32094417073705 ], [ 144.129501387279333, 43.320428333101233 ], [ 144.129683605214382, 43.318637225327848 ], [ 144.131412775779154, 43.316845559075432 ], [ 144.129855836178081, 43.312616945915465 ], [ 144.127923605889919, 43.310231666858101 ], [ 144.128851114487475, 43.303451107782564 ], [ 144.133051387311866, 43.299394441400523 ], [ 144.135796108303907, 43.29772277528599 ], [ 144.140558339595827, 43.29646527934932 ], [ 144.147706108949933, 43.291273612787165 ], [ 144.151224448349808, 43.281777225238898 ], [ 144.153171945529039, 43.279777505327786 ], [ 144.153880271357593, 43.277457224771297 ], [ 144.157193060811323, 43.273822505004773 ], [ 144.159606938309707, 43.273377225478725 ], [ 144.159856666552059, 43.271510278776532 ], [ 144.161413890338963, 43.269708333273115 ], [ 144.167785837046949, 43.266037225138007 ], [ 144.16898333291465, 43.264097225606633 ], [ 144.171420829307976, 43.26452722475176 ], [ 144.171113605608639, 43.262816108077118 ], [ 144.173813890199085, 43.262483054049881 ], [ 144.176324162430319, 43.259847775154867 ], [ 144.178917496945132, 43.261024721513877 ], [ 144.182464448275823, 43.25778333283472 ], [ 144.186443060698821, 43.256905559444192 ], [ 144.192061114728858, 43.252517224890198 ], [ 144.198531945493073, 43.251419441354301 ], [ 144.199098339416992, 43.248435837943759 ], [ 144.200886108906957, 43.248411108386108 ], [ 144.201763890391362, 43.246827225096524 ], [ 144.203785837046894, 43.245946946194806 ], [ 144.20410666658961, 43.244254721578329 ], [ 144.207459999279763, 43.241063613095434 ], [ 144.206421946016121, 43.238732505600808 ], [ 144.206243891042959, 43.234993333175964 ], [ 144.214106393895122, 43.231398892245238 ], [ 144.215171672335032, 43.229286387456966 ], [ 144.216667781792921, 43.228460838597016 ], [ 144.217105837064878, 43.226476945854529 ], [ 144.219901945318725, 43.225204171335633 ], [ 144.220271945294257, 43.222681386836712 ], [ 144.218189169394805, 43.221465279499228 ], [ 144.21900138760418, 43.2202216672963 ], [ 144.218349441173928, 43.21828333330933 ], [ 144.220299442065766, 43.217545279491219 ], [ 144.221274448357235, 43.215137225103035 ], [ 144.223506393905154, 43.214045279066568 ], [ 144.224650557277528, 43.212007505242354 ], [ 144.222610271646886, 43.209827775231815 ], [ 144.224418339734825, 43.207654441199679 ], [ 144.223917224000843, 43.205023333360316 ], [ 144.226729441810448, 43.200968333421997 ], [ 144.228090557633323, 43.197529171234407 ], [ 144.227860271834288, 43.196305837844307 ], [ 144.23043999960646, 43.195105559474143 ], [ 144.232735005616178, 43.192465279449266 ], [ 144.23185749662639, 43.191862775047184 ], [ 144.232270557940069, 43.189107505007541 ], [ 144.235348884243763, 43.186004720741437 ], [ 144.23424749622518, 43.183621667506145 ], [ 144.240510271532003, 43.180101667058466 ], [ 144.24038610843229, 43.179051945990693 ], [ 144.238790829833079, 43.178054721048682 ], [ 144.237416666646027, 43.174484441304116 ], [ 144.23903277534248, 43.173146386796475 ], [ 144.243676938240242, 43.172485278972601 ], [ 144.244695005869971, 43.170433892110623 ], [ 144.242601387744003, 43.164177224999094 ], [ 144.245392775456367, 43.163018891908507 ], [ 144.248984162289389, 43.163686667306024 ], [ 144.251015278432533, 43.163181667400181 ], [ 144.253471114700346, 43.160484171607379 ], [ 144.250927224012344, 43.156901386789741 ], [ 144.251908884387717, 43.154204171585434 ], [ 144.25147138759462, 43.15243861355134 ], [ 144.248869999650992, 43.150740838319223 ], [ 144.252089169679607, 43.14636666718809 ], [ 144.251318611664828, 43.142284171377582 ], [ 144.256341672430381, 43.137503892490827 ], [ 144.257216938511078, 43.135030279324099 ], [ 144.258878339763783, 43.134045838245015 ], [ 144.25870666637968, 43.130968054232483 ], [ 144.263601945173832, 43.130348612898331 ], [ 144.264956108337856, 43.129036386919893 ], [ 144.265300271690421, 43.126708613212088 ], [ 144.262977781499558, 43.120667224912665 ], [ 144.263253890454848, 43.118396945762584 ], [ 144.264972502978821, 43.11674610794671 ], [ 144.264331945563072, 43.114663054156779 ], [ 144.267769441306882, 43.112731108054334 ], [ 144.268858053556528, 43.10965361272423 ], [ 144.269728053207245, 43.109299171020098 ], [ 144.269516938256288, 43.107703333042537 ], [ 144.271821672232591, 43.104359999914209 ], [ 144.279363060457058, 43.100584440919363 ], [ 144.279318611464873, 43.098845000096844 ], [ 144.276907496683748, 43.097673332758291 ], [ 144.276829727809854, 43.096673613096925 ], [ 144.277886938431607, 43.094575000136331 ], [ 144.280790557938076, 43.093668613016234 ], [ 144.28387639358084, 43.09085138688215 ], [ 144.282728339741311, 43.088606946153789 ], [ 144.28319944150121, 43.087070558759422 ], [ 144.287798053737333, 43.087476946204276 ], [ 144.288836666379211, 43.085806666844348 ], [ 144.288940829455896, 43.082588333185186 ], [ 144.298752502226421, 43.080672225043315 ], [ 144.300304448791508, 43.081109720937036 ], [ 144.303424162795068, 43.07724055960432 ], [ 144.307433890861603, 43.078886387297075 ], [ 144.310553605764426, 43.077683613308295 ], [ 144.313157496521399, 43.078360837882542 ], [ 144.315074162242922, 43.077209999741854 ], [ 144.321068339732278, 43.076642505047744 ], [ 144.323426938602552, 43.082501107939947 ], [ 144.327113890993473, 43.084797774997469 ], [ 144.398817496930064, 43.072752505523852 ], [ 144.398684721023187, 43.071460838047415 ], [ 144.403189727324275, 43.068745279371285 ], [ 144.403296666608071, 43.066925279078532 ], [ 144.406903060428021, 43.066745559460173 ], [ 144.410199727735403, 43.064673053818524 ], [ 144.410387223791531, 43.063735837938736 ], [ 144.408314720847898, 43.062563891810328 ], [ 144.409695005720096, 43.06129861314065 ], [ 144.411340557321068, 43.060585278987617 ], [ 144.414933890286989, 43.061408054338415 ], [ 144.415173605477662, 43.059405837909253 ], [ 144.417704720396728, 43.057481667345257 ], [ 144.417793605790507, 43.05221638677699 ], [ 144.422071946063625, 43.048886108207512 ], [ 144.426998611197178, 43.047753892328444 ], [ 144.426011945195341, 43.04643110830915 ], [ 144.421588053246182, 43.045272224833468 ], [ 144.417911114806316, 43.045506387609862 ], [ 144.421965550869686, 43.04261638743651 ], [ 144.420494448859927, 43.042189441489711 ], [ 144.421864162201473, 43.040538613566355 ], [ 144.420005005426788, 43.039965838053149 ], [ 144.419999727305708, 43.037806946233729 ], [ 144.422687223536741, 43.03664027912572 ], [ 144.422468611837189, 43.028849721137874 ], [ 144.425507223180034, 43.027524170803986 ], [ 144.425572775663227, 43.026089440975113 ], [ 144.420549999982654, 43.022844999996892 ], [ 144.419925862388823, 43.023273802144445 ], [ 144.397630829799141, 43.008860838057387 ], [ 144.397625550778685, 43.007011946144587 ], [ 144.398904162797066, 43.006171107910461 ], [ 144.398495550429516, 43.003064441271135 ], [ 144.399152502486231, 43.001668892205771 ], [ 144.402037497033007, 43.000568891841056 ], [ 144.404266393879197, 42.996843054563499 ], [ 144.41633306092217, 43.001622225485505 ], [ 144.418855550443482, 43.000130838367681 ], [ 144.421175550411476, 43.000107775253809 ], [ 144.420751672951496, 42.998973053863494 ], [ 144.424285836822037, 42.99649110847804 ], [ 144.427951114652387, 42.997048332914403 ], [ 144.433600271735372, 42.994878333568408 ], [ 144.438229999614919, 42.995787504989551 ], [ 144.441012502924877, 42.995270559388985 ], [ 144.438788611705263, 42.989907775223799 ], [ 144.442330271425021, 42.986757225265876 ], [ 144.444015005588199, 42.986154171378075 ], [ 144.447413332259657, 42.982691107908465 ], [ 144.450695278564467, 42.981432775602286 ], [ 144.451447223310879, 42.979427505075478 ], [ 144.454865550904628, 42.980099721325246 ], [ 144.45634805361999, 42.978250838405643 ], [ 144.459721945711408, 42.976952774950746 ], [ 144.460034448431202, 42.975809721341761 ], [ 144.4628086114285, 42.975514441538394 ], [ 144.46454610881608, 42.973108333283108 ], [ 144.468531114519465, 42.971119171412795 ], [ 144.471316939025655, 42.970773053833511 ], [ 144.476455550983019, 42.966884171267679 ], [ 144.477590829952987, 42.9633713869801 ], [ 144.480986666401691, 42.962564441495942 ], [ 144.480757781746433, 42.960830278794504 ], [ 144.482028611931128, 42.959131387503703 ], [ 144.480202502543648, 42.956145559170409 ], [ 144.481617223356352, 42.954729721399701 ], [ 144.482606393970059, 42.951314721297535 ], [ 144.485198053947215, 42.949701946387904 ], [ 144.483458053746403, 42.947976667189607 ], [ 144.483255836687704, 42.946103053813033 ], [ 144.483388611695204, 42.944642224759036 ], [ 144.485646666360708, 42.941306107790808 ], [ 144.485734292703569, 42.939412297439731 ], [ 144.477466743295736, 42.941907505127404 ], [ 144.470952697409189, 42.942123864924611 ], [ 144.466629882962934, 42.943930387077842 ], [ 144.461212580995948, 42.944899278878779 ], [ 144.450317223361367, 42.94359413506146 ], [ 144.448574889419774, 42.944381837751791 ], [ 144.447240803620389, 42.943835612923351 ], [ 144.445773838492073, 42.944274667342199 ], [ 144.448365330295928, 42.944439639877658 ], [ 144.447200401577447, 42.945765423135924 ], [ 144.446309973826374, 42.945402026882221 ], [ 144.446440532005113, 42.944689802492576 ], [ 144.445137301945124, 42.945656279613786 ], [ 144.446890245188797, 42.946037693784717 ], [ 144.445113838632892, 42.9473795865988 ], [ 144.443669415911017, 42.94657325175433 ], [ 144.444751088991779, 42.944769027368864 ], [ 144.443232048620303, 42.946804999851054 ], [ 144.44322158141108, 42.948623865199409 ], [ 144.44127878049153, 42.949240999772485 ], [ 144.44106461683873, 42.950444720747441 ], [ 144.439487496450965, 42.952051225583773 ], [ 144.422977977052142, 42.952457532089625 ], [ 144.414410310387666, 42.956635333553947 ], [ 144.411776938954745, 42.956419613174774 ], [ 144.404560609784539, 42.957766441468266 ], [ 144.396175887707273, 42.961658865564345 ], [ 144.394307107287318, 42.963595667106517 ], [ 144.393965939576674, 42.965417108113229 ], [ 144.393230143056826, 42.965073612957042 ], [ 144.39358025902186, 42.965650189005203 ], [ 144.393158961716836, 42.965140586369159 ], [ 144.393189636692568, 42.964997667008902 ], [ 144.386878884353223, 42.965794360221707 ], [ 144.393065109367512, 42.965263946374193 ], [ 144.393880271957187, 42.966112387476869 ], [ 144.391681581539956, 42.966998359986519 ], [ 144.390557250017309, 42.966569333008465 ], [ 144.391495083731343, 42.967615972998942 ], [ 144.390278780341646, 42.968203640385866 ], [ 144.388836640998306, 42.966280306191322 ], [ 144.388079493673899, 42.96646874833425 ], [ 144.387724474604966, 42.967454387310283 ], [ 144.38955486386601, 42.969103504723137 ], [ 144.38831319060148, 42.969452946196668 ], [ 144.383325576614197, 42.969533865395761 ], [ 144.379649104922464, 42.967946080847128 ], [ 144.374568417398677, 42.967471000486455 ], [ 144.368267587279547, 42.968909892377781 ], [ 144.367367885719545, 42.970512531927966 ], [ 144.36264014252879, 42.97049702761592 ], [ 144.361754694323849, 42.971066919003249 ], [ 144.35751316420135, 42.975589134730967 ], [ 144.361617107943403, 42.971345613509413 ], [ 144.365822087819311, 42.971665333288684 ], [ 144.365678029018, 42.974080558870867 ], [ 144.36694936372237, 42.974784973547855 ], [ 144.368740998498424, 42.973735333419086 ], [ 144.369787562046554, 42.974409973341778 ], [ 144.369124422654181, 42.975165694341513 ], [ 144.37009408517406, 42.974292413963894 ], [ 144.370852995169798, 42.974750107731438 ], [ 144.369182334497282, 42.976467559230628 ], [ 144.368550245997199, 42.976175640193787 ], [ 144.368920583218483, 42.976841332761467 ], [ 144.370526251685305, 42.975363721458734 ], [ 144.371193721313375, 42.975756333088441 ], [ 144.370839688800743, 42.977220387111345 ], [ 144.37150177688568, 42.97524061326385 ], [ 144.372838053433611, 42.975757279175241 ], [ 144.372419052997088, 42.976952171505673 ], [ 144.371569804303249, 42.976841080951317 ], [ 144.372341633959422, 42.976984027291167 ], [ 144.372081050899965, 42.97802533340257 ], [ 144.369944643030976, 42.977381135531118 ], [ 144.372070972197776, 42.978065135597717 ], [ 144.370798300201614, 42.980623360579784 ], [ 144.369985939899379, 42.98079122533494 ], [ 144.371729221726355, 42.985627720842785 ], [ 144.369713579318386, 42.986510559215105 ], [ 144.368937807933662, 42.984195946186162 ], [ 144.367445252596553, 42.984487640392445 ], [ 144.368736354399402, 42.98795725182589 ], [ 144.365718196337866, 42.990327639908799 ], [ 144.364156692677398, 42.986468972765067 ], [ 144.361709169742539, 42.986958414399453 ], [ 144.362791439973194, 42.98996774831312 ], [ 144.360098754654018, 42.992253108194575 ], [ 144.362072282709846, 42.991217081103571 ], [ 144.363553747607511, 42.992181505072551 ], [ 144.363784501054056, 42.993552333573518 ], [ 144.362785383039181, 42.993633359791886 ], [ 144.363300946381742, 42.993961694177017 ], [ 144.362614746573513, 42.994542414301122 ], [ 144.36147508340855, 42.993806946033885 ], [ 144.359846614429898, 42.995278612817913 ], [ 144.357066004192916, 42.993523171257493 ], [ 144.359970777529497, 42.989319080811072 ], [ 144.35663581079416, 42.994097918983925 ], [ 144.357098235895023, 42.994404054503661 ], [ 144.352576640699567, 42.996073036141865 ], [ 144.343601607228607, 42.99114005417033 ], [ 144.341500388931991, 42.990358278911629 ], [ 144.350803773875214, 42.995165306334002 ], [ 144.34971350147714, 42.995545251912006 ], [ 144.350905641882036, 42.995218054269969 ], [ 144.353330142172467, 42.996824532126595 ], [ 144.351957444880327, 42.997823053891011 ], [ 144.350736588223185, 42.996679748471763 ], [ 144.35141066067365, 42.997369360307914 ], [ 144.349789169534688, 42.99796036058234 ], [ 144.348273306468059, 42.996527054380238 ], [ 144.34816944196632, 42.995155721359595 ], [ 144.344485615618851, 42.996693278771943 ], [ 144.340587055448395, 42.993887224915682 ], [ 144.337423773788259, 42.994517171230655 ], [ 144.340241996371219, 42.999200973546237 ], [ 144.336972554240219, 42.999623559579788 ], [ 144.334587859742101, 42.99567158597506 ], [ 144.328782217925209, 42.996408531828422 ], [ 144.33050072522849, 42.999246134801467 ], [ 144.329971413949806, 42.999481946035132 ], [ 144.331179078451896, 43.000366279080708 ], [ 144.328688339495443, 43.000686171529765 ], [ 144.328187612268721, 42.999859198143668 ], [ 144.328719610721691, 42.999636279590788 ], [ 144.328154305876637, 42.999804108373041 ], [ 144.326290751417218, 42.996726747941239 ], [ 144.32265702989821, 42.997202197923286 ], [ 144.323735693847425, 43.001317748315614 ], [ 144.320080117003954, 43.00161441397421 ], [ 144.318909143942051, 42.997219892084502 ], [ 144.314366640408252, 42.997680027511421 ], [ 144.314228741963007, 42.994463063519731 ], [ 144.314268248281223, 43.00235963988564 ], [ 144.305546082585806, 43.003524323988529 ], [ 144.304657886052723, 43.003397676062093 ], [ 144.304536199686027, 43.001527900992016 ], [ 144.297354487219991, 43.001417766416978 ], [ 144.297171530042306, 43.000437026947395 ], [ 144.296745874622616, 43.003278081518431 ], [ 144.286433293861592, 43.004129946340129 ], [ 144.271732334479793, 43.003760712586995 ], [ 144.270696471964811, 43.00339664903629 ], [ 144.271230881500173, 43.002965810823696 ], [ 144.271174811468541, 43.002940342023351 ], [ 144.270397340365093, 43.003440658259933 ], [ 144.263045096654082, 43.002510522742625 ], [ 144.228571478191384, 42.997256044830749 ], [ 144.22210250272849, 43.005977224869184 ], [ 144.215795836908569, 43.00406583816806 ], [ 144.213686393412559, 43.006482224775027 ], [ 144.223116393906594, 43.028349721462632 ], [ 144.167128340001113, 43.042169999945713 ], [ 144.154797496207607, 43.061458892114331 ], [ 144.153893890690711, 43.058308054373356 ], [ 144.152401945993233, 43.056876107946209 ], [ 144.14693360570152, 43.054868332807473 ], [ 144.144124162300386, 43.055678054498799 ], [ 144.140296666558129, 43.05497999982731 ], [ 144.139125005514757, 43.056610000351384 ], [ 144.135781114806832, 43.057570559034218 ], [ 144.133182502170939, 43.056940279070773 ], [ 144.131075836680679, 43.058171666789178 ], [ 144.128081387446286, 43.057765559033498 ], [ 144.126766108269408, 43.059788892443578 ], [ 144.124383605419212, 43.060788613004263 ], [ 144.120289999384113, 43.060556945846542 ], [ 144.117559999394643, 43.057115838425375 ], [ 144.113188053186263, 43.054739441072513 ], [ 144.110999727455692, 43.055613332989083 ], [ 144.111745550516957, 43.057674170826488 ], [ 144.110376938844865, 43.058496667387431 ], [ 144.107142775318948, 43.059244171281648 ], [ 144.102526108293432, 43.06177250549689 ], [ 144.096401672999036, 43.062619441134473 ], [ 144.094238611922606, 43.066443612982539 ], [ 144.093818053860332, 43.069246387011333 ], [ 144.091758053291755, 43.070113613152898 ], [ 144.090698053872302, 43.072720000427864 ], [ 144.087616108696693, 43.074671666864106 ], [ 144.087519727453582, 43.076839171490747 ], [ 144.089363332252105, 43.078020279012833 ], [ 144.088739169477321, 43.081005558759671 ], [ 144.086681946015119, 43.082376666949813 ], [ 144.085942217659408, 43.084914999827561 ], [ 144.083060557798717, 43.086757775451133 ], [ 144.084021945656445, 43.088847775604506 ], [ 144.081413060964223, 43.091045559505119 ], [ 144.081597781712389, 43.09292333314545 ], [ 144.079710829591249, 43.09727861311768 ], [ 144.08047805381932, 43.099625559472145 ], [ 144.082183890574242, 43.101038054462833 ], [ 144.079638339737812, 43.102270279450011 ], [ 144.079127782021715, 43.10383166709795 ], [ 144.078699169631136, 43.106571386960127 ], [ 144.079606394020061, 43.107307224848739 ], [ 144.079998884241263, 43.109532224932423 ], [ 144.079091114863218, 43.117534441061764 ], [ 144.076531945593047, 43.117687775470642 ], [ 144.073954449038752, 43.119903333572154 ], [ 144.070199441351292, 43.121045279216446 ], [ 144.064521114757781, 43.125504170980889 ], [ 144.060283060514962, 43.125011945944721 ], [ 144.057759727429698, 43.12759805440686 ], [ 144.051170557575347, 43.127941107995923 ], [ 144.050213605173894, 43.129285838171086 ], [ 144.048705836905015, 43.129091946136555 ], [ 144.047270271605953, 43.129917504889079 ], [ 144.043876393880623, 43.133095000334151 ], [ 144.040270000060673, 43.133546108366374 ], [ 144.038081114951638, 43.135504721166114 ], [ 144.036212217619891, 43.136041666789652 ], [ 144.036379169563247, 43.137314441308604 ], [ 144.034885278732759, 43.139119721498105 ], [ 144.032989727294307, 43.139729171364309 ], [ 144.031508611333493, 43.143375558935077 ], [ 144.034451672406931, 43.14468944146472 ], [ 144.034857223482277, 43.146891667116904 ], [ 144.033661387763004, 43.149423891799358 ], [ 144.034866938858272, 43.153285279392321 ], [ 144.033418053700416, 43.155568891890994 ], [ 144.031653332935093, 43.156579720877573 ], [ 144.032140557740718, 43.158868053917729 ], [ 144.034758339426048, 43.162041108510493 ], [ 144.034275278481459, 43.162722505039767 ], [ 144.031490271459006, 43.164238892411106 ], [ 144.02980250298333, 43.163548333588892 ], [ 144.026968053932706, 43.163827775431685 ], [ 144.026462217657354, 43.164775838034643 ], [ 144.027843332603879, 43.166387225290407 ], [ 144.025173605177883, 43.167749721572534 ], [ 144.022221945686397, 43.172562775351992 ], [ 144.019939728036206, 43.174758891909505 ], [ 144.018477496939113, 43.173903333572127 ], [ 144.015595005205455, 43.176473333377828 ], [ 144.013415550387549, 43.176140279350591 ], [ 144.01168639331263, 43.177496667437424 ], [ 144.008168884886345, 43.177272225433001 ], [ 144.004015550377517, 43.178680838050411 ], [ 144.002159169810056, 43.177944170986848 ], [ 143.997557496281615, 43.180256387322572 ], [ 143.994856938297289, 43.180621387067504 ], [ 143.992791672198109, 43.182376387060799 ], [ 143.992874720991722, 43.186804171275639 ], [ 143.991968611762218, 43.187646387271116 ], [ 143.99203389085153, 43.189920838376167 ], [ 143.989951945925782, 43.192329171554206 ], [ 143.989611673040486, 43.19668027957141 ], [ 143.98799555085418, 43.198885838111096 ], [ 143.989582776024463, 43.201337505121955 ], [ 143.989797496357596, 43.203136387534414 ], [ 143.99166833982224, 43.204891667216827 ], [ 143.985728339291654, 43.213036108429833 ], [ 143.986122775645754, 43.21395638737755 ], [ 143.985185005783592, 43.217320559596317 ], [ 143.983201945813335, 43.220195279388804 ], [ 143.982888611220574, 43.222224720994234 ], [ 143.983991387792457, 43.223358891999453 ], [ 143.982379442057777, 43.225190559197131 ], [ 143.984272217289231, 43.227532775117652 ], [ 143.982179727812422, 43.231044170851987 ], [ 143.979798611716774, 43.232911108560984 ], [ 143.97959500520551, 43.234775558745184 ], [ 143.977888339275637, 43.235819441414264 ], [ 143.97714500553775, 43.238614440803985 ], [ 143.974532775367493, 43.240580278757022 ], [ 143.974878053879252, 43.24221583799067 ], [ 143.968391387852421, 43.244971386820225 ], [ 143.963890558003072, 43.245888054090585 ], [ 143.962110557756205, 43.249841667159387 ], [ 143.962718611874607, 43.251340279430508 ], [ 143.962238053743363, 43.252039441167426 ], [ 143.962672775228611, 43.253353892068617 ], [ 143.964067496917664, 43.254053891973683 ], [ 143.963626393843128, 43.255426946296723 ], [ 143.965070271575996, 43.256559440965589 ], [ 143.966217223746071, 43.25610250532651 ], [ 143.965848053844752, 43.257017505253827 ], [ 143.966671672759617, 43.258820838411111 ], [ 143.961217781875348, 43.261441945789329 ], [ 143.960708611813175, 43.263155279292846 ], [ 143.961459727384636, 43.264576666779931 ], [ 143.960331672668758, 43.266496945977451 ], [ 143.964655551013038, 43.268579720977527 ], [ 143.966069999331239, 43.270635559483651 ], [ 143.965457223772091, 43.273029721144894 ], [ 143.967326108513248, 43.275313892122597 ], [ 143.967598053607503, 43.27951610838187 ], [ 143.969231114524518, 43.280775000066342 ], [ 143.969124162650132, 43.282707224958642 ], [ 143.97789972739065, 43.285337224833199 ], [ 143.98120500570667, 43.289014171367057 ], [ 143.985910271242233, 43.290676945884513 ], [ 143.987305005521762, 43.292261386753751 ], [ 143.987783605828895, 43.295921667051459 ], [ 143.990634162636638, 43.300515279057038 ], [ 143.990113890443922, 43.304316108102057 ], [ 143.991756666736933, 43.306168054112561 ], [ 143.999549441553654, 43.308340558969803 ], [ 144.003154720214297, 43.306727505270317 ], [ 144.008625278234149, 43.307865559548077 ], [ 144.008690557323575, 43.310449999767854 ], [ 144.006626938782347, 43.311918332765003 ], [ 144.008976938335195, 43.315615837800863 ], [ 144.010469999990733, 43.316612225473989 ], [ 144.009877223555236, 43.321998333556394 ], [ 144.021002502763508, 43.326823333030575 ], [ 144.017458339331029, 43.332998613295558 ], [ 144.018976108960487, 43.335326946381656 ], [ 144.026068053797871, 43.337218892438102 ], [ 144.024255550253656, 43.339463333166464 ], [ 144.026295550799205, 43.341886387347074 ], [ 144.024046939015193, 43.34321805397019 ], [ 144.023850271672927, 43.344762505585322 ], [ 144.026543890488369, 43.346681946614694 ], [ 144.028799999920238, 43.349831108019373 ], [ 144.031943060324124, 43.350107225068541 ], [ 144.033605550655807, 43.351313054054344 ], [ 144.030826666217877, 43.360920279447498 ], [ 144.022506939044206, 43.368148612768437 ], [ 144.020961387558145, 43.371339441562156 ], [ 144.017838884756884, 43.373698613300519 ], [ 144.008115836576735, 43.37522610819849 ], [ 144.010255005364343, 43.381554721073712 ], [ 144.004696666318296, 43.383524171603426 ], [ 144.003608053169273, 43.385215279261899 ], [ 144.004144720902332, 43.38702222499586 ], [ 144.007115550342519, 43.387889441244909 ], [ 144.011485005428881, 43.385228613509867 ], [ 144.015477223695143, 43.385336667053707 ], [ 144.019625005789521, 43.386909171221419 ], [ 144.027121387442207, 43.392006667074213 ], [ 144.0243041622075, 43.393295279553683 ], [ 144.022194720510129, 43.395957504835167 ], [ 144.022957781776427, 43.397967504896599 ], [ 144.025476666814939, 43.400548053749844 ], [ 144.026620829288049, 43.404080279581422 ], [ 144.026403332747805, 43.406907775073932 ], [ 144.029158053301671, 43.411071387035065 ], [ 144.028753060705412, 43.416202225252675 ], [ 144.029791945841794, 43.42053500058995 ], [ 144.028224448199921, 43.426572775413433 ], [ 144.026513605818423, 43.428293892549277 ], [ 144.015415550887155, 43.427622224885909 ], [ 144.011483605184367, 43.429803892036148 ], [ 144.009217781275765, 43.43251694610035 ], [ 144.003827496741792, 43.435625838561748 ], [ 144.003212775949009, 43.436841945899232 ], [ 144.003566938863287, 43.438614999782601 ], [ 144.002126939007212, 43.439948613437934 ], [ 144.00041082929647, 43.443731667382735 ], [ 144.002019999723416, 43.446156108317894 ], [ 144.004439169732109, 43.447944721371982 ], [ 144.005103060957708, 43.449843054413577 ], [ 144.004480271447505, 43.452608333008357 ], [ 143.999514448932814, 43.459776667159645 ], [ 143.998821387297312, 43.4649455592903 ], [ 144.014031387238902, 43.462659720969498 ], [ 144.019660829383952, 43.461087224895664 ], [ 144.028311114966186, 43.461332225402032 ], [ 144.032086666766418, 43.463668054337404 ], [ 144.039997496487445, 43.464139441182454 ], [ 144.045126666462693, 43.470248333493942 ], [ 144.051173060388578, 43.46958694598095 ], [ 144.060718611175162, 43.472625559122434 ], [ 144.064840557545836, 43.47475555932175 ], [ 144.071535005636179, 43.474607225143473 ], [ 144.071053332345627, 43.478827774981994 ], [ 144.072415031828427, 43.482830080943643 ], [ 144.078119727443664, 43.490571946038642 ], [ 144.073146108706169, 43.493707225508217 ], [ 144.071424720874347, 43.501826107988677 ], [ 144.077792502821922, 43.50773500007034 ], [ 144.082301114504958, 43.515069440802222 ], [ 144.089012775619267, 43.514690279433012 ], [ 144.095431114754319, 43.516550278872444 ], [ 144.099872503013785, 43.514185279527169 ], [ 144.104305005971469, 43.513016387496464 ], [ 144.111061672758183, 43.512429721054957 ], [ 144.115141672950017, 43.513991387492695 ], [ 144.122642217564476, 43.511793054106306 ], [ 144.123715005343456, 43.512730559567842 ], [ 144.128972217194246, 43.514006387285121 ], [ 144.130308053973636, 43.516386667011261 ], [ 144.1326283399261, 43.517118332944904 ], [ 144.133802217798348, 43.522438332762988 ], [ 144.133297223288423, 43.524333892295488 ], [ 144.134414448368261, 43.526716387051806 ], [ 144.13796360573599, 43.528120000337935 ], [ 144.139718884519084, 43.530776108430814 ], [ 144.144653332385587, 43.530870000350376 ] ] ], [ [ [ 144.446269532213364, 42.94158566744477 ], [ 144.4463316079175, 42.941690720850261 ], [ 144.446369753561498, 42.941623224932073 ], [ 144.446269532213364, 42.94158566744477 ] ] ], [ [ [ 144.445875446594755, 42.941734721080707 ], [ 144.44591780736107, 42.941801440883978 ], [ 144.445944941705875, 42.941781505612141 ], [ 144.445875446594755, 42.941734721080707 ] ] ], [ [ [ 144.446084941866729, 42.94172905445248 ], [ 144.446115005303454, 42.941810918838996 ], [ 144.446167029285107, 42.941754748083326 ], [ 144.446084941866729, 42.94172905445248 ] ] ], [ [ [ 144.445539052485515, 42.941763640579723 ], [ 144.445635422037299, 42.941775999962601 ], [ 144.445540466219768, 42.941747531923227 ], [ 144.445539052485515, 42.941763640579723 ] ] ], [ [ [ 144.445880362289017, 42.941818694377389 ], [ 144.445912217175305, 42.941896054059839 ], [ 144.445947522760093, 42.941864946510236 ], [ 144.445880362289017, 42.941818694377389 ] ] ], [ [ [ 144.446082555066027, 42.941855973074837 ], [ 144.446166134459759, 42.941865108388185 ], [ 144.446153773278184, 42.94183138740874 ], [ 144.446082555066027, 42.941855973074837 ] ] ], [ [ [ 144.445563968202805, 42.941820413881146 ], [ 144.445624331597855, 42.941912865086806 ], [ 144.445656251235164, 42.94186013513729 ], [ 144.445563968202805, 42.941820413881146 ] ] ], [ [ [ 144.446672775628258, 42.942375279395776 ], [ 144.446695550959134, 42.942583333054529 ], [ 144.446802775328024, 42.942476387475494 ], [ 144.446672775628258, 42.942375279395776 ] ] ], [ [ [ 144.446671387974334, 42.942722279209988 ], [ 144.446453747542591, 42.942646837781524 ], [ 144.446383332425057, 42.942692532334661 ], [ 144.446567612505532, 42.942808252598923 ], [ 144.446671387974334, 42.942722279209988 ] ] ], [ [ [ 144.446869830578407, 42.94289477547369 ], [ 144.446852191275752, 42.942856198155198 ], [ 144.44681839205532, 42.942866865013968 ], [ 144.446869830578407, 42.94289477547369 ] ] ], [ [ [ 144.440879558844699, 42.949932802357125 ], [ 144.440943280308375, 42.950012000253764 ], [ 144.440955498497601, 42.949918612853878 ], [ 144.440879558844699, 42.949932802357125 ] ] ], [ [ [ 144.44061403401065, 42.950263892264957 ], [ 144.44060953290375, 42.950228694598763 ], [ 144.440590725381867, 42.95025044110514 ], [ 144.44061403401065, 42.950263892264957 ] ] ], [ [ [ 144.440607716273234, 42.950322973226776 ], [ 144.440593670661542, 42.950292999722308 ], [ 144.440572139992469, 42.950304467877061 ], [ 144.440607716273234, 42.950322973226776 ] ] ], [ [ [ 144.424156134797954, 42.952173892211533 ], [ 144.424219921912027, 42.952324134751166 ], [ 144.424286225329183, 42.952239306199203 ], [ 144.424156134797954, 42.952173892211533 ] ] ], [ [ [ 144.424014253255336, 42.952401414393933 ], [ 144.423892580378492, 42.952320837836567 ], [ 144.423833864541393, 42.952408613466901 ], [ 144.424014253255336, 42.952401414393933 ] ] ], [ [ [ 144.368919999558557, 42.975330108397941 ], [ 144.368840557945532, 42.975335864958367 ], [ 144.368886445852922, 42.975361919217391 ], [ 144.368919999558557, 42.975330108397941 ] ] ], [ [ [ 144.44933610887449, 42.941160279123721 ], [ 144.449405005936455, 42.941430278984342 ], [ 144.449519999548556, 42.941239171250913 ], [ 144.44933610887449, 42.941160279123721 ] ] ], [ [ [ 144.449121945221805, 42.941593612955046 ], [ 144.448991673027422, 42.941852225599916 ], [ 144.449251945820833, 42.941706108250457 ], [ 144.449121945221805, 42.941593612955046 ] ] ], [ [ [ 144.451043060788834, 42.941739721311251 ], [ 144.451173332983103, 42.941919721518104 ], [ 144.451280557351993, 42.941807225323373 ], [ 144.451043060788834, 42.941739721311251 ] ] ], [ [ [ 144.447257833182675, 42.941799505542917 ], [ 144.447362826333574, 42.941984225391877 ], [ 144.447550440200871, 42.942026026779899 ], [ 144.447257833182675, 42.941799505542917 ] ] ], [ [ [ 144.450354163014367, 42.941987225530227 ], [ 144.450369727581005, 42.942218054519742 ], [ 144.450484448698489, 42.942128053966655 ], [ 144.450354163014367, 42.941987225530227 ] ] ], [ [ [ 144.447922022983107, 42.942543748495382 ], [ 144.447704059694729, 42.942361838128477 ], [ 144.447522995589907, 42.942487919482062 ], [ 144.447922022983107, 42.942543748495382 ] ] ], [ [ [ 144.447728884580556, 42.942673333607615 ], [ 144.44787416286249, 42.942808333537926 ], [ 144.447943332419072, 42.942645279256396 ], [ 144.447728884580556, 42.942673333607615 ] ] ], [ [ [ 144.446831996999208, 42.942985134856258 ], [ 144.446948611189669, 42.943048413853376 ], [ 144.446837029605376, 42.942947694280861 ], [ 144.446831996999208, 42.942985134856258 ] ] ], [ [ [ 144.447277496859215, 42.943033333122003 ], [ 144.44735389066966, 42.943241667369193 ], [ 144.447484162864043, 42.943157225525681 ], [ 144.447277496859215, 42.943033333122003 ] ] ], [ [ [ 144.454326393848191, 42.9432080543084 ], [ 144.454433605626605, 42.943326108313443 ], [ 144.454456666941837, 42.943241946159048 ], [ 144.454326393848191, 42.9432080543084 ] ] ], [ [ [ 144.452772775443464, 42.943185559566075 ], [ 144.452918339709754, 42.943399440831683 ], [ 144.453017781345693, 42.943303613571061 ], [ 144.452772775443464, 42.943185559566075 ] ] ], [ [ [ 144.450339467192862, 42.943320694394686 ], [ 144.450195031575618, 42.943511721189168 ], [ 144.450274227673617, 42.943527972837842 ], [ 144.450339467192862, 42.943320694394686 ] ] ], [ [ [ 144.455673605252855, 42.943517504729243 ], [ 144.45574250231482, 42.943635558734229 ], [ 144.455788611455432, 42.943568053822787 ], [ 144.455673605252855, 42.943517504729243 ] ] ], [ [ [ 144.454556108577776, 42.94360750528233 ], [ 144.454678611528834, 42.943720000577741 ], [ 144.454716938835872, 42.943652505558873 ], [ 144.454556108577776, 42.94360750528233 ] ] ] ] } },
{ "type": "Feature", "properties": { "fid": 15, "OBJECTID": 8437.0, "N03_001": "北海道", "N03_002": "十勝総合振興局", "N03_003": "足寄郡", "N03_004": "足寄町", "N03_007": "01647", "Shape_Leng": 2.891494330199647, "Shape_Area": 0.15638075223435799, "join_key": "足寄郡足寄町" }, "geometry": { "type": "MultiPolygon", "coordinates": [ [ [ [ 143.263899442005822, 43.55865444074999 ], [ 143.269797496357569, 43.553652774855834 ], [ 143.276401114719874, 43.55271805459472 ], [ 143.280786938366646, 43.553221387157464 ], [ 143.281694720335281, 43.55180499990098 ], [ 143.283396393229168, 43.55104972136769 ], [ 143.291780271742368, 43.550119720748683 ], [ 143.296686108577205, 43.548416667395429 ], [ 143.298124448284852, 43.546824171298624 ], [ 143.307583060709817, 43.54631777474566 ], [ 143.310254162299884, 43.547228613509844 ], [ 143.314677496669333, 43.546963612980505 ], [ 143.317421672672253, 43.547781946579732 ], [ 143.324722775535861, 43.551146386796461 ], [ 143.333965836654215, 43.557697224847232 ], [ 143.335455278538461, 43.553704440907381 ], [ 143.339094720644994, 43.550178612852847 ], [ 143.343029727639987, 43.551726107773845 ], [ 143.348635005900974, 43.551057505000017 ], [ 143.353354720843868, 43.549100559543376 ], [ 143.356906108530211, 43.54648944093509 ], [ 143.361821114852773, 43.54815333330987 ], [ 143.362515279057106, 43.550116108172006 ], [ 143.366792217287184, 43.550196946432095 ], [ 143.37223500604091, 43.549066387104233 ], [ 143.37403167252387, 43.552246946539526 ], [ 143.385051945990654, 43.548953613018966 ], [ 143.39003333217272, 43.544466666903304 ], [ 143.393536108804597, 43.546889441394796 ], [ 143.395929169695592, 43.547357505244861 ], [ 143.40342916932093, 43.544978333483471 ], [ 143.405236393844689, 43.542556666956784 ], [ 143.409151114832298, 43.541011666755196 ], [ 143.409645005412813, 43.538530838327688 ], [ 143.414850557507407, 43.534152225445041 ], [ 143.419436393974593, 43.533295837932769 ], [ 143.424014162623735, 43.528728333246136 ], [ 143.423647223940407, 43.526847505508158 ], [ 143.425219999703359, 43.524739441572137 ], [ 143.430287781955712, 43.522132225122277 ], [ 143.436610271347149, 43.521445838254976 ], [ 143.437696108288947, 43.519624999794075 ], [ 143.441365005890475, 43.518721387082508 ], [ 143.443378053754373, 43.515188892353649 ], [ 143.44843500547131, 43.513543333558175 ], [ 143.449216394021505, 43.512543333308372 ], [ 143.456437496793228, 43.509871945733892 ], [ 143.460551673021428, 43.509675837769862 ], [ 143.463741672640253, 43.508153333209918 ], [ 143.456313332794252, 43.447672224993369 ], [ 143.545609441522743, 43.460172505556841 ], [ 143.58074639363133, 43.449609441122959 ], [ 143.592963332891713, 43.460935838418379 ], [ 143.595436938863827, 43.459839721326261 ], [ 143.598895005700115, 43.460079171216933 ], [ 143.608792217487007, 43.468240559254582 ], [ 143.611849441198956, 43.469388891884023 ], [ 143.613391114808337, 43.467951386747245 ], [ 143.626609999551988, 43.465441946388864 ], [ 143.632059441490242, 43.463005838548781 ], [ 143.640091387407779, 43.461365279084532 ], [ 143.645830557634326, 43.459531667552596 ], [ 143.647996108933512, 43.457992775546302 ], [ 143.64824999923826, 43.458519721608013 ], [ 143.650124162999873, 43.456535000589952 ], [ 143.655680557711776, 43.454170279135212 ], [ 143.66073639337003, 43.448580279456507 ], [ 143.670483332939625, 43.441063333006582 ], [ 143.671812775539365, 43.439296387318564 ], [ 143.676863605571157, 43.437899721295253 ], [ 143.682243605458211, 43.436863892055158 ], [ 143.687136394029494, 43.43855666705673 ], [ 143.692101114874731, 43.438391946331421 ], [ 143.695919442028753, 43.439818333149731 ], [ 143.702635278695311, 43.444785838295957 ], [ 143.705501387479217, 43.445264171504505 ], [ 143.70908972740915, 43.442890278763514 ], [ 143.714113060669433, 43.446882505123654 ], [ 143.723954448838867, 43.440263892364896 ], [ 143.728436393824722, 43.44381166747462 ], [ 143.734791114918153, 43.439598892275228 ], [ 143.731002217178798, 43.435412225294101 ], [ 143.725143890378376, 43.431307224848695 ], [ 143.720919169484318, 43.427053053855502 ], [ 143.724441945239732, 43.424325838167078 ], [ 143.721122502601588, 43.42104361307247 ], [ 143.719150829847081, 43.417816946295204 ], [ 143.71708333252991, 43.416908333353092 ], [ 143.708839441587088, 43.416514720777911 ], [ 143.70726167278815, 43.415809171156468 ], [ 143.706075836630703, 43.412838053933228 ], [ 143.706912775404476, 43.410641386990562 ], [ 143.708826666717528, 43.40956361337021 ], [ 143.709013060204711, 43.408649440819204 ], [ 143.705935005496258, 43.404810000281429 ], [ 143.70572944206026, 43.401654441099765 ], [ 143.704224720694469, 43.399783054444583 ], [ 143.704025550538859, 43.395984441329063 ], [ 143.703053060550474, 43.393873892566262 ], [ 143.700826939012245, 43.393690278883412 ], [ 143.697131945782871, 43.396153612799139 ], [ 143.694126938507566, 43.396421667426182 ], [ 143.690869728055645, 43.39378527876778 ], [ 143.684438053773306, 43.391880279051804 ], [ 143.679095278624345, 43.38532750476071 ], [ 143.675121672727187, 43.384737505431701 ], [ 143.669981388030806, 43.386681108546497 ], [ 143.668666666433637, 43.382311666950045 ], [ 143.665893606005284, 43.377948613238061 ], [ 143.660840829840595, 43.376298054211986 ], [ 143.661380271982125, 43.371175000526023 ], [ 143.657719441299378, 43.368316946070365 ], [ 143.661490271658863, 43.36315222499536 ], [ 143.661485005228997, 43.36172277508615 ], [ 143.664470271486039, 43.360613892117613 ], [ 143.666962217332639, 43.362784171152725 ], [ 143.670252503050733, 43.363793054006408 ], [ 143.675607496389034, 43.362404441412025 ], [ 143.675477223295388, 43.360678054248979 ], [ 143.676818339994611, 43.359864441191178 ], [ 143.67843805317375, 43.355049720967997 ], [ 143.681064448565621, 43.351765000254716 ], [ 143.680170271540987, 43.350947504823637 ], [ 143.680789999758872, 43.348556667056698 ], [ 143.68797916940332, 43.348313613582548 ], [ 143.693503332413002, 43.347285000502552 ], [ 143.694713060859272, 43.346051108172276 ], [ 143.696465550844664, 43.345736108035112 ], [ 143.697726666552626, 43.346222775261026 ], [ 143.698312775414479, 43.347651108212233 ], [ 143.701105550780767, 43.346199721140408 ], [ 143.704476108185986, 43.347785559556087 ], [ 143.710345005617683, 43.348858332945895 ], [ 143.713685836832042, 43.348538053788332 ], [ 143.719658611355953, 43.354128612845386 ], [ 143.720540000021174, 43.355736946003447 ], [ 143.719783332934639, 43.35918027924663 ], [ 143.723234720506071, 43.359458891914471 ], [ 143.726505005301988, 43.361517504829123 ], [ 143.728569999805813, 43.360452505179126 ], [ 143.731241672465444, 43.360933054317172 ], [ 143.73531250227029, 43.363544721511857 ], [ 143.741509727791936, 43.363633613200875 ], [ 143.74420472077145, 43.364664721000224 ], [ 143.745561672733174, 43.363870838168793 ], [ 143.747801387524191, 43.364285279042576 ], [ 143.746579999367668, 43.370667225312388 ], [ 143.747834720895867, 43.374870000050635 ], [ 143.749113060419631, 43.375359721374195 ], [ 143.75633916971708, 43.374193054266186 ], [ 143.759133060242675, 43.378140837929493 ], [ 143.759203060772847, 43.380596387313574 ], [ 143.764262775207044, 43.384437225397789 ], [ 143.772683891048928, 43.384885000542511 ], [ 143.78107167261976, 43.387872225522983 ], [ 143.784391672837614, 43.38747638712573 ], [ 143.78356888489634, 43.390317224960143 ], [ 143.784225005979465, 43.391715559225872 ], [ 143.787430271589983, 43.392520278887901 ], [ 143.787529441630568, 43.393754441014835 ], [ 143.788698339956568, 43.394647505578064 ], [ 143.786787223951364, 43.397946387016304 ], [ 143.788206108625218, 43.399878612807925 ], [ 143.788518611345012, 43.402693613119936 ], [ 143.794101387669116, 43.401522225470501 ], [ 143.79602055800251, 43.402256387022817 ], [ 143.796364162875989, 43.403956946555979 ], [ 143.801481114661897, 43.406993613564566 ], [ 143.802730829664256, 43.408977505407734 ], [ 143.802631945608027, 43.410680838450105 ], [ 143.804217496240653, 43.412711387120964 ], [ 143.806782503010254, 43.413883612938548 ], [ 143.808423060675864, 43.415906946348684 ], [ 143.808849727832808, 43.417974440967839 ], [ 143.806535005985893, 43.418935000549993 ], [ 143.805609727706951, 43.420815278802252 ], [ 143.80258916935486, 43.423006387035286 ], [ 143.801452775225584, 43.426026946286697 ], [ 143.805956108787541, 43.434158054151055 ], [ 143.809619727368727, 43.436663333346303 ], [ 143.81137444857211, 43.441111667069947 ], [ 143.811539999371689, 43.446038054312908 ], [ 143.814628339626324, 43.447198053847274 ], [ 143.814851672766622, 43.448680559260595 ], [ 143.820497496962048, 43.452475838589237 ], [ 143.824070271426081, 43.453117775565033 ], [ 143.825319169843965, 43.456860558767914 ], [ 143.825289727838822, 43.459471667483626 ], [ 143.826273332548453, 43.460442224828967 ], [ 143.822114162338949, 43.466362505025756 ], [ 143.816814448528135, 43.470411946254501 ], [ 143.827189727324253, 43.475873332988101 ], [ 143.829972218043622, 43.476936108614666 ], [ 143.831641945219758, 43.476445279326356 ], [ 143.834885005738556, 43.478428892379668 ], [ 143.834582775974468, 43.481702505566318 ], [ 143.829479169228421, 43.483795558918075 ], [ 143.828575005232437, 43.487726386763484 ], [ 143.824985837026929, 43.49148694596596 ], [ 143.830490829188648, 43.493560838362157 ], [ 143.831808884572524, 43.495726108173528 ], [ 143.8379163937268, 43.494921667301298 ], [ 143.844509727442187, 43.491220000202986 ], [ 143.84875472085389, 43.491190837887018 ], [ 143.853051672596848, 43.48790861279241 ], [ 143.856804720661557, 43.487652504759467 ], [ 143.860101945548536, 43.484868612896321 ], [ 143.861991945472141, 43.481826946556509 ], [ 143.861987496525899, 43.480284171277674 ], [ 143.869311945789832, 43.479576946219254 ], [ 143.870821672782199, 43.480216946055407 ], [ 143.874918611704743, 43.477323054515523 ], [ 143.877426108628242, 43.47791944082968 ], [ 143.878018611669745, 43.478746387236129 ], [ 143.880509441457775, 43.478229440736243 ], [ 143.881335005606161, 43.479601946472826 ], [ 143.885731387293845, 43.47759055875747 ], [ 143.88711277563425, 43.475427775571575 ], [ 143.892883332200199, 43.474696107839293 ], [ 143.908120271333587, 43.478646666810391 ], [ 143.913789169434835, 43.478598613335521 ], [ 143.918485278972639, 43.480094720994771 ], [ 143.921959999454543, 43.480206666804406 ], [ 143.924892217402089, 43.481918613553319 ], [ 143.935215550457428, 43.481946667005218 ], [ 143.936815278902145, 43.482598892225269 ], [ 143.938586393847231, 43.484693612920069 ], [ 143.945963332941687, 43.484234170870479 ], [ 143.949605005366834, 43.485896946287198 ], [ 143.95771749636549, 43.482710279555931 ], [ 143.959234448511211, 43.479615278922154 ], [ 143.955504162287411, 43.476544171476519 ], [ 143.95529861144189, 43.475498613370462 ], [ 143.959746108796026, 43.472772775443389 ], [ 143.967489169989335, 43.47145499974863 ], [ 143.971159441755049, 43.472483892517801 ], [ 143.977158884774894, 43.471668891806075 ], [ 143.984715550682267, 43.468596667402437 ], [ 143.989125278309075, 43.468245559485126 ], [ 143.996063060462006, 43.46517666706967 ], [ 143.998821387297312, 43.4649455592903 ], [ 143.999514448932814, 43.459776667159645 ], [ 144.004480271447505, 43.452608333008357 ], [ 144.005103060957708, 43.449843054413577 ], [ 144.004439169732109, 43.447944721371982 ], [ 144.002019999723416, 43.446156108317894 ], [ 144.00041082929647, 43.443731667382735 ], [ 144.002126939007212, 43.439948613437934 ], [ 144.003566938863287, 43.438614999782601 ], [ 144.003212775949009, 43.436841945899232 ], [ 144.003827496741792, 43.435625838561748 ], [ 144.009217781275765, 43.43251694610035 ], [ 144.011483605184367, 43.429803892036148 ], [ 144.015415550887155, 43.427622224885909 ], [ 144.025656938616976, 43.428517775175351 ], [ 144.028224448199921, 43.426572775413433 ], [ 144.029791945841794, 43.42053500058995 ], [ 144.028753060705412, 43.416202225252675 ], [ 144.029265005176057, 43.411454170873469 ], [ 144.026403332747805, 43.406907775073932 ], [ 144.026620829288049, 43.404080279581422 ], [ 144.025476666814939, 43.400548053749844 ], [ 144.022957781776427, 43.397967504896599 ], [ 144.022188339820218, 43.395801387024562 ], [ 144.0243041622075, 43.393295279553683 ], [ 144.027140829885525, 43.392053332895159 ], [ 144.019625005789521, 43.386909171221419 ], [ 144.015477223695143, 43.385336667053707 ], [ 144.011485005428881, 43.385228613509867 ], [ 144.007115550342519, 43.387889441244909 ], [ 144.004144720902332, 43.38702222499586 ], [ 144.003545550287072, 43.385511108550986 ], [ 144.004588611875079, 43.383608892236737 ], [ 144.010255005364343, 43.381554721073712 ], [ 144.008366108908945, 43.375494441615331 ], [ 144.006725278748831, 43.374085559201376 ], [ 144.000887223566679, 43.372655838596245 ], [ 143.993689442014329, 43.369679170757308 ], [ 143.988566666218844, 43.369417504914111 ], [ 143.987695278914202, 43.368167225137483 ], [ 143.985393605330842, 43.367611945934698 ], [ 143.983813890398892, 43.364921667201372 ], [ 143.976465836629245, 43.364943892147096 ], [ 143.973017496860166, 43.363151946205505 ], [ 143.971352217730896, 43.360489171438303 ], [ 143.9682830609147, 43.361856387362536 ], [ 143.966396393878654, 43.361847225069539 ], [ 143.960565005370881, 43.356383613413186 ], [ 143.956222775460901, 43.35833333281721 ], [ 143.952553060375635, 43.358229721024998 ], [ 143.950648611944075, 43.356550279372073 ], [ 143.951862775846621, 43.354068054297443 ], [ 143.951466108274417, 43.350567775082936 ], [ 143.943964448500651, 43.348155000153326 ], [ 143.941270271206236, 43.346701387259372 ], [ 143.940196108363921, 43.34473333337678 ], [ 143.937560271889197, 43.344047504988509 ], [ 143.934978611473866, 43.341113332814245 ], [ 143.932356108347904, 43.340865279109494 ], [ 143.933069441601674, 43.338450279257131 ], [ 143.932631945707953, 43.337182225279662 ], [ 143.927197496367512, 43.337141108275716 ], [ 143.924006393280592, 43.340255559446689 ], [ 143.921708884457644, 43.340557774821605 ], [ 143.92075666698679, 43.340205558939545 ], [ 143.917751114722364, 43.333703613431169 ], [ 143.916603605871842, 43.334918892493079 ], [ 143.912457781601574, 43.335710838184809 ], [ 143.910148884663499, 43.334938054347901 ], [ 143.909381114546932, 43.331953333080037 ], [ 143.906445550222088, 43.328925000088873 ], [ 143.902236108809575, 43.328171387099985 ], [ 143.900442502719557, 43.325702225577402 ], [ 143.897827496342074, 43.325672775478381 ], [ 143.896087223646646, 43.324506387160227 ], [ 143.897579441738003, 43.322800278810007 ], [ 143.897876393381011, 43.317837774793645 ], [ 143.897380830061479, 43.315378333143713 ], [ 143.895840271611405, 43.314051108272167 ], [ 143.89037666625029, 43.315927225361349 ], [ 143.886060272064128, 43.309369721535575 ], [ 143.883795278229741, 43.307926108203503 ], [ 143.881870557280536, 43.307726667351972 ], [ 143.880465836929034, 43.306331946562238 ], [ 143.871969169941394, 43.307500558903826 ], [ 143.865854720718971, 43.305302505206612 ], [ 143.858811672920524, 43.297568613500857 ], [ 143.857155550688276, 43.296199170855232 ], [ 143.855447496205215, 43.296198892065377 ], [ 143.854315006032834, 43.29360027942954 ], [ 143.844980271622376, 43.284101108479547 ], [ 143.840384162199484, 43.286457504910118 ], [ 143.833064162781056, 43.287878892397146 ], [ 143.832326939037216, 43.292042225568423 ], [ 143.830617223506238, 43.293731946472292 ], [ 143.829051387811433, 43.291737775378181 ], [ 143.82594500535788, 43.291164721075177 ], [ 143.82401027135711, 43.289131108414097 ], [ 143.822073060623438, 43.288797504901083 ], [ 143.821473890907555, 43.28775610795816 ], [ 143.824656108692693, 43.285141946044121 ], [ 143.825578339169169, 43.282332224752565 ], [ 143.825083605923851, 43.281093054301209 ], [ 143.826789169284893, 43.278965559613027 ], [ 143.825143890178538, 43.277025559182391 ], [ 143.825985005403822, 43.274195279388778 ], [ 143.822292502397204, 43.274163892150057 ], [ 143.821316108451811, 43.273648333304095 ], [ 143.82150639330564, 43.27265638738254 ], [ 143.822276938729942, 43.270109721386689 ], [ 143.826563605825982, 43.268018892058365 ], [ 143.827287781306268, 43.262256666811879 ], [ 143.824392217926743, 43.262428054211512 ], [ 143.822316938775884, 43.260608333607877 ], [ 143.819801387524194, 43.260477775429138 ], [ 143.815260271644433, 43.256608613197102 ], [ 143.814622503026271, 43.254970838033898 ], [ 143.812239999276699, 43.25357222497837 ], [ 143.811430557274548, 43.246924721498885 ], [ 143.803058611865595, 43.249012775519361 ], [ 143.800467496877673, 43.24758833303531 ], [ 143.801420829507833, 43.24506777525778 ], [ 143.80086360597079, 43.24340417156543 ], [ 143.80229055756331, 43.242698333261615 ], [ 143.802681672721178, 43.241313333243909 ], [ 143.800098339566944, 43.238355279572659 ], [ 143.800619441833987, 43.235152505084216 ], [ 143.79919805344764, 43.232647224989591 ], [ 143.799919169434247, 43.231335279599648 ], [ 143.796461387683053, 43.229814441483427 ], [ 143.79367250278392, 43.229856107973148 ], [ 143.793797496857223, 43.228366387299104 ], [ 143.791729999540053, 43.225702775263017 ], [ 143.791969999815819, 43.224020837991475 ], [ 143.789379169912991, 43.220549721092937 ], [ 143.790251387291846, 43.218789441179922 ], [ 143.789886938831387, 43.216706387390047 ], [ 143.791288053800827, 43.215784441099231 ], [ 143.791064162181556, 43.214591946361395 ], [ 143.79591277605391, 43.213092504915323 ], [ 143.797636938294204, 43.21012417109381 ], [ 143.797207223334908, 43.207428892129826 ], [ 143.794117781410705, 43.206586667141153 ], [ 143.792661387812927, 43.203639441307359 ], [ 143.789502775432879, 43.203196667292502 ], [ 143.782194720809912, 43.204200279219663 ], [ 143.781248339939111, 43.205476107836262 ], [ 143.77949167260283, 43.206001945933224 ], [ 143.780000829175151, 43.207242774734425 ], [ 143.776284720763442, 43.209649999947715 ], [ 143.774865278509992, 43.211766666798383 ], [ 143.771467223433774, 43.209821667036465 ], [ 143.768821672482431, 43.210619441234371 ], [ 143.764176108440779, 43.209904721226053 ], [ 143.76157221768392, 43.210708892301682 ], [ 143.75111722388101, 43.209198613125636 ], [ 143.746166666458635, 43.210342225213708 ], [ 143.740394448844881, 43.209090559581853 ], [ 143.738340271386619, 43.207034721075672 ], [ 143.736177781379638, 43.206392775106679 ], [ 143.73373833975279, 43.207067504961572 ], [ 143.734371387829469, 43.203901108049877 ], [ 143.730014720203371, 43.201920558986785 ], [ 143.728047496394993, 43.202496108009143 ], [ 143.725555836532862, 43.199914441298574 ], [ 143.722073060823277, 43.201407225063576 ], [ 143.719790557188617, 43.201356387287603 ], [ 143.71877778116982, 43.202309441127966 ], [ 143.715755836962444, 43.20063777501349 ], [ 143.712629727879857, 43.204530558838371 ], [ 143.707387782020646, 43.20589444097584 ], [ 143.706002217228729, 43.208353892518289 ], [ 143.703346108236474, 43.208492774821877 ], [ 143.701725005604658, 43.209796946472068 ], [ 143.700394720340228, 43.211814999962428 ], [ 143.700485550967528, 43.213622505074738 ], [ 143.696533605241825, 43.219064171474486 ], [ 143.692736666664018, 43.21895333273028 ], [ 143.685892217951732, 43.220643333323324 ], [ 143.683277496659343, 43.223288054200509 ], [ 143.681259441370344, 43.223711107881513 ], [ 143.679922775415889, 43.224997775127406 ], [ 143.679408611418467, 43.227291387187961 ], [ 143.672445278626924, 43.22672861303522 ], [ 143.667784162609223, 43.230738613596316 ], [ 143.666471672230045, 43.231061667162351 ], [ 143.666812217609959, 43.234156108417835 ], [ 143.662103605696984, 43.234888892208801 ], [ 143.661819169918886, 43.237531945742887 ], [ 143.660037782018208, 43.239866667612773 ], [ 143.580792502771942, 43.202651386752279 ], [ 143.580540271716359, 43.198591945961709 ], [ 143.582360557993525, 43.195079441363305 ], [ 143.580788053825813, 43.19370722520847 ], [ 143.570960829978503, 43.190618053980188 ], [ 143.569496393743748, 43.188694721584284 ], [ 143.568501672514344, 43.189382225409531 ], [ 143.567613605483643, 43.192242225098767 ], [ 143.568766938343742, 43.196133613175846 ], [ 143.566846393846163, 43.197310559534856 ], [ 143.564439728011166, 43.201816667505341 ], [ 143.563464720820434, 43.207176946159279 ], [ 143.557355279023113, 43.211330000079613 ], [ 143.546536666833845, 43.225187225410309 ], [ 143.542723060221192, 43.225584170872935 ], [ 143.540911114256687, 43.227156108467796 ], [ 143.539738884841881, 43.228767775412678 ], [ 143.54033527835054, 43.23182222561536 ], [ 143.538624162575275, 43.236079721402177 ], [ 143.535832502368294, 43.235443612932556 ], [ 143.534173890812554, 43.232718053795338 ], [ 143.529520557527917, 43.232048333164187 ], [ 143.525856666452228, 43.230584721607784 ], [ 143.52585416273962, 43.229271386765276 ], [ 143.52679416292051, 43.228758053741331 ], [ 143.525682217760277, 43.227735000270229 ], [ 143.51989722347821, 43.2294280540616 ], [ 143.516621672252541, 43.229454441069777 ], [ 143.511933060362594, 43.232014999792568 ], [ 143.507893916371359, 43.232862359910143 ], [ 143.502729104464834, 43.235912973605025 ], [ 143.495740142793579, 43.235782532338192 ], [ 143.496637249809396, 43.23917405383969 ], [ 143.489771192186936, 43.235458000286656 ], [ 143.486421115042617, 43.236675837919734 ], [ 143.47796360543623, 43.237648891783124 ], [ 143.475632775832082, 43.239101946198048 ], [ 143.477105278985618, 43.240100838483102 ], [ 143.402129999699923, 43.245148054139577 ], [ 143.412081387546209, 43.288091667496644 ], [ 143.403283891038882, 43.291890559401963 ], [ 143.403199169506252, 43.292723333415267 ], [ 143.399896394003576, 43.294422505294563 ], [ 143.399828611201656, 43.296224440905405 ], [ 143.396924162520236, 43.299313891822806 ], [ 143.394547781355186, 43.299695279014088 ], [ 143.391226938472641, 43.302950000142573 ], [ 143.387225550718767, 43.30370944073826 ], [ 143.381808339583358, 43.306139441282369 ], [ 143.312796108653629, 43.314065559478138 ], [ 143.311320557697741, 43.316084999723103 ], [ 143.310987496475946, 43.32040610815551 ], [ 143.313953605374763, 43.322562775052177 ], [ 143.316558053711333, 43.322899440756771 ], [ 143.318702775812653, 43.324261667242297 ], [ 143.320287223876448, 43.327953332980087 ], [ 143.318849169253895, 43.331559721404176 ], [ 143.310811945215278, 43.338890559451897 ], [ 143.310312218034596, 43.340955559351755 ], [ 143.30789805365248, 43.343952505104198 ], [ 143.291561115053582, 43.351046108291428 ], [ 143.292680557861672, 43.352828891939964 ], [ 143.291183332345099, 43.355067774858071 ], [ 143.286764448720533, 43.357551946065598 ], [ 143.285764448470673, 43.359903054482572 ], [ 143.28623833992765, 43.361355838201519 ], [ 143.285410272066542, 43.363285559381211 ], [ 143.285636394004541, 43.365985558886621 ], [ 143.28327472035221, 43.367050838225794 ], [ 143.28257444885196, 43.36863638705978 ], [ 143.282936393599812, 43.3709225050697 ], [ 143.280636667048725, 43.372570838273759 ], [ 143.26877610843087, 43.372435000175301 ], [ 143.263610271297125, 43.374273333147983 ], [ 143.263250829362505, 43.375314721097652 ], [ 143.260144162723122, 43.375371945858774 ], [ 143.25915221770083, 43.376889720884094 ], [ 143.254569170031345, 43.376184171262651 ], [ 143.250986108222492, 43.376715559075933 ], [ 143.250194448515117, 43.377496387348572 ], [ 143.250233060907249, 43.38156638707926 ], [ 143.249152502985794, 43.382225559562073 ], [ 143.247024720514673, 43.38654777505991 ], [ 143.242601673028958, 43.386331108593936 ], [ 143.240396938268304, 43.38540250552137 ], [ 143.2369769388348, 43.386776387220664 ], [ 143.239208339393485, 43.393809721441642 ], [ 143.242603332278122, 43.394585559376253 ], [ 143.243501672264529, 43.396936666893851 ], [ 143.243568884896263, 43.400691667386695 ], [ 143.242500829349979, 43.40540222543251 ], [ 143.244084162254467, 43.409201387134488 ], [ 143.239316108751609, 43.411940838099383 ], [ 143.238163605965838, 43.41619166721182 ], [ 143.234079441912854, 43.417107505307285 ], [ 143.231409441992355, 43.420143054458549 ], [ 143.231355006028934, 43.423085838540771 ], [ 143.234680271777279, 43.426468613236068 ], [ 143.234781387950875, 43.427698613300549 ], [ 143.236513605418736, 43.428690838011903 ], [ 143.236645278756782, 43.430252505349017 ], [ 143.232372217504007, 43.432023891889287 ], [ 143.227947223885508, 43.43681583858023 ], [ 143.227235278285661, 43.438543054018908 ], [ 143.220620557792699, 43.443316945920458 ], [ 143.217192502232365, 43.443874441052799 ], [ 143.214673890587733, 43.445387224840715 ], [ 143.211240829400936, 43.449206945943956 ], [ 143.21445861177574, 43.453008333468006 ], [ 143.215094720245361, 43.456088613099155 ], [ 143.217381945320653, 43.457043613072472 ], [ 143.218661387413249, 43.459497774802628 ], [ 143.217538339223211, 43.462864440841429 ], [ 143.218124162999857, 43.464506108270427 ], [ 143.215667496657829, 43.468759441095472 ], [ 143.219781945380646, 43.476210837760107 ], [ 143.219741387754993, 43.47877666740942 ], [ 143.221906394065059, 43.483874441152693 ], [ 143.223754720304328, 43.4855133332739 ], [ 143.224476666365263, 43.488777505377755 ], [ 143.226791672397894, 43.491983333064525 ], [ 143.227966393834208, 43.492281108486509 ], [ 143.228204162891984, 43.49409222527612 ], [ 143.22941277527957, 43.495099721375198 ], [ 143.238369727880809, 43.495871945833812 ], [ 143.237630829599311, 43.497616386886932 ], [ 143.238713332754287, 43.500198054496764 ], [ 143.235313890923521, 43.504923613234325 ], [ 143.231748611409444, 43.512589441549665 ], [ 143.23252138805185, 43.518864721030241 ], [ 143.231170557775158, 43.519978333533459 ], [ 143.230771114895219, 43.523489170788764 ], [ 143.227732776046992, 43.527521666991504 ], [ 143.226656393677786, 43.532355558962024 ], [ 143.22781888433417, 43.536326108063577 ], [ 143.230943890848039, 43.539448892352652 ], [ 143.230306108740137, 43.543164721075186 ], [ 143.233721945211755, 43.545581945850302 ], [ 143.236045005572691, 43.551644441238125 ], [ 143.24703138718894, 43.55409472149438 ], [ 143.249919169634154, 43.556542505232585 ], [ 143.254091114713333, 43.55573889173661 ], [ 143.261459999479598, 43.559301108159787 ], [ 143.263899442005822, 43.55865444074999 ] ] ] ] } },
{ "type": "Feature", "properties": { "fid": 16, "OBJECTID": 8300.0, "N03_001": "北海道", "N03_002": "十勝総合振興局", "N03_003": "河西郡", "N03_004": "芽室町", "N03_007": "01637", "Shape_Leng": 1.6324936517990141, "Shape_Area": 0.056585903727080999, "join_key": "河西郡芽室町" }, "geometry": { "type": "MultiPolygon", "coordinates": [ [ [ [ 143.033902217413583, 43.028504721415914 ], [ 143.041247781859852, 43.026123332825705 ], [ 143.043238611972583, 43.023934721110663 ], [ 143.049294162795604, 43.022165838283001 ], [ 143.050713605948317, 43.020453892433352 ], [ 143.058560271739339, 43.018071667473635 ], [ 143.058905278655857, 43.017306107890761 ], [ 143.062028884925326, 43.016251387491707 ], [ 143.063833605736477, 43.01359083854652 ], [ 143.067785836547273, 43.011705559164398 ], [ 143.074989727194293, 43.010074440783001 ], [ 143.079297781967284, 43.008101946048157 ], [ 143.08180555048591, 43.00523277507267 ], [ 143.095215837041451, 43.004558613589325 ], [ 143.097793332696369, 43.001258892184296 ], [ 143.098863332576911, 43.001581945750388 ], [ 143.099162775341938, 43.000020000522795 ], [ 143.100957223197497, 43.000102225537432 ], [ 143.12116306052701, 42.979260559427416 ], [ 143.129115550442521, 42.968820559121696 ], [ 143.130033890451841, 42.967108613272046 ], [ 143.128571114365627, 42.96665277480588 ], [ 143.13130833950845, 42.9620852791125 ], [ 143.143005836650218, 42.954677225273883 ], [ 143.147298339446934, 42.95067833313874 ], [ 143.140740557730737, 42.951669721480641 ], [ 143.137841387170511, 42.95053277516763 ], [ 143.130046108641181, 42.952637775113374 ], [ 143.128987223481772, 42.950307225198458 ], [ 143.126930000019684, 42.949443613432209 ], [ 143.12762472090435, 42.947681387386297 ], [ 143.1241091694028, 42.946887505454185 ], [ 143.122950271538002, 42.945676667244584 ], [ 143.119962775861609, 42.945430279084292 ], [ 143.119335278400513, 42.943373333512682 ], [ 143.114505550291142, 42.943182505468428 ], [ 143.116256938606966, 42.93788777480114 ], [ 143.110163605466141, 42.936201946163067 ], [ 143.11201221768988, 42.932406108355394 ], [ 143.108935836619708, 42.930451946300423 ], [ 143.108773255381607, 42.929452559388267 ], [ 143.11323250237831, 42.895251667530601 ], [ 143.146581945800335, 42.89761194633445 ], [ 143.147478053669374, 42.892555278803229 ], [ 143.120029441705583, 42.856119999738382 ], [ 143.092383332325085, 42.831141667154384 ], [ 143.09107416224299, 42.828433892110581 ], [ 143.087816393312096, 42.826209721201849 ], [ 143.086064448315824, 42.821150558951274 ], [ 143.083736666514142, 42.82034055936947 ], [ 143.081659169635145, 42.816794440810952 ], [ 143.078091672392929, 42.816187224860698 ], [ 143.078976938934716, 42.814445279426252 ], [ 143.075045278317134, 42.810445837805332 ], [ 143.072529727964707, 42.810242505587325 ], [ 143.074108053444093, 42.80923500049505 ], [ 143.073983060270166, 42.80804222516872 ], [ 143.067968339567415, 42.805969440737272 ], [ 143.064272217688881, 42.802847505408238 ], [ 143.060890829748132, 42.802154441074777 ], [ 143.05960472098127, 42.800472505601817 ], [ 143.05483693817439, 42.7999775052578 ], [ 143.053550557812173, 42.799133892615203 ], [ 143.053118885028653, 42.797102775572796 ], [ 143.050496393593903, 42.796084721432919 ], [ 143.047905278605867, 42.796241946308953 ], [ 143.043512775694239, 42.79360555944919 ], [ 143.039187781291275, 42.792666946022905 ], [ 143.03767500559718, 42.791639440907659 ], [ 143.035456393398022, 42.787978333233639 ], [ 143.03297500559222, 42.786723332915642 ], [ 143.027355836402876, 42.785455000148318 ], [ 143.021429441715554, 42.786248891972946 ], [ 143.0174036058919, 42.785095559112904 ], [ 143.017411387725588, 42.784006945963938 ], [ 143.015687781266251, 42.782897775212348 ], [ 143.013125550703762, 42.78299166713191 ], [ 143.007800271865221, 42.780507225228405 ], [ 143.001342502854413, 42.77899583808761 ], [ 142.998509441457713, 42.779858054106057 ], [ 142.996330271724787, 42.779305279515199 ], [ 142.991733060632441, 42.773835279075058 ], [ 142.990781945730419, 42.770678892517026 ], [ 142.985523890315449, 42.766155838621216 ], [ 142.983776108280949, 42.763416107967203 ], [ 142.981004720591613, 42.761994721379438 ], [ 142.979810271626889, 42.758971386820235 ], [ 142.978508611783241, 42.759563892559754 ], [ 142.936124448684495, 42.722060000368913 ], [ 142.934719727433617, 42.723719720788665 ], [ 142.930314448752938, 42.722884999743087 ], [ 142.928671387374834, 42.724493892279497 ], [ 142.921842217244716, 42.724491667356745 ], [ 142.920277781794425, 42.728753333299835 ], [ 142.913488884204867, 42.729942505042743 ], [ 142.897130829524372, 42.740199171354845 ], [ 142.896148053989691, 42.743032225556931 ], [ 142.897425005859532, 42.745425837732398 ], [ 142.897942502744513, 42.750182225229651 ], [ 142.894345836891034, 42.754250000037644 ], [ 142.890516666611006, 42.75428055900079 ], [ 142.886729727595025, 42.752276107756359 ], [ 142.876365005940443, 42.755044721037223 ], [ 142.866303060837822, 42.755579171042086 ], [ 142.863923332396098, 42.75815472146337 ], [ 142.855978339229182, 42.759473053838519 ], [ 142.85447861179864, 42.758840838534013 ], [ 142.853296108528752, 42.756711667509592 ], [ 142.84924389019352, 42.755903613161365 ], [ 142.845133332837236, 42.75673166753262 ], [ 142.837921387861911, 42.756308054473322 ], [ 142.833349169828466, 42.757845279136461 ], [ 142.831371945558999, 42.759992774746934 ], [ 142.828339999991158, 42.76070666737894 ], [ 142.825018053640406, 42.759998053767333 ], [ 142.816985278547918, 42.761068054547252 ], [ 142.814105836415365, 42.765230000064605 ], [ 142.81064722369058, 42.764163612760683 ], [ 142.800767224028391, 42.765351667545588 ], [ 142.794308339858162, 42.764266945763097 ], [ 142.787783605529171, 42.765010559190102 ], [ 142.781688339745301, 42.763569170780784 ], [ 142.772673890787587, 42.770088613498899 ], [ 142.766992217816778, 42.77597417087145 ], [ 142.764303333032558, 42.775753891828799 ], [ 142.757504720966267, 42.772093892119585 ], [ 142.748813060274642, 42.771848612823362 ], [ 142.744817496530459, 42.770681946614729 ], [ 142.731122775995459, 42.773168332852435 ], [ 142.727037496783282, 42.77305027884745 ], [ 142.719825550908581, 42.775748054329426 ], [ 142.718148884563561, 42.779166667008269 ], [ 142.716629441295822, 42.780280559200605 ], [ 142.716438053873276, 42.783550279222197 ], [ 142.719133605331763, 42.78714583801019 ], [ 142.719484448848448, 42.790701946238016 ], [ 142.721691114453506, 42.79241833293986 ], [ 142.72023167305349, 42.804252224860477 ], [ 142.723163891000922, 42.806975559074942 ], [ 142.726164162446366, 42.814212225513984 ], [ 142.730775550451426, 42.821611946234498 ], [ 142.732676938490044, 42.822872505262069 ], [ 142.732050557987009, 42.825213333528666 ], [ 142.729263332337041, 42.826484721293014 ], [ 142.731866938908297, 42.831909171071572 ], [ 142.732149169548734, 42.835690838261769 ], [ 142.735595005605205, 42.838362224936873 ], [ 142.738486108347388, 42.842829440826222 ], [ 142.744065005895436, 42.847340558919825 ], [ 142.756961672543298, 42.851779440768723 ], [ 142.762334448176375, 42.850299171070048 ], [ 142.768103060408066, 42.851721667421202 ], [ 142.772228053681943, 42.851023892438832 ], [ 142.780498339726819, 42.859347224994622 ], [ 142.786454162929431, 42.86111250513818 ], [ 142.787894720365216, 42.863459170904207 ], [ 142.785415005298432, 42.868837505246859 ], [ 142.791445005482842, 42.869714441368558 ], [ 142.798869727356191, 42.872791946591235 ], [ 142.8073888845895, 42.874383892302944 ], [ 142.812050829782152, 42.871130558828384 ], [ 142.814050271802785, 42.867283054069844 ], [ 142.829159727539604, 42.864842775174111 ], [ 142.834828339656383, 42.858728333146246 ], [ 142.835453332505494, 42.856794721499341 ], [ 142.842743060743828, 42.852588891764128 ], [ 142.846225005479823, 42.853011946344395 ], [ 142.851882217790262, 42.850516387021798 ], [ 142.860127496387008, 42.850675279240932 ], [ 142.862754448459214, 42.849040279385576 ], [ 142.866595005954991, 42.849950000292438 ], [ 142.881864720880344, 42.847870559079183 ], [ 142.884724162989869, 42.84831333309404 ], [ 142.887998611646822, 42.845422224955882 ], [ 142.891596666952751, 42.844156108118057 ], [ 142.894749441833483, 42.844395838597222 ], [ 142.89878111425719, 42.847519171472754 ], [ 142.905734448386283, 42.850078892027398 ], [ 142.914814162943458, 42.845121108552462 ], [ 142.918279169848006, 42.841605838538783 ], [ 142.928875278971077, 42.838895279193935 ], [ 142.945026666747481, 42.859951946225522 ], [ 142.933209999541987, 42.86476083794247 ], [ 142.938801387773992, 42.872234721255552 ], [ 142.931827496941651, 42.875274170766545 ], [ 142.930853332415495, 42.874121108602424 ], [ 142.923848339429469, 42.87658527888766 ], [ 142.924459441350336, 42.877335279299871 ], [ 142.921999999700461, 42.878770559513896 ], [ 142.924070271426103, 42.881635278845181 ], [ 142.932573060998152, 42.882969720776146 ], [ 142.936043605927807, 42.884829170729802 ], [ 142.937489169889432, 42.88481638686693 ], [ 142.942023060615952, 42.888324441619829 ], [ 142.943862502452703, 42.888733332777235 ], [ 142.94537972799219, 42.890769441057046 ], [ 142.94891749634553, 42.892561667587074 ], [ 142.951054162319906, 42.895786387332066 ], [ 142.956203060722828, 42.899901667028473 ], [ 142.956988611335532, 42.903310000456315 ], [ 142.959787223301873, 42.904063054066853 ], [ 142.962423605665094, 42.906015278982125 ], [ 142.961921945841254, 42.907398892245226 ], [ 142.960477223645171, 42.90798333286466 ], [ 142.952870271246184, 42.904601108554459 ], [ 142.952992217517021, 42.908097505395745 ], [ 142.950424448929311, 42.910536107955181 ], [ 142.950974448212378, 42.911921946141092 ], [ 142.963524448694557, 42.92300444100232 ], [ 142.96002111448297, 42.923781108111825 ], [ 142.958687496331095, 42.922987504969569 ], [ 142.956202775637735, 42.923187225510219 ], [ 142.956916393976599, 42.919280838540033 ], [ 142.955982775384996, 42.918526108593198 ], [ 142.954045550262094, 42.919728333096259 ], [ 142.952091672392953, 42.917966946117815 ], [ 142.945226938572546, 42.921913333134 ], [ 142.951490829938052, 42.927576667129642 ], [ 142.954374448522117, 42.924964999934957 ], [ 142.957132775357422, 42.925233333351798 ], [ 142.956912776003946, 42.927155278993098 ], [ 142.960501115034617, 42.925608892036905 ], [ 142.968227496501981, 42.927429440916114 ], [ 142.974793891025456, 42.923734999870533 ], [ 142.978398339611886, 42.924089721263783 ], [ 142.982971945299255, 42.919435000325166 ], [ 142.98650333296257, 42.9226991715297 ], [ 142.983583332305102, 42.92486361306544 ], [ 142.985378339538897, 42.926655559007031 ], [ 142.980199441551122, 42.929819721103399 ], [ 142.981769442006339, 42.93134110780602 ], [ 142.984275005387417, 42.931446108151533 ], [ 142.990959441325344, 42.92969917147974 ], [ 142.995818611439972, 42.930740838219265 ], [ 142.998268612006996, 42.929338892276235 ], [ 142.999553605614551, 42.929416108067073 ], [ 142.998835836904505, 42.934598892025406 ], [ 142.997569169681583, 42.935442775363981 ], [ 142.99349693873296, 42.934928613165141 ], [ 142.99182055747292, 42.936037225437758 ], [ 142.992356666727005, 42.937673054468064 ], [ 142.991416939040732, 42.937890837892041 ], [ 142.990940557361, 42.941301108459527 ], [ 142.988403605841881, 42.941722225000831 ], [ 142.987960271549468, 42.94360166688358 ], [ 142.983153060665359, 42.945821387047545 ], [ 142.979481387755982, 42.949480559380504 ], [ 142.975320557397936, 42.947320838386133 ], [ 142.973497496712298, 42.94764000058575 ], [ 142.971491114623404, 42.950879171536712 ], [ 142.965757496811193, 42.952664171114748 ], [ 142.965431945827845, 42.953893054221226 ], [ 142.960924162420383, 42.957340559419436 ], [ 142.959868339452441, 42.959411946304442 ], [ 143.001201672619231, 42.96264722498961 ], [ 142.994972502279325, 43.010475279410798 ], [ 143.024246108471289, 43.012675279240909 ], [ 143.021255836587784, 43.034760559352492 ], [ 143.021977223270369, 43.033785838146059 ], [ 143.033902217413583, 43.028504721415914 ] ] ] ] } },
{ "type": "Feature", "properties": { "fid": 17, "OBJECTID": 8435.0, "N03_001": "北海道", "N03_002": "十勝総合振興局", "N03_003": "中川郡", "N03_004": "豊頃町", "N03_007": "01645", "Shape_Leng": 1.4280596118843141, "Shape_Area": 0.059004204235055001, "join_key": "中川郡豊頃町" }, "geometry": { "type": "MultiPolygon", "coordinates": [ [ [ [ 143.55457111466535, 42.886779999897271 ], [ 143.557273060303714, 42.886348054619191 ], [ 143.561233605346843, 42.883588332935403 ], [ 143.565603060433091, 42.883179440878678 ], [ 143.566344720532584, 42.881537224863223 ], [ 143.569845278536945, 42.881252775595271 ], [ 143.572071945963671, 42.877909441567624 ], [ 143.571738611347996, 42.875602505151676 ], [ 143.575389441569655, 42.87199861324558 ], [ 143.580412775729201, 42.871819441314358 ], [ 143.583665550724731, 42.870351108317152 ], [ 143.585352217530954, 42.868634441026813 ], [ 143.584742502364747, 42.867196666992754 ], [ 143.581302502908329, 42.865506387609855 ], [ 143.579344162603206, 42.865584721258074 ], [ 143.578880829187142, 42.86314722486469 ], [ 143.57231389057381, 42.856642504947786 ], [ 143.563926393188694, 42.856572505317047 ], [ 143.562543605503151, 42.854772774843866 ], [ 143.562856393308039, 42.851486946165778 ], [ 143.561848611224605, 42.849680000431817 ], [ 143.559231672204078, 42.847730279229154 ], [ 143.558984720168837, 42.845838892551001 ], [ 143.55950555084064, 42.844263891865296 ], [ 143.562255550853138, 42.843092225426005 ], [ 143.564237496563351, 42.840415558831126 ], [ 143.563771672924531, 42.836684170937929 ], [ 143.566970557845139, 42.835312225479015 ], [ 143.569371673064438, 42.831337505321756 ], [ 143.570090829428409, 42.825521945781361 ], [ 143.577085550357992, 42.821577225208955 ], [ 143.579374720667033, 42.821239170951117 ], [ 143.5804474967548, 42.819962774862347 ], [ 143.580275836860551, 42.817658333165696 ], [ 143.576771387489771, 42.814994721129665 ], [ 143.576971945299192, 42.813099171489739 ], [ 143.580602217918226, 42.811161946366894 ], [ 143.580776666610063, 42.808599721200324 ], [ 143.583831387508667, 42.806149440944125 ], [ 143.590021114483079, 42.804126666912339 ], [ 143.593678339783764, 42.804802504731981 ], [ 143.595731945273201, 42.802830000104564 ], [ 143.588275550176718, 42.749408053738875 ], [ 143.594184162569263, 42.740888892008911 ], [ 143.591926108803023, 42.7349336128961 ], [ 143.592759441295357, 42.728046667619765 ], [ 143.596021946056112, 42.726112224999326 ], [ 143.602461387783023, 42.725315838455344 ], [ 143.604714448513164, 42.723482504813887 ], [ 143.59742444867959, 42.715113613502638 ], [ 143.596983890594288, 42.713673333058068 ], [ 143.597886108457374, 42.711746666875342 ], [ 143.602623605695044, 42.707588612724464 ], [ 143.605910557626316, 42.701240559204621 ], [ 143.608142217189766, 42.699425279453237 ], [ 143.610943060374098, 42.698712224989379 ], [ 143.617175836995443, 42.699360838532016 ], [ 143.624268339412538, 42.698315838005669 ], [ 143.629447781490057, 42.699464999810061 ], [ 143.63043389081156, 42.700453054365141 ], [ 143.628174720986749, 42.703536108404819 ], [ 143.629892217452038, 42.705011946244497 ], [ 143.629678611378949, 42.707450000217477 ], [ 143.632216393871659, 42.706639171460779 ], [ 143.635089441824448, 42.704242505187608 ], [ 143.6402011145899, 42.703836387539411 ], [ 143.64300389041739, 42.704508892471551 ], [ 143.646703060997652, 42.702155559131938 ], [ 143.654284162384329, 42.704493891779862 ], [ 143.654545005347927, 42.706156945986436 ], [ 143.656268884301767, 42.707055278778284 ], [ 143.663745837000988, 42.70635805418101 ], [ 143.666870830025005, 42.707152224795493 ], [ 143.672251114997152, 42.70455417153795 ], [ 143.673853605259865, 42.704593613104919 ], [ 143.679413890438923, 42.707014999942487 ], [ 143.689408611218596, 42.713896387408511 ], [ 143.690752775720171, 42.712966107999648 ], [ 143.672132502513136, 42.698458613474372 ], [ 143.669207833474957, 42.695429134746917 ], [ 143.668740803845253, 42.69374666687537 ], [ 143.659087223796519, 42.689582224839967 ], [ 143.649493606045212, 42.682696946007411 ], [ 143.641978028363496, 42.676015279082037 ], [ 143.643114824489771, 42.674706081120917 ], [ 143.642483021974044, 42.673352369416477 ], [ 143.647035550250621, 42.670158125896933 ], [ 143.647275187200307, 42.669848739328017 ], [ 143.646789804206264, 42.665034108137775 ], [ 143.647132360470209, 42.669842071754374 ], [ 143.645709701341843, 42.670988270292582 ], [ 143.645515369538884, 42.669760063476303 ], [ 143.645602736876981, 42.671064018389927 ], [ 143.642445939328809, 42.67327147719709 ], [ 143.641915044344046, 42.672408476969792 ], [ 143.642991127238929, 42.674711784621309 ], [ 143.641516964836228, 42.675775251826565 ], [ 143.639587781451155, 42.674303423164588 ], [ 143.639970570685477, 42.673951892565981 ], [ 143.638003267736849, 42.674010270257952 ], [ 143.638969247532941, 42.673187081218998 ], [ 143.637819895971575, 42.674009342157603 ], [ 143.636716341486135, 42.67262213520354 ], [ 143.642310777520493, 42.668508675734984 ], [ 143.644024046272875, 42.668632990820015 ], [ 143.642420493011514, 42.66842193702297 ], [ 143.643271789461664, 42.667703901214225 ], [ 143.636706368004639, 42.672386730463415 ], [ 143.631729169965411, 42.669909721456634 ], [ 143.578245836776091, 42.624836946068399 ], [ 143.524156666297245, 42.57346889207588 ], [ 143.518133060292712, 42.57648027914172 ], [ 143.519433890961523, 42.580315000037388 ], [ 143.52212389090505, 42.582540278910926 ], [ 143.516671114280712, 42.586187505549105 ], [ 143.518879727817307, 42.588435838543262 ], [ 143.515486666676452, 42.589828891989953 ], [ 143.515371387979371, 42.591220278992864 ], [ 143.52057333289315, 42.599940838499037 ], [ 143.515199441201389, 42.599499999825298 ], [ 143.511226108698111, 42.597833054252192 ], [ 143.506650271792751, 42.599204171435531 ], [ 143.503962217982121, 42.601343613617018 ], [ 143.504029727390161, 42.605486108597177 ], [ 143.500095278874255, 42.605703333542181 ], [ 143.494290271978684, 42.611104721106187 ], [ 143.497893890490786, 42.614989721298741 ], [ 143.487429999694882, 42.619810838399644 ], [ 143.485099999265685, 42.617141946443837 ], [ 143.484269441181937, 42.619804441521921 ], [ 143.479421946066168, 42.621831945987708 ], [ 143.47890500586152, 42.624103612791657 ], [ 143.479422502746502, 42.627927225261431 ], [ 143.484123890405385, 42.634597504971055 ], [ 143.474563061036633, 42.639447505598071 ], [ 143.467437223449338, 42.632147505303294 ], [ 143.463683060225208, 42.632380838005417 ], [ 143.462968884306747, 42.633877225353842 ], [ 143.463582775924579, 42.635371667468632 ], [ 143.461766393604307, 42.637310000556226 ], [ 143.46053722361421, 42.637403333097495 ], [ 143.459762502637545, 42.638825558752728 ], [ 143.455626938732394, 42.640189171093539 ], [ 143.451815005758135, 42.64479666683286 ], [ 143.444581114626885, 42.647560000194005 ], [ 143.443909169972358, 42.651743054598455 ], [ 143.441820271488496, 42.652685559391216 ], [ 143.441506393705254, 42.6551266674619 ], [ 143.438803890487293, 42.656870559029244 ], [ 143.440431387298872, 42.661000279139728 ], [ 143.43969111485319, 42.663117224780251 ], [ 143.440461114389109, 42.664744721591774 ], [ 143.439010557391498, 42.666086667465891 ], [ 143.434863332876716, 42.664523053995936 ], [ 143.433291672273072, 42.664726946491555 ], [ 143.428511945569994, 42.668112224899403 ], [ 143.42829444902975, 42.669304440847441 ], [ 143.427046938265789, 42.669617225055049 ], [ 143.425221387357283, 42.67174944118392 ], [ 143.421203332468053, 42.674046108241441 ], [ 143.417594162440878, 42.674384441289078 ], [ 143.413649169373798, 42.676977774904572 ], [ 143.410998339401999, 42.677058333475486 ], [ 143.409790272003647, 42.676045559255328 ], [ 143.409680829906506, 42.67394917121743 ], [ 143.405858611385952, 42.67215250473447 ], [ 143.403464448825389, 42.667894170779505 ], [ 143.401336108774558, 42.666657225250901 ], [ 143.399057224011813, 42.663555279153002 ], [ 143.397551387486715, 42.663321387072529 ], [ 143.396989441609662, 42.661279171496744 ], [ 143.392538053788371, 42.65981583783082 ], [ 143.390114162338932, 42.659859170764264 ], [ 143.3886602715545, 42.658758612819895 ], [ 143.390701114764852, 42.648381667580054 ], [ 143.38875805394116, 42.647999999800334 ], [ 143.382394162460855, 42.650516107732358 ], [ 143.378593332516516, 42.649670838538555 ], [ 143.376670557700209, 42.650889999973685 ], [ 143.375407496758726, 42.649616108496787 ], [ 143.372919169784041, 42.650065559078428 ], [ 143.369263333036542, 42.645237775303258 ], [ 143.364937496868151, 42.64942833275154 ], [ 143.364585550782749, 42.651018892607965 ], [ 143.361282217700364, 42.652456386952849 ], [ 143.361643060778761, 42.654820279232695 ], [ 143.358528053826831, 42.657422224756033 ], [ 143.355167781967793, 42.655878333418514 ], [ 143.352704720546626, 42.657126667062187 ], [ 143.350137223554157, 42.656407225613123 ], [ 143.346235836814571, 42.657217775580023 ], [ 143.337666938978259, 42.656941108145816 ], [ 143.336551387536701, 42.659923054105832 ], [ 143.337398339362039, 42.662337775168339 ], [ 143.335877496749276, 42.663791946541266 ], [ 143.338729441210944, 42.665928892204761 ], [ 143.338356393432946, 42.667421387287334 ], [ 143.333423332321104, 42.67180777480911 ], [ 143.333282502985298, 42.673438054123039 ], [ 143.330714720907849, 42.677965279074556 ], [ 143.330662502672567, 42.681780278737051 ], [ 143.331584448963326, 42.684802775128162 ], [ 143.328031945218299, 42.691336387564377 ], [ 143.329430829869125, 42.696468613435911 ], [ 143.333525551063531, 42.699452224940387 ], [ 143.334020271718373, 42.701719721588063 ], [ 143.332103890182566, 42.70354694613485 ], [ 143.331001387903939, 42.708086387476953 ], [ 143.332409728026732, 42.711540838139342 ], [ 143.334703060398056, 42.713997224792251 ], [ 143.334772217364161, 42.716930838487599 ], [ 143.336206393210659, 42.720580837735668 ], [ 143.340836938574057, 42.724671386975103 ], [ 143.341613605683506, 42.728167225337359 ], [ 143.345458339630795, 42.732090559132189 ], [ 143.345988053805854, 42.734414721162636 ], [ 143.347990829613309, 42.736688612889338 ], [ 143.349709169642665, 42.736988053855782 ], [ 143.351008339263672, 42.781724441430015 ], [ 143.396503060368104, 42.817274441362542 ], [ 143.389500000025123, 42.870156108317929 ], [ 143.480002775907565, 42.876353332940141 ], [ 143.48164666646062, 42.874732224912407 ], [ 143.487138611258047, 42.877475279460725 ], [ 143.488388611345499, 42.877694170849452 ], [ 143.490025278543953, 42.876168613091181 ], [ 143.51335555041851, 42.881345278961646 ], [ 143.550957781676516, 42.893952225415035 ], [ 143.550231387568715, 42.892073892396411 ], [ 143.550772775843143, 42.88952722550124 ], [ 143.55457111466535, 42.886779999897271 ] ] ] ] } },
{ "type": "Feature", "properties": { "fid": 18, "OBJECTID": 8301.0, "N03_001": "北海道", "N03_002": "十勝総合振興局", "N03_003": "河西郡", "N03_004": "中札内村", "N03_007": "01638", "Shape_Leng": 1.2937543858809279, "Shape_Area": 0.032112891658591998, "join_key": "河西郡中札内村" }, "geometry": { "type": "MultiPolygon", "coordinates": [ [ [ [ 143.196908858257416, 42.724540774837067 ], [ 143.189431115054049, 42.704743612827656 ], [ 143.190969441386756, 42.69950444137703 ], [ 143.18752167268724, 42.6988936128501 ], [ 143.186341672230583, 42.695744721242079 ], [ 143.183314720598105, 42.696285279442236 ], [ 143.163186394036984, 42.665187224910653 ], [ 143.13901444845817, 42.636748333468972 ], [ 143.122743605533174, 42.6266908382118 ], [ 143.128934162581686, 42.620988613034228 ], [ 143.10582610868812, 42.6070258378723 ], [ 143.106085005518821, 42.604301667288269 ], [ 143.111069441301879, 42.600773892201516 ], [ 143.098555278803246, 42.593091946236484 ], [ 143.094455278588384, 42.596605558799638 ], [ 143.095154162434824, 42.597252225310115 ], [ 143.090903890902041, 42.599806108365385 ], [ 143.088448339719321, 42.597592505389969 ], [ 143.08489666694777, 42.598367505156432 ], [ 143.081736393519918, 42.597233612941068 ], [ 143.077819727298788, 42.597066387603888 ], [ 143.074776108530727, 42.595704721395919 ], [ 143.07224167241543, 42.595692505005275 ], [ 143.070323890635223, 42.594379721447126 ], [ 143.056880271607383, 42.59445666744142 ], [ 143.05205944139027, 42.591939170956152 ], [ 143.048320271663329, 42.590953333229891 ], [ 143.04511306081929, 42.588840559544337 ], [ 143.042697781277752, 42.589237225317845 ], [ 143.038030271979665, 42.587335000010398 ], [ 143.032282217350598, 42.587721107743107 ], [ 143.02981778176536, 42.586204721271031 ], [ 143.027012502225375, 42.587179170882223 ], [ 143.025262502462738, 42.589451108382093 ], [ 143.022685836882033, 42.590821945876257 ], [ 143.01986999930125, 42.589732224762543 ], [ 143.018538053888278, 42.588120838406155 ], [ 143.008067223923376, 42.584296386868914 ], [ 143.008581114527033, 42.581371667468659 ], [ 143.003083060634935, 42.578040838514028 ], [ 142.997687781266222, 42.579230279154217 ], [ 142.991775005912018, 42.579139441332302 ], [ 142.98886805351799, 42.580347225444257 ], [ 142.984467781363151, 42.580186666781401 ], [ 142.977820271588485, 42.582334441181672 ], [ 142.975433060787282, 42.581595000608957 ], [ 142.970719441449205, 42.577722224900924 ], [ 142.959282218000112, 42.574993332876204 ], [ 142.951515005513329, 42.579073054278183 ], [ 142.940688884884253, 42.574879440933614 ], [ 142.937696393473971, 42.569606387524914 ], [ 142.93225250305079, 42.56628583782134 ], [ 142.926603332477953, 42.560457775006455 ], [ 142.922913060689325, 42.560200559008763 ], [ 142.917123605769916, 42.561820279382573 ], [ 142.910089727459081, 42.56864472087733 ], [ 142.893010829286482, 42.567247775164844 ], [ 142.878999999750363, 42.569324171273649 ], [ 142.877776108780608, 42.570509721446626 ], [ 142.871769727491142, 42.571937225222939 ], [ 142.865897496272623, 42.576864721329969 ], [ 142.856171387699533, 42.576431107809526 ], [ 142.848726393308539, 42.578068333486954 ], [ 142.846277781294702, 42.577319720728667 ], [ 142.842125836238552, 42.573870279290134 ], [ 142.834977496714259, 42.5716080544683 ], [ 142.825122217616467, 42.570426107878745 ], [ 142.821146108905964, 42.573721946011176 ], [ 142.816951945176356, 42.572765279594137 ], [ 142.813537223863932, 42.57534833305931 ], [ 142.811468611387454, 42.57805083807591 ], [ 142.810368339427555, 42.582510837805103 ], [ 142.810118053605493, 42.588457774806614 ], [ 142.807608884842352, 42.589279720982518 ], [ 142.804654162259908, 42.593166946097824 ], [ 142.800567223798566, 42.596419171607636 ], [ 142.797477781874363, 42.603205837979203 ], [ 142.795932775377423, 42.609575558865117 ], [ 142.795970557695227, 42.612907504777695 ], [ 142.793909727951814, 42.615749170887682 ], [ 142.791668339522403, 42.616407225513228 ], [ 142.788551672421931, 42.619958053821279 ], [ 142.777573060948157, 42.62035610814803 ], [ 142.771420271828219, 42.621509721596567 ], [ 142.766597781462679, 42.625036946298223 ], [ 142.769315278177714, 42.62777666705972 ], [ 142.769738339952596, 42.632137504842149 ], [ 142.769144162373323, 42.634810838549527 ], [ 142.76805583700741, 42.636674441572382 ], [ 142.762416393501894, 42.638325000598456 ], [ 142.760884448758475, 42.64044250561733 ], [ 142.755019441793934, 42.644771946268463 ], [ 142.754152775930038, 42.649284441224154 ], [ 142.75627055794007, 42.657032505346024 ], [ 142.752794720500106, 42.658651107862511 ], [ 142.751463332666845, 42.660646386921371 ], [ 142.753093332291655, 42.6687572249661 ], [ 142.754438339458034, 42.670756666986733 ], [ 142.758829727210355, 42.673324721558799 ], [ 142.758586939036149, 42.676153612799169 ], [ 142.76147444898686, 42.679163333421286 ], [ 142.763664162371356, 42.683608054568253 ], [ 142.770299727350675, 42.685262504960804 ], [ 142.77926138790292, 42.69024333356316 ], [ 142.785938611278084, 42.690694170899462 ], [ 142.794130271395034, 42.694121108602474 ], [ 142.811106393245609, 42.690986946090845 ], [ 142.817231945498065, 42.692366108609178 ], [ 142.819957496541406, 42.691632775332494 ], [ 142.827947781365197, 42.68703083830269 ], [ 142.84025444868405, 42.691391667091921 ], [ 142.847147496759703, 42.691709170941635 ], [ 142.84878778193081, 42.691146667484873 ], [ 142.852395005825088, 42.692037505326766 ], [ 142.859164162396382, 42.69548750524433 ], [ 142.862983605609088, 42.693946667105195 ], [ 142.863995550654295, 42.689326387502945 ], [ 142.870486939021248, 42.683502225047789 ], [ 142.867229169190978, 42.6777436132773 ], [ 142.863653605929358, 42.674569721415651 ], [ 142.865852775685198, 42.668066667043206 ], [ 142.864853890594759, 42.662956108537742 ], [ 142.862495278234633, 42.65794361300749 ], [ 142.864610557431433, 42.654299171569676 ], [ 142.86277666621038, 42.648711946299443 ], [ 142.860558339995578, 42.645378054253968 ], [ 142.859505005451865, 42.641256946051385 ], [ 142.862505550291075, 42.638128054466335 ], [ 142.867823060785781, 42.636599440811722 ], [ 142.870493332301635, 42.632231667457631 ], [ 142.87884583706591, 42.631845279136485 ], [ 142.880093605935372, 42.629984721218079 ], [ 142.883499999525498, 42.627574171211222 ], [ 142.889040271191789, 42.625943333418263 ], [ 142.890575279026052, 42.621247775164875 ], [ 142.900686108577247, 42.61483527892517 ], [ 142.907070271675821, 42.61931472109768 ], [ 142.910276108355902, 42.620405559169399 ], [ 142.919433890361915, 42.626897225426774 ], [ 142.928134162961442, 42.625493054560991 ], [ 142.932896108269006, 42.622179171531684 ], [ 142.953302217423584, 42.622777775574036 ], [ 142.956147781195341, 42.619901667228305 ], [ 142.96247610898547, 42.619033612811165 ], [ 142.964715005393373, 42.620787775535575 ], [ 142.969220271598488, 42.621501667268319 ], [ 142.974963060696837, 42.624513612813132 ], [ 142.981696938662935, 42.626031946317426 ], [ 142.983362502877412, 42.625463054076874 ], [ 142.988266393579352, 42.62613527931984 ], [ 142.991195836219049, 42.625456667091669 ], [ 142.994845278786784, 42.626146667434909 ], [ 142.995628611671236, 42.628047505088432 ], [ 142.999780829222118, 42.63066861336597 ], [ 143.007302775902531, 42.630811108246235 ], [ 143.009141945244778, 42.632552774890826 ], [ 143.008965005430809, 42.63380250518162 ], [ 143.011836109049341, 42.635695279513698 ], [ 143.016461387982872, 42.635903612861625 ], [ 143.020400829534879, 42.633806667244073 ], [ 143.023046666470691, 42.63396138750818 ], [ 143.024723332815711, 42.635340559019767 ], [ 143.028152217550996, 42.63555305443009 ], [ 143.031220557782717, 42.637331108544004 ], [ 143.030491672552785, 42.638806946383625 ], [ 143.031826393273604, 42.642504721216085 ], [ 143.031436666669038, 42.646740000151055 ], [ 143.038273061053133, 42.6457791707723 ], [ 143.039694721034721, 42.646289441604608 ], [ 143.039725278199171, 42.647536387594357 ], [ 143.041638611932626, 42.64860944157266 ], [ 143.042482502465646, 42.650582505578313 ], [ 143.045506108620202, 42.650914171052307 ], [ 143.045201114340102, 42.655367225317377 ], [ 143.055338884881849, 42.660174170901428 ], [ 143.08196749680269, 42.693377225378811 ], [ 143.073368339477497, 42.697434441246628 ], [ 143.072500830049421, 42.701764999755085 ], [ 143.075500829899511, 42.702330279419016 ], [ 143.078648611744256, 42.705283054069866 ], [ 143.082530271854694, 42.711650559026225 ], [ 143.084565278464993, 42.712139171485717 ], [ 143.090437223699041, 42.716125000068871 ], [ 143.091963332741784, 42.718845000496515 ], [ 143.097978611923622, 42.721595837777841 ], [ 143.098208884232804, 42.723678892467092 ], [ 143.097546938240839, 42.724748054179543 ], [ 143.100775005262449, 42.726959720914579 ], [ 143.10218472044869, 42.731336667353503 ], [ 143.115753061055102, 42.725575000585991 ], [ 143.119314162318915, 42.730022774931285 ], [ 143.139695550909096, 42.720981107991918 ], [ 143.146053060800341, 42.725503613301271 ], [ 143.149594162940502, 42.73119750536074 ], [ 143.15857306079829, 42.732595000559002 ], [ 143.196908858257416, 42.724540774837067 ] ] ] ] } },
{ "type": "Feature", "properties": { "fid": 19, "OBJECTID": 8299.0, "N03_001": "北海道", "N03_002": "十勝総合振興局", "N03_003": "上川郡", "N03_004": "清水町", "N03_007": "01636", "Shape_Leng": 1.280854893326824, "Shape_Area": 0.044381723068043, "join_key": "上川郡清水町" }, "geometry": { "type": "MultiPolygon", "coordinates": [ [ [ [ 142.928431672184047, 43.117869720911074 ], [ 142.932784720938344, 43.103617505243847 ], [ 142.939615005328392, 43.097937774808599 ], [ 142.943843605897882, 43.095548892167812 ], [ 142.946786108492347, 43.092140000260997 ], [ 142.946823890810037, 43.087486387287129 ], [ 142.953622217791349, 43.083360278853945 ], [ 142.954368884416681, 43.080235279534691 ], [ 142.959645278806761, 43.075266946112833 ], [ 142.973188053486069, 43.064488333070301 ], [ 142.98059722338337, 43.060219171277879 ], [ 142.990871672889625, 43.056146666935319 ], [ 142.997971387869484, 43.049928891904983 ], [ 143.006847223420777, 43.045070279370066 ], [ 143.015308053324134, 43.038339720801616 ], [ 143.021255836587784, 43.034760559352492 ], [ 143.024246108471289, 43.012675279240909 ], [ 142.994972502279325, 43.010475279410798 ], [ 143.001201672619231, 42.96264722498961 ], [ 142.959868339452441, 42.959411946304442 ], [ 142.960924162420383, 42.957340559419436 ], [ 142.965431945827845, 42.953893054221226 ], [ 142.965757496811193, 42.952664171114748 ], [ 142.971491114623404, 42.950879171536712 ], [ 142.973497496712298, 42.94764000058575 ], [ 142.975320557397936, 42.947320838386133 ], [ 142.979481387755982, 42.949480559380504 ], [ 142.983153060665359, 42.945821387047545 ], [ 142.987960271549468, 42.94360166688358 ], [ 142.988403605841881, 42.941722225000831 ], [ 142.990940557361, 42.941301108459527 ], [ 142.991416939040732, 42.937890837892041 ], [ 142.992356666727005, 42.937673054468064 ], [ 142.99182055747292, 42.936037225437758 ], [ 142.99349693873296, 42.934928613165141 ], [ 142.997569169681583, 42.935442775363981 ], [ 142.998835836904505, 42.934598892025406 ], [ 142.999530271804815, 42.929369441346807 ], [ 142.995818611439972, 42.930740838219265 ], [ 142.990959441325344, 42.92969917147974 ], [ 142.984275005387417, 42.931446108151533 ], [ 142.981769442006339, 42.93134110780602 ], [ 142.980199441551122, 42.929819721103399 ], [ 142.985378339538897, 42.926655559007031 ], [ 142.983583332305102, 42.92486361306544 ], [ 142.98650333296257, 42.9226991715297 ], [ 142.982971945299255, 42.919435000325166 ], [ 142.978398339611886, 42.924089721263783 ], [ 142.974793891025456, 42.923734999870533 ], [ 142.968227496501981, 42.927429440916114 ], [ 142.960501115034617, 42.925608892036905 ], [ 142.956912776003946, 42.927155278993098 ], [ 142.957132775357422, 42.925233333351798 ], [ 142.954374448522117, 42.924964999934957 ], [ 142.951490829938052, 42.927576667129642 ], [ 142.945226938572546, 42.921913333134 ], [ 142.952091672392953, 42.917966946117815 ], [ 142.954045550262094, 42.919728333096259 ], [ 142.955982775384996, 42.918526108593198 ], [ 142.956916393976599, 42.919280838540033 ], [ 142.956202775637735, 42.923187225510219 ], [ 142.958687496331095, 42.922987504969569 ], [ 142.96002111448297, 42.923781108111825 ], [ 142.963524448694557, 42.92300444100232 ], [ 142.950974448212378, 42.911921946141092 ], [ 142.950424448929311, 42.910536107955181 ], [ 142.952992217517021, 42.908097505395745 ], [ 142.952870271246184, 42.904601108554459 ], [ 142.960477223645171, 42.90798333286466 ], [ 142.961921945841254, 42.907398892245226 ], [ 142.962423605665094, 42.906015278982125 ], [ 142.959787223301873, 42.904063054066853 ], [ 142.956988611335532, 42.903310000456315 ], [ 142.956203060722828, 42.899901667028473 ], [ 142.951054162319906, 42.895786387332066 ], [ 142.94891749634553, 42.892561667587074 ], [ 142.94537972799219, 42.890769441057046 ], [ 142.943862502452703, 42.888733332777235 ], [ 142.942023060615952, 42.888324441619829 ], [ 142.937489169889432, 42.88481638686693 ], [ 142.936043605927807, 42.884829170729802 ], [ 142.932573060998152, 42.882969720776146 ], [ 142.924070271426103, 42.881635278845181 ], [ 142.921999999700461, 42.878770559513896 ], [ 142.924459441350336, 42.877335279299871 ], [ 142.923848339429469, 42.87658527888766 ], [ 142.930853332415495, 42.874121108602424 ], [ 142.931827496941651, 42.875274170766545 ], [ 142.938801387773992, 42.872234721255552 ], [ 142.933209999541987, 42.86476083794247 ], [ 142.945026666747481, 42.859951946225522 ], [ 142.928875278971077, 42.838895279193935 ], [ 142.918279169848006, 42.841605838538783 ], [ 142.914814162943458, 42.845121108552462 ], [ 142.905734448386283, 42.850078892027398 ], [ 142.89878111425719, 42.847519171472754 ], [ 142.894749441833483, 42.844395838597222 ], [ 142.891596666952751, 42.844156108118057 ], [ 142.887998611646822, 42.845422224955882 ], [ 142.884724162989869, 42.84831333309404 ], [ 142.881864720880344, 42.847870559079183 ], [ 142.866595005954991, 42.849950000292438 ], [ 142.862754448459214, 42.849040279385576 ], [ 142.860127496387008, 42.850675279240932 ], [ 142.851882217790262, 42.850516387021798 ], [ 142.846225005479823, 42.853011946344395 ], [ 142.842743060743828, 42.852588891764128 ], [ 142.835453332505494, 42.856794721499341 ], [ 142.834828339656383, 42.858728333146246 ], [ 142.829159727539604, 42.864842775174111 ], [ 142.814050271802785, 42.867283054069844 ], [ 142.812050829782152, 42.871130558828384 ], [ 142.8073888845895, 42.874383892302944 ], [ 142.798869727356191, 42.872791946591235 ], [ 142.791445005482842, 42.869714441368558 ], [ 142.785415005298432, 42.868837505246859 ], [ 142.779460558058531, 42.871621666906549 ], [ 142.77570972772196, 42.870906107830763 ], [ 142.770283060215206, 42.872771666879089 ], [ 142.768825836543328, 42.88009472129454 ], [ 142.765577781189791, 42.884932224942418 ], [ 142.763479441623076, 42.892606945754096 ], [ 142.760129441820482, 42.894577225458761 ], [ 142.75841472066304, 42.894735837988719 ], [ 142.756115005803053, 42.897935559278778 ], [ 142.758811114841251, 42.902498892010442 ], [ 142.760639169462252, 42.903664441261128 ], [ 142.764606108685143, 42.908060559447449 ], [ 142.764807496568892, 42.909702775462904 ], [ 142.768251672476936, 42.912881667555098 ], [ 142.768135278620434, 42.91425389180381 ], [ 142.7704508296423, 42.918354999983421 ], [ 142.776652775705202, 42.923018613418435 ], [ 142.777998053567444, 42.925565559103461 ], [ 142.774657496646341, 42.929880838130316 ], [ 142.774039999646448, 42.933370559304024 ], [ 142.772397223353323, 42.936407505102466 ], [ 142.767030829309533, 42.936395838197541 ], [ 142.76436666688835, 42.93783972132627 ], [ 142.759362502677504, 42.942532774967731 ], [ 142.759086938711448, 42.945000838418139 ], [ 142.760385550752744, 42.95128555898151 ], [ 142.756697223298374, 42.952919440979599 ], [ 142.756231387968342, 42.955081386896666 ], [ 142.75398861188512, 42.958039441467236 ], [ 142.754137496448493, 42.959499721035456 ], [ 142.752292218011576, 42.961493892129567 ], [ 142.752209727696936, 42.963272775418432 ], [ 142.749600557919621, 42.96448666682636 ], [ 142.750647223990427, 42.968655559606532 ], [ 142.751596108573722, 42.970538053788346 ], [ 142.753648884888321, 42.972130838567523 ], [ 142.754315836506862, 42.974719171053096 ], [ 142.759907496334108, 42.976324441120255 ], [ 142.762322775875532, 42.978061108433565 ], [ 142.763875005727073, 42.981214171097292 ], [ 142.763144720252853, 42.983627505405195 ], [ 142.763592502592132, 42.989138612956765 ], [ 142.751769441206875, 42.994881946145085 ], [ 142.750184162169489, 42.996688333400016 ], [ 142.744876939019719, 42.997776666859863 ], [ 142.740865550804756, 43.00498972159852 ], [ 142.745582503030278, 43.007453891883756 ], [ 142.74824583627651, 43.010043892611748 ], [ 142.750765005500739, 43.010449440989078 ], [ 142.754910557276617, 43.013336666753958 ], [ 142.758045005772601, 43.013757505404726 ], [ 142.761135278670395, 43.0127108384346 ], [ 142.771726938847337, 43.01405027879747 ], [ 142.776397223453273, 43.01541027946098 ], [ 142.782355836352963, 43.019174999826532 ], [ 142.789198339831728, 43.02035389231844 ], [ 142.793211672380949, 43.023253333574644 ], [ 142.795290271828776, 43.02657666757932 ], [ 142.805740557680792, 43.030121386792757 ], [ 142.810196393548949, 43.033978333533412 ], [ 142.813876393281134, 43.035228892099838 ], [ 142.823373333013137, 43.034167225337342 ], [ 142.829659727214789, 43.036281946055112 ], [ 142.839442217884198, 43.037513054084343 ], [ 142.852220558032514, 43.036097225306889 ], [ 142.858424162445317, 43.037907225138497 ], [ 142.858046666620567, 43.039477225593657 ], [ 142.853877223455243, 43.040262224921889 ], [ 142.852101387968901, 43.042975000196293 ], [ 142.859066938488581, 43.046780558775936 ], [ 142.855514720727911, 43.050991667531605 ], [ 142.861152217201266, 43.053560559372499 ], [ 142.85680111457998, 43.058813054279199 ], [ 142.855709999516989, 43.061500000125079 ], [ 142.895739727606497, 43.070201386984593 ], [ 142.88648749700053, 43.087779171471766 ], [ 142.919773890752595, 43.093123891854304 ], [ 142.917658884949788, 43.095292505345014 ], [ 142.916709169392789, 43.097951108157304 ], [ 142.917349727707915, 43.100778332953894 ], [ 142.919969999616001, 43.10517361297201 ], [ 142.915198053847234, 43.11079333344577 ], [ 142.915140829985489, 43.112219170778303 ], [ 142.916307781279215, 43.1140891715782 ], [ 142.915884162824, 43.117184720798377 ], [ 142.916730829564358, 43.118266667273019 ], [ 142.920850557307517, 43.119013054209233 ], [ 142.924691387297912, 43.117607224993606 ], [ 142.92940111437008, 43.120438333062793 ], [ 142.928431672184047, 43.117869720911074 ] ] ] ] } },
{ "type": "Feature", "properties": { "fid": 20, "OBJECTID": 8657.0, "N03_001": "北海道", "N03_002": "根室振興局", "N03_003": "標津郡", "N03_004": "標津町", "N03_007": "01693", "Shape_Leng": 1.932221069811741, "Shape_Area": 0.069793379629648003, "join_key": "標津郡標津町" }, "geometry": { "type": "MultiPolygon", "coordinates": [ [ [ [ 144.950829999604935, 43.902347505333296 ], [ 144.955170829270514, 43.898641107801041 ], [ 144.957900557664743, 43.899264171604386 ], [ 144.959620271858284, 43.898202225152716 ], [ 144.962122775745684, 43.8992144408939 ], [ 144.963720558057503, 43.898687225035587 ], [ 144.964434720486111, 43.897551107897471 ], [ 144.966389999499029, 43.898358054280948 ], [ 144.967718339529938, 43.895998612745927 ], [ 144.969759727729411, 43.896117225229943 ], [ 144.974641114695828, 43.893868613445932 ], [ 144.986344720932266, 43.892392504910333 ], [ 144.986985836827103, 43.891530559587807 ], [ 144.990461114888717, 43.891105558874585 ], [ 144.991433890861572, 43.88994083789953 ], [ 144.99595722354718, 43.888621946146088 ], [ 145.004121945371708, 43.884401108524514 ], [ 145.006845836266507, 43.879911946479297 ], [ 145.012944162443318, 43.879078891877498 ], [ 145.012266938768335, 43.877828891790102 ], [ 145.014980557606805, 43.877925279328338 ], [ 145.017194162380861, 43.874358054580739 ], [ 145.018712217994675, 43.874300559123697 ], [ 145.019076938949752, 43.872634171130244 ], [ 145.020225005379871, 43.872946667554857 ], [ 145.021602502353744, 43.869322225240694 ], [ 145.023464448825393, 43.867640559564336 ], [ 145.030958611850679, 43.866020838291206 ], [ 145.033489727669007, 43.864573333592659 ], [ 145.035828054021636, 43.865318054085094 ], [ 145.038283605204356, 43.86390166682861 ], [ 145.040372217703862, 43.865104440817447 ], [ 145.046173605727517, 43.864313333293865 ], [ 145.049662775616753, 43.865911946579217 ], [ 145.050707223959421, 43.864834171160226 ], [ 145.050399727765353, 43.862907504977557 ], [ 145.054047496694807, 43.864558054111058 ], [ 145.055383605968814, 43.863779721457149 ], [ 145.055383605968814, 43.862462505140684 ], [ 145.056018884364221, 43.862537774798625 ], [ 145.057914720887879, 43.864548054549232 ], [ 145.066213332879215, 43.860012505472923 ], [ 145.068846108960884, 43.862192225590888 ], [ 145.071978611324084, 43.860312225229166 ], [ 145.077275005737079, 43.861773054283219 ], [ 145.079720271373617, 43.861153612949067 ], [ 145.080420829757713, 43.859877775339214 ], [ 145.082579169393284, 43.859708333173216 ], [ 145.08429527820465, 43.861388333305115 ], [ 145.089453605999324, 43.860354720893838 ], [ 145.098546666495622, 43.860920000557769 ], [ 145.098383605918912, 43.858656946560984 ], [ 145.096352775760124, 43.855086108337389 ], [ 145.09623027190969, 43.852479721062423 ], [ 145.09439833941201, 43.849264170804986 ], [ 145.094451672806599, 43.846345000221731 ], [ 145.092940271276689, 43.843233613040979 ], [ 145.09225944132038, 43.83936917135037 ], [ 145.085846108711166, 43.825517225040073 ], [ 145.084083605674095, 43.82360055931855 ], [ 145.083656666921797, 43.820922774866347 ], [ 145.080889727279214, 43.818645279556165 ], [ 145.066187223761517, 43.811285558881593 ], [ 145.061118339839709, 43.806055000238246 ], [ 145.061949999593025, 43.79969750473623 ], [ 145.063494162525785, 43.796794721599269 ], [ 145.064374448622061, 43.796878054578713 ], [ 145.065672865510464, 43.793987865547706 ], [ 145.064347781924766, 43.796556613497103 ], [ 145.063108884867347, 43.796416946085344 ], [ 145.063267496497929, 43.795543613547068 ], [ 145.064018884564007, 43.795610000601187 ], [ 145.063332775587355, 43.795336387264626 ], [ 145.063556808400222, 43.794179171131987 ], [ 145.064807470388587, 43.794217721470829 ], [ 145.063392775656212, 43.794090559132144 ], [ 145.063603060532955, 43.79202444137502 ], [ 145.059381114946632, 43.786500279264658 ], [ 145.059055278878191, 43.784587504909609 ], [ 145.063642217914207, 43.772431386799212 ], [ 145.063991672877592, 43.760702774913284 ], [ 145.069068612026967, 43.747955838191558 ], [ 145.074835005631144, 43.740941387035548 ], [ 145.084995836588746, 43.731536386794971 ], [ 145.088366938983199, 43.729041667439162 ], [ 145.091846341335781, 43.727758135229919 ], [ 145.094246212792655, 43.725574766562374 ], [ 145.095528339361522, 43.723666946572507 ], [ 145.095186666231825, 43.721265558858647 ], [ 145.096450829742139, 43.718019170848208 ], [ 145.107875278321671, 43.701402224733044 ], [ 145.120788053625915, 43.686050837876053 ], [ 145.122193060861264, 43.681402225132729 ], [ 145.125238884766873, 43.675766387009332 ], [ 145.13372610887302, 43.669242505237605 ], [ 145.136213358459941, 43.668684224997151 ], [ 145.135268611657239, 43.668614171407057 ], [ 145.13514866368007, 43.667368171504052 ], [ 145.138419247950083, 43.66593986553255 ], [ 145.139208806841111, 43.664659613150775 ], [ 145.138352826721757, 43.665880946448681 ], [ 145.136445227065792, 43.666317080768806 ], [ 145.131981387231463, 43.669633891990713 ], [ 145.12746082985359, 43.669990278928424 ], [ 145.12843916993188, 43.6682116672348 ], [ 145.12918666663154, 43.668422774991257 ], [ 145.12867693898977, 43.669263892015181 ], [ 145.129656393328105, 43.66955417158789 ], [ 145.129102775173124, 43.669278333328577 ], [ 145.129941309344076, 43.667810666729054 ], [ 145.131483942530053, 43.66827600023737 ], [ 145.130472411173059, 43.667489080856569 ], [ 145.131257223442276, 43.665834441606364 ], [ 145.134779078292013, 43.666630197725624 ], [ 145.132606938559547, 43.665682386932758 ], [ 145.133408832551709, 43.664242865515973 ], [ 145.136018948415881, 43.665643973290912 ], [ 145.13590827424764, 43.664042413826508 ], [ 145.135480336348678, 43.664786946360664 ], [ 145.133335446973433, 43.664078613337495 ], [ 145.134263008631137, 43.662905342507713 ], [ 145.135308481301536, 43.664061793317273 ], [ 145.134801646778783, 43.663011991310498 ], [ 145.133438494890811, 43.662385838335922 ], [ 145.133480051663241, 43.661451504783258 ], [ 145.136745446845111, 43.661074505384306 ], [ 145.137605887601808, 43.660766135049244 ], [ 145.135988443412089, 43.660869702774733 ], [ 145.136197172461721, 43.659292171396771 ], [ 145.137135693257846, 43.6584140005059 ], [ 145.138557471050603, 43.659100559143667 ], [ 145.139048754496571, 43.658267721278492 ], [ 145.136355745421497, 43.657485414520409 ], [ 145.135999999700402, 43.655520838316193 ], [ 145.136773605517647, 43.652342775398949 ], [ 145.139734720481101, 43.649071946513288 ], [ 145.146082502405761, 43.645498332981845 ], [ 145.1631183392401, 43.639155838171575 ], [ 145.209362502277827, 43.625121108252699 ], [ 145.224267496248103, 43.622029721094918 ], [ 145.235703060448031, 43.618574441257635 ], [ 145.245559169620151, 43.61508083860997 ], [ 145.245575550771264, 43.613746946164781 ], [ 145.235922775615791, 43.614917775335243 ], [ 145.229424720574571, 43.614381945770333 ], [ 145.227724448824461, 43.615899171309877 ], [ 145.227618611210119, 43.617918332764987 ], [ 145.225578611563833, 43.617512225009364 ], [ 145.225821945626421, 43.618888053740875 ], [ 145.224793332546483, 43.619918891743623 ], [ 145.213628884265745, 43.622542224943913 ], [ 145.202320271963117, 43.624010558840382 ], [ 145.202351387606654, 43.623056108352898 ], [ 145.196827223697596, 43.622782775604776 ], [ 145.19406693903818, 43.621036387519439 ], [ 145.193600829414891, 43.619838892551002 ], [ 145.19557082943038, 43.619345278961646 ], [ 145.196663060551941, 43.618173613421675 ], [ 145.199728053506988, 43.617616387186672 ], [ 145.200962217432561, 43.616412225543968 ], [ 145.200760557953572, 43.614330559407961 ], [ 145.200013332849267, 43.614010279351078 ], [ 145.20070861131353, 43.611864720880305 ], [ 145.201863605221433, 43.611627775601505 ], [ 145.201086394022013, 43.610054999838553 ], [ 145.201683890998993, 43.609239721236293 ], [ 145.198469999990721, 43.608030838152843 ], [ 145.194040271441509, 43.613103054062833 ], [ 145.191537781943225, 43.614407505402198 ], [ 145.190095278374542, 43.613821387547148 ], [ 145.188434162207045, 43.611707225308351 ], [ 145.188874448696993, 43.609707505397239 ], [ 145.187759999824266, 43.6102722247835 ], [ 145.186595836428864, 43.609241386780752 ], [ 145.18517944197788, 43.610238332932909 ], [ 145.181559999894262, 43.607111107791582 ], [ 145.179479441723061, 43.606954999873494 ], [ 145.179450829792131, 43.605540558749965 ], [ 145.178289727688934, 43.605738612846892 ], [ 145.17747972720781, 43.60434833290941 ], [ 145.175555550348577, 43.603371667368719 ], [ 145.175008611458452, 43.601843054613425 ], [ 145.175919999708412, 43.601129721359712 ], [ 145.175378339838744, 43.600832775112622 ], [ 145.176657223452253, 43.598799441241397 ], [ 145.176315836307026, 43.598002505211639 ], [ 145.178565836644225, 43.597356945766592 ], [ 145.177401672349447, 43.596109720986988 ], [ 145.175714720458132, 43.595773612862104 ], [ 145.175779727952317, 43.593599441561139 ], [ 145.170663060352126, 43.589453892483334 ], [ 145.17247833920419, 43.588420279172738 ], [ 145.171069727486156, 43.58789944130632 ], [ 145.16887333303805, 43.584920838126322 ], [ 145.170578611313999, 43.584556386967847 ], [ 145.17092778119229, 43.583743891767369 ], [ 145.168678053349709, 43.583811386786238 ], [ 145.167398053677402, 43.584889171198483 ], [ 145.165628884865328, 43.583945559340236 ], [ 145.163173332783231, 43.584225279073564 ], [ 145.162229169640682, 43.582585000197753 ], [ 145.164525836698203, 43.582725558837637 ], [ 145.163237223319356, 43.581531386864185 ], [ 145.161692775301503, 43.58208777493104 ], [ 145.16176444857058, 43.580909440918106 ], [ 145.16082583694299, 43.580234999745585 ], [ 145.15879360564054, 43.580781387351294 ], [ 145.159151387426732, 43.581954721133627 ], [ 145.158391114958135, 43.581444171511464 ], [ 145.157063332506937, 43.582075000061366 ], [ 145.157786938716413, 43.581143613587074 ], [ 145.157102502478665, 43.580068332887436 ], [ 145.15729749618265, 43.578150279511931 ], [ 145.156778054064148, 43.578629440996053 ], [ 145.155319999418566, 43.577810838499545 ], [ 145.155774448432226, 43.576521667541101 ], [ 145.153424448879377, 43.575617775140358 ], [ 145.154409999721906, 43.572450558946286 ], [ 145.151164448980353, 43.572406386945374 ], [ 145.149501387579107, 43.573726387562886 ], [ 145.1474927751716, 43.57296583810313 ], [ 145.146793605340804, 43.573652224970374 ], [ 145.144592217856712, 43.572562504755979 ], [ 145.144448884808412, 43.571108333383052 ], [ 145.142942502394703, 43.571078332898935 ], [ 145.141589999379107, 43.568825837842326 ], [ 145.143700272050069, 43.567313054054353 ], [ 145.142019727828369, 43.567276386895912 ], [ 145.140734448236344, 43.565429171319352 ], [ 145.139131945383156, 43.566011108226235 ], [ 145.13798999973892, 43.564903054432591 ], [ 145.136389999698849, 43.565500559503391 ], [ 145.134962775611825, 43.563768892420626 ], [ 145.132825005269979, 43.564981108391578 ], [ 145.133382502200902, 43.565831108019381 ], [ 145.131891387577639, 43.565606946603452 ], [ 145.131838053283673, 43.567029171359366 ], [ 145.129576666629987, 43.566811387036068 ], [ 145.12994639321164, 43.566156667096664 ], [ 145.129256393767719, 43.565680000331895 ], [ 145.126765550489949, 43.56644805373486 ], [ 145.127451672956568, 43.565876666774898 ], [ 145.126942775388898, 43.565473053738629 ], [ 145.124557223836973, 43.565518613393465 ], [ 145.123683605314341, 43.566733333077025 ], [ 145.123522217476534, 43.565729170764769 ], [ 145.118474162752591, 43.565802505081706 ], [ 145.118353332540437, 43.565074440932847 ], [ 145.114772775343454, 43.563497775602002 ], [ 145.113445005482845, 43.563777775024448 ], [ 145.094849442048258, 43.578089171478268 ], [ 145.060754720554087, 43.605480000202022 ], [ 145.070101945648503, 43.614447775244798 ], [ 145.071606938609534, 43.617291387487683 ], [ 145.071325836618257, 43.618458054595692 ], [ 145.074143060953702, 43.6218013868247 ], [ 145.077189169944404, 43.623124170843994 ], [ 145.080776938804888, 43.627405279230402 ], [ 145.079855278498485, 43.62850389194125 ], [ 145.079604720181919, 43.636253054135295 ], [ 145.073745836701164, 43.635388333504977 ], [ 145.063152502885828, 43.639970559194126 ], [ 145.056684720823341, 43.640011945994672 ], [ 145.05438805376582, 43.638736108384876 ], [ 145.052274162222943, 43.635299171120039 ], [ 145.049535005336452, 43.633445000186782 ], [ 145.039343333028569, 43.632736387474495 ], [ 145.031359727469635, 43.630845559275315 ], [ 145.027344162803047, 43.630903053833038 ], [ 145.021490829937989, 43.62771027890642 ], [ 145.020261672538368, 43.625877224954138 ], [ 144.886268611507376, 43.672602775298003 ], [ 144.882927497006563, 43.677276945874496 ], [ 144.879183332444995, 43.679380837855547 ], [ 144.87928722392644, 43.682567505486134 ], [ 144.877669169996352, 43.684525838596755 ], [ 144.878107496863663, 43.686129999799846 ], [ 144.876748339764276, 43.687431946527283 ], [ 144.876714448812891, 43.689306387280112 ], [ 144.873891945457103, 43.69067972129227 ], [ 144.87122027189821, 43.690277504903122 ], [ 144.861324448664504, 43.692073892596227 ], [ 144.858948339994072, 43.69355138698711 ], [ 144.855636109019429, 43.693862775446917 ], [ 144.852006108895011, 43.695574441607334 ], [ 144.845864720480677, 43.695285278992571 ], [ 144.840591387382801, 43.698681946414865 ], [ 144.838228339566399, 43.698167505426227 ], [ 144.835656938617035, 43.698901666978543 ], [ 144.831856393757789, 43.698642504847896 ], [ 144.828184720848412, 43.702079720902589 ], [ 144.822220271348669, 43.699517225040097 ], [ 144.821011672450936, 43.700983333114493 ], [ 144.816762217502514, 43.699666667183124 ], [ 144.813992775946076, 43.700874721091679 ], [ 144.810315836606719, 43.694289440805221 ], [ 144.808786108692175, 43.693666108104594 ], [ 144.801928884210838, 43.694298333301617 ], [ 144.799953890259985, 43.695759171348868 ], [ 144.796383606018821, 43.696342225213698 ], [ 144.793935005696085, 43.698199999730377 ], [ 144.786690557423412, 43.698889721283763 ], [ 144.785297496782277, 43.70039722515196 ], [ 144.782762775581773, 43.698781666840603 ], [ 144.777929727175319, 43.700674171376079 ], [ 144.774068053597944, 43.700876107846284 ], [ 144.774521387452296, 43.69917833351343 ], [ 144.771409727776927, 43.696437775483105 ], [ 144.766312502620053, 43.694900000434814 ], [ 144.762811673020451, 43.695141945944215 ], [ 144.761028053901782, 43.694052505418938 ], [ 144.758178053774373, 43.694518333554413 ], [ 144.752065836669203, 43.692511946069601 ], [ 144.749085550857671, 43.689314170912439 ], [ 144.749376108320917, 43.68740972158156 ], [ 144.747300829170058, 43.684516946100359 ], [ 144.744037223639111, 43.682461108493555 ], [ 144.738371114335678, 43.683806666944292 ], [ 144.732817496730263, 43.683930559348028 ], [ 144.734183890674217, 43.686439441227378 ], [ 144.734066666743502, 43.688085000022909 ], [ 144.731408054038639, 43.692657504940087 ], [ 144.729845550332016, 43.698377775014478 ], [ 144.730274720302305, 43.701309721366727 ], [ 144.724835278825253, 43.705074721421397 ], [ 144.725062775826586, 43.706898333391564 ], [ 144.723525836248541, 43.70984361309246 ], [ 144.724246666250792, 43.711453892383417 ], [ 144.72405610890246, 43.716349171177455 ], [ 144.725493891030396, 43.720004999831019 ], [ 144.724739441672114, 43.722453333055057 ], [ 144.721950271687888, 43.726402505271551 ], [ 144.721759999424648, 43.727909721356696 ], [ 144.723349441423807, 43.732423054480535 ], [ 144.722230272009597, 43.739644441437974 ], [ 144.720246667050219, 43.741777775424168 ], [ 144.721548611979074, 43.750548613328021 ], [ 144.720038054013116, 43.755090559282053 ], [ 144.720764720615534, 43.756051667450663 ], [ 144.72018916979448, 43.758178892342187 ], [ 144.72228999958395, 43.761655000478072 ], [ 144.725297781267727, 43.761514721527362 ], [ 144.728410557901157, 43.762557775021492 ], [ 144.732218884593976, 43.761163333021557 ], [ 144.745984720818342, 43.760734171145259 ], [ 144.752995836388891, 43.757811108296153 ], [ 144.760838611712757, 43.75699889188553 ], [ 144.796105550930633, 43.762890279562896 ], [ 144.797152502985796, 43.763561946326945 ], [ 144.797469728045712, 43.765572225178232 ], [ 144.801969727820847, 43.765889720934013 ], [ 144.810192502682071, 43.774842505177617 ], [ 144.804973890632709, 43.777680279021808 ], [ 144.807593605860347, 43.780800000219983 ], [ 144.811837781788427, 43.781758333080802 ], [ 144.810566939013256, 43.784356946615958 ], [ 144.808291114643453, 43.785434999925485 ], [ 144.807582775325045, 43.787429440816197 ], [ 144.814832217532967, 43.790439441127489 ], [ 144.816029727789896, 43.795902505096706 ], [ 144.823289442054261, 43.796100837983431 ], [ 144.827424720874319, 43.794267505241351 ], [ 144.829778339299082, 43.79645472120859 ], [ 144.830632502787921, 43.799444171111759 ], [ 144.839003890617278, 43.799496667237577 ], [ 144.838090272048589, 43.796611667294769 ], [ 144.841194448465217, 43.792716386951838 ], [ 144.84168416259422, 43.789420000233008 ], [ 144.843934162931419, 43.786691108208231 ], [ 144.84947555065628, 43.786436386929893 ], [ 144.85282888424581, 43.789019441294329 ], [ 144.857823332181169, 43.786056387392534 ], [ 144.859813060624447, 43.786384720878345 ], [ 144.861786666921375, 43.788045837945219 ], [ 144.86312472052964, 43.793034441186705 ], [ 144.867525550264077, 43.798028891820081 ], [ 144.866202502743477, 43.800122224860957 ], [ 144.866540829495875, 43.801507505467157 ], [ 144.863889999524076, 43.803246667499877 ], [ 144.86539999991021, 43.807439171081057 ], [ 144.864702217733338, 43.810037774723696 ], [ 144.863191672357971, 43.81199583803766 ], [ 144.868279728027233, 43.816093892119568 ], [ 144.871770558065009, 43.820988053955716 ], [ 144.874458339381022, 43.819514720727966 ], [ 144.875937496618349, 43.819780559425453 ], [ 144.87955666620735, 43.822426108578213 ], [ 144.878765278994592, 43.826644170891939 ], [ 144.877353605984354, 43.828446108301421 ], [ 144.877025550389021, 43.83188333334931 ], [ 144.884816393461961, 43.832721945761364 ], [ 144.89045639364781, 43.835737225093055 ], [ 144.891295006059863, 43.837238332982849 ], [ 144.895885550477942, 43.839548891868048 ], [ 144.895815278352643, 43.842825837942257 ], [ 144.896634448321265, 43.845084720883335 ], [ 144.899635836724656, 43.845737224893185 ], [ 144.905106108760037, 43.850259441520166 ], [ 144.902093060646393, 43.858483054549481 ], [ 144.901910271641896, 43.862023613499105 ], [ 144.905067223873516, 43.86710805389373 ], [ 144.899729999340138, 43.867399170735325 ], [ 144.889096393883619, 43.869752504974315 ], [ 144.883569441176974, 43.873054171612921 ], [ 144.880919999758362, 43.873723892244016 ], [ 144.876760557953617, 43.876791108323175 ], [ 144.881249169613625, 43.876727775366703 ], [ 144.887540829345994, 43.879548891967943 ], [ 144.890307496493961, 43.879849171102535 ], [ 144.892817223736074, 43.882972504877387 ], [ 144.896353060345632, 43.885213613617566 ], [ 144.898729441510682, 43.885913332934138 ], [ 144.902091945487086, 43.885087505284332 ], [ 144.904895005500293, 43.885719440899663 ], [ 144.90724861133458, 43.887103054162765 ], [ 144.908760271869255, 43.889226386788494 ], [ 144.911592775686245, 43.890688892178787 ], [ 144.913923890375372, 43.891025279093526 ], [ 144.916568884646495, 43.890075000561012 ], [ 144.920951114602417, 43.891731666883061 ], [ 144.921831114714337, 43.894139721271301 ], [ 144.921113605908317, 43.894845838364915 ], [ 144.921517496835236, 43.895924441160219 ], [ 144.928120557617831, 43.898238054143064 ], [ 144.928368611322526, 43.899324441469957 ], [ 144.930192217896661, 43.898724170983883 ], [ 144.932835836205072, 43.900473053788573 ], [ 144.935674720711972, 43.901029440956108 ], [ 144.945710557596385, 43.899195000249222 ], [ 144.946316393986535, 43.900376387460483 ], [ 144.950304162407292, 43.901478892437126 ], [ 144.950829999604935, 43.902347505333296 ] ] ] ] } },
{ "type": "Feature", "properties": { "fid": 21, "OBJECTID": 8295.0, "N03_001": "北海道", "N03_002": "十勝総合振興局", "N03_003": "河東郡", "N03_004": "士幌町", "N03_007": "01632", "Shape_Leng": 0.97124607313043299, "Shape_Area": 0.028689118468585999, "join_key": "河東郡士幌町" }, "geometry": { "type": "MultiPolygon", "coordinates": [ [ [ [ 143.255690557173693, 43.21398694634064 ], [ 143.37291082947138, 43.200213332779242 ], [ 143.373556108327875, 43.199037505176875 ], [ 143.375652776054949, 43.198536667333485 ], [ 143.37578610864216, 43.197004441102251 ], [ 143.374490829488423, 43.195690838261726 ], [ 143.374691945776817, 43.192727775366734 ], [ 143.3733602719592, 43.192143054158805 ], [ 143.374258339450989, 43.191152775580292 ], [ 143.372329169555655, 43.189737505281812 ], [ 143.39192416217054, 43.187587505059469 ], [ 143.389506666699504, 43.184324721508858 ], [ 143.388447223960384, 43.176265559408193 ], [ 143.390206666604513, 43.141643333373281 ], [ 143.402669999421164, 43.129478333558438 ], [ 143.405566393774279, 43.119435279614606 ], [ 143.415760829698684, 43.115441667399182 ], [ 143.386914162258904, 43.085843054313671 ], [ 143.380010829536332, 43.085044720737415 ], [ 143.377035836234995, 43.08557305445305 ], [ 143.373806109064844, 43.083603333227416 ], [ 143.36510175084527, 43.08207758661149 ], [ 143.359454526405443, 43.082537613220438 ], [ 143.356746056185671, 43.08163305442207 ], [ 143.354386303485285, 43.078649414139306 ], [ 143.350324720509661, 43.077819170818259 ], [ 143.346314162368913, 43.078545278941647 ], [ 143.343404449056266, 43.080468333447016 ], [ 143.333350271398103, 43.080712775474353 ], [ 143.330576666879892, 43.081957224946166 ], [ 143.328825837042928, 43.084180838275245 ], [ 143.324092775261533, 43.086995838587256 ], [ 143.328996108383876, 43.09257361288212 ], [ 143.329399441731084, 43.096924720899324 ], [ 143.327472217968648, 43.098495000144283 ], [ 143.328435551060011, 43.099838613361499 ], [ 143.326951114802341, 43.103179440978579 ], [ 143.327068053647963, 43.10696500043457 ], [ 143.325482503015337, 43.107806666944271 ], [ 143.32506834003209, 43.109449441438755 ], [ 143.321951387846411, 43.110353054150323 ], [ 143.324003060692917, 43.111696667367482 ], [ 143.325013332999106, 43.113126387073294 ], [ 143.324802218048148, 43.11426194573238 ], [ 143.249735550555442, 43.123516667460422 ], [ 143.241002775557831, 43.084167774723198 ], [ 143.22136444821092, 43.0864308386125 ], [ 143.221069169306929, 43.085328613325032 ], [ 143.202716394046547, 43.088684440734539 ], [ 143.202820272038139, 43.090741387205412 ], [ 143.201995550554443, 43.092268891995957 ], [ 143.203709727622027, 43.095011946544275 ], [ 143.203345278262191, 43.097077775619027 ], [ 143.205050557437403, 43.09939500027923 ], [ 143.204750829587283, 43.10120305397794 ], [ 143.207910272041545, 43.103593891744879 ], [ 143.209079727947255, 43.107065837818311 ], [ 143.210963060297217, 43.108693613419689 ], [ 143.212731387343865, 43.112239441497195 ], [ 143.215104448211946, 43.121426946096847 ], [ 143.217081114901703, 43.12487277495876 ], [ 143.214689999244229, 43.128079721402173 ], [ 143.215069727186346, 43.131391107913487 ], [ 143.211955836292987, 43.133907775223804 ], [ 143.214184162968877, 43.137815838530287 ], [ 143.212615005178577, 43.139488892298687 ], [ 143.212591114688394, 43.140823333330331 ], [ 143.150475836690703, 43.152416946185269 ], [ 143.146469441511726, 43.156839441487193 ], [ 143.139551672871562, 43.161291386888138 ], [ 143.133547223325877, 43.163713054314144 ], [ 143.133282502485713, 43.165618054030119 ], [ 143.130295005909943, 43.166303892310964 ], [ 143.129605005566759, 43.168065558978526 ], [ 143.126829727410154, 43.170882775220093 ], [ 143.12266500568569, 43.173409171396315 ], [ 143.122213605373759, 43.175330559457905 ], [ 143.117760557403926, 43.181115837925745 ], [ 143.119280829846616, 43.184871387005046 ], [ 143.118939727786369, 43.18970889245162 ], [ 143.121064720560639, 43.192076107726336 ], [ 143.120387781970749, 43.19603889208139 ], [ 143.121478339454029, 43.196502225497454 ], [ 143.121803332857667, 43.198192504880353 ], [ 143.120202775238113, 43.199698613000749 ], [ 143.119806938639499, 43.202383054234758 ], [ 143.117663890176573, 43.203169720906089 ], [ 143.115561945227796, 43.205221387457243 ], [ 143.116642775643754, 43.207817505373725 ], [ 143.115827223647671, 43.210885279032595 ], [ 143.11722306049603, 43.212588333285112 ], [ 143.111615837001409, 43.218551387037053 ], [ 143.110352502666046, 43.222980558905817 ], [ 143.107985550892636, 43.224175837944756 ], [ 143.107644162848032, 43.227196387303593 ], [ 143.108339169717055, 43.228654720738916 ], [ 143.103352217630913, 43.234698333061772 ], [ 143.099555005659113, 43.241226386788469 ], [ 143.101976393396058, 43.244770559214089 ], [ 143.102187496655802, 43.245720558956805 ], [ 143.101379999887286, 43.246554171138257 ], [ 143.102890271868773, 43.2495147213275 ], [ 143.260265278919633, 43.220116945740642 ], [ 143.259063605701044, 43.217342225163748 ], [ 143.255690557173693, 43.21398694634064 ] ] ] ] } },
{ "type": "Feature", "properties": { "fid": 22, "OBJECTID": 8294.0, "N03_001": "北海道", "N03_002": "十勝総合振興局", "N03_003": "河東郡", "N03_004": "音更町", "N03_007": "01631", "Shape_Leng": 1.1447531535396509, "Shape_Area": 0.051480489594066002, "join_key": "河東郡音更町" }, "geometry": { "type": "MultiPolygon", "coordinates": [ [ [ [ 143.074837496253622, 43.16650666694926 ], [ 143.212591114688394, 43.140823333330331 ], [ 143.212615005178577, 43.139488892298687 ], [ 143.214184162968877, 43.137815838530287 ], [ 143.211955836292987, 43.133907775223804 ], [ 143.215069727186346, 43.131391107913487 ], [ 143.214689999244229, 43.128079721402173 ], [ 143.217081114901703, 43.12487277495876 ], [ 143.215143605593084, 43.121535279329862 ], [ 143.212891946006721, 43.112625559122421 ], [ 143.211010829586257, 43.108771667378733 ], [ 143.209079727947255, 43.107065837818311 ], [ 143.207840829990459, 43.103502775133109 ], [ 143.204750829587283, 43.10120305397794 ], [ 143.205050557437403, 43.09939500027923 ], [ 143.203345278262191, 43.097077775619027 ], [ 143.203709727622027, 43.095011946544275 ], [ 143.201982775684769, 43.092559721054442 ], [ 143.202855279048094, 43.088653892563229 ], [ 143.221069169306929, 43.085328613325032 ], [ 143.22136444821092, 43.0864308386125 ], [ 143.241002775557831, 43.084167774723198 ], [ 143.249735550555442, 43.123516667460422 ], [ 143.324869999950693, 43.114220279242659 ], [ 143.324003060692917, 43.111696667367482 ], [ 143.321951387846411, 43.110353054150323 ], [ 143.32506834003209, 43.109449441438755 ], [ 143.325482503015337, 43.107806666944271 ], [ 143.327068053647963, 43.10696500043457 ], [ 143.326951114802341, 43.103179440978579 ], [ 143.328435551060011, 43.099838613361499 ], [ 143.327472217968648, 43.098495000144283 ], [ 143.329399441731084, 43.096924720899324 ], [ 143.328996108383876, 43.09257361288212 ], [ 143.324092775261533, 43.086995838587256 ], [ 143.328825837042928, 43.084180838275245 ], [ 143.330576666879892, 43.081957224946166 ], [ 143.333318885058702, 43.080721945861285 ], [ 143.341772775793174, 43.080686946045887 ], [ 143.343956393572853, 43.079987775315772 ], [ 143.342595836229066, 43.07581638691687 ], [ 143.343678053399572, 43.071790837976948 ], [ 143.341024720614541, 43.070366667088194 ], [ 143.340286666796374, 43.068548892617457 ], [ 143.341187497005535, 43.066325000498523 ], [ 143.340185005633657, 43.063158613479402 ], [ 143.341163060626968, 43.061515838085597 ], [ 143.340781672536309, 43.059446945920001 ], [ 143.341932775977057, 43.057508612832407 ], [ 143.344133060892204, 43.057689441314835 ], [ 143.345556108527717, 43.056740559429443 ], [ 143.3467297273952, 43.052110837845078 ], [ 143.348608611698296, 43.050100837783589 ], [ 143.349215279062037, 43.046218612898826 ], [ 143.351702217483535, 43.04542194576635 ], [ 143.352085005818594, 43.041096667177612 ], [ 143.356123890805065, 43.038835559313782 ], [ 143.356754448659103, 43.036954441094736 ], [ 143.356062775576788, 43.035771945918725 ], [ 143.357310271951633, 43.034198054097089 ], [ 143.356335005756137, 43.0318063871552 ], [ 143.354923890325495, 43.030753333199925 ], [ 143.35489138792741, 43.029435559303806 ], [ 143.351863060332107, 43.027395558758201 ], [ 143.353879999562537, 43.026109171201483 ], [ 143.358936938688998, 43.025813892297435 ], [ 143.359576393535917, 43.022935559029008 ], [ 143.363707496803727, 43.020948613088194 ], [ 143.363013890179104, 43.018873333038073 ], [ 143.36192250262161, 43.018188613513871 ], [ 143.363981114636886, 43.015812775539302 ], [ 143.366233890281933, 43.010033892150545 ], [ 143.364926666332735, 43.007494999894504 ], [ 143.367483605284292, 43.005784440799459 ], [ 143.367473605722466, 43.004487225405285 ], [ 143.369214448588082, 43.003987505419218 ], [ 143.370437496893146, 43.001038891931501 ], [ 143.371848339829171, 43.000039171370815 ], [ 143.370480271347674, 42.998502225497475 ], [ 143.370690272038587, 42.996815279002078 ], [ 143.373911387300836, 42.994414721362489 ], [ 143.373723890345445, 42.99311555893604 ], [ 143.375333060772277, 42.991696387378568 ], [ 143.374916666571039, 42.990305838543804 ], [ 143.373606938909234, 42.989628891860036 ], [ 143.373375005552248, 42.987226108398374 ], [ 143.371669727276299, 42.986723053726109 ], [ 143.371255278308581, 42.98505417101336 ], [ 143.36782082946786, 42.982686667056214 ], [ 143.368503333062563, 42.97939861345543 ], [ 143.370557781216803, 42.977401108574441 ], [ 143.370800271715325, 42.976166946447563 ], [ 143.367287781506093, 42.971219441324308 ], [ 143.367300829769647, 42.970100000314915 ], [ 143.362681672521376, 42.96905305455499 ], [ 143.358452775175579, 42.96949027885347 ], [ 143.355818053860276, 42.968003333487218 ], [ 143.352414448168474, 42.968328612875325 ], [ 143.350930557799188, 42.966972224788492 ], [ 143.342150000022684, 42.964990558767454 ], [ 143.340220557632847, 42.967011107876488 ], [ 143.336705278625914, 42.968026667297011 ], [ 143.328541945354687, 42.96570138740924 ], [ 143.325433332582406, 42.963136386934877 ], [ 143.324628612021002, 42.960490837782118 ], [ 143.324330829404403, 42.958817775020464 ], [ 143.32564221721475, 42.956369171100505 ], [ 143.3253974963975, 42.953632505336031 ], [ 143.321856666751955, 42.95155722528591 ], [ 143.319940271726296, 42.948549721492611 ], [ 143.323154162734568, 42.943759171448789 ], [ 143.322784448743505, 42.941509171111534 ], [ 143.32060778182381, 42.938116386961838 ], [ 143.320883890779101, 42.936267504941554 ], [ 143.316936108914433, 42.934991667331758 ], [ 143.314496666388209, 42.932497224967108 ], [ 143.313921672247602, 42.926052505119173 ], [ 143.308643606017768, 42.925046946159796 ], [ 143.304383605619137, 42.925289171358315 ], [ 143.294037223839041, 42.932480558730958 ], [ 143.288001673038934, 42.931959441175422 ], [ 143.283491387717504, 42.93571138757062 ], [ 143.278434448591156, 42.936354721193595 ], [ 143.270638611582854, 42.933557774771657 ], [ 143.258566666418687, 42.933791387162955 ], [ 143.252278339573877, 42.932385000367617 ], [ 143.246963605286282, 42.93432499989899 ], [ 143.245053332845259, 42.937284441224165 ], [ 143.241485836502306, 42.939406387095232 ], [ 143.23083194593778, 42.93708861294931 ], [ 143.220376938645018, 42.938924441310064 ], [ 143.214869441871429, 42.937136107945207 ], [ 143.207834720895789, 42.937161946366871 ], [ 143.203926666582561, 42.935198054546731 ], [ 143.202783332385025, 42.935378053854265 ], [ 143.199306938264726, 42.936562774852348 ], [ 143.19543306088724, 42.945849441398764 ], [ 143.183652502361269, 42.948860559567322 ], [ 143.181092217931678, 42.948886387197206 ], [ 143.174986393207632, 42.944042775353978 ], [ 143.161322502331814, 42.946663054456565 ], [ 143.154485550368008, 42.944501387329353 ], [ 143.149893890790622, 42.945073892146581 ], [ 143.148231672953557, 42.950654440849917 ], [ 143.147298339446934, 42.95067833313874 ], [ 143.143005836650218, 42.954677225273883 ], [ 143.13130833950845, 42.9620852791125 ], [ 143.128571114365627, 42.96665277480588 ], [ 143.130033890451841, 42.967108613272046 ], [ 143.129115550442521, 42.968820559121696 ], [ 143.12116306052701, 42.979260559427416 ], [ 143.100957223197497, 43.000102225537432 ], [ 143.099162775341938, 43.000020000522795 ], [ 143.098863332576911, 43.001581945750388 ], [ 143.097793332696369, 43.001258892184296 ], [ 143.09493194535321, 43.004693892309433 ], [ 143.086190557548321, 43.004526945762109 ], [ 143.08180555048591, 43.00523277507267 ], [ 143.079297781967284, 43.008101946048157 ], [ 143.074989727194293, 43.010074440783001 ], [ 143.070220829228106, 43.010953054140316 ], [ 143.063446108551261, 43.062294999914457 ], [ 143.061446394036011, 43.063669721580538 ], [ 143.058759169400332, 43.063866108334423 ], [ 143.054766938543594, 43.067278054338885 ], [ 143.052051114567462, 43.066718333384529 ], [ 143.048647781370164, 43.068225838152102 ], [ 143.042913891063449, 43.068242505287571 ], [ 143.042559727249795, 43.069723053776102 ], [ 143.040403332847745, 43.069744721142115 ], [ 143.074837496253622, 43.16650666694926 ] ] ] ] } },
{ "type": "Feature", "properties": { "fid": 23, "OBJECTID": 8441.0, "N03_001": "北海道", "N03_002": "釧路総合振興局", "N03_003": "釧路郡", "N03_004": "釧路町", "N03_007": "01661", "Shape_Leng": 1.330777738891266, "Shape_Area": 0.029526587232706999, "join_key": "釧路郡釧路町" }, "geometry": { "type": "MultiPolygon", "coordinates": [ [ [ [ 144.715709779782742, 42.932591441541945 ], [ 144.715208780960666, 42.933010892538846 ], [ 144.715755109211045, 42.932647721115586 ], [ 144.715709779782742, 42.932591441541945 ] ] ], [ [ [ 144.781508340038044, 42.933976946079383 ], [ 144.781264720890363, 42.933773333272882 ], [ 144.781121114448069, 42.933913053744618 ], [ 144.781508340038044, 42.933976946079383 ] ] ], [ [ [ 144.707322217646379, 42.936731946322425 ], [ 144.707272502224328, 42.936865278909636 ], [ 144.707373060818327, 42.936765838173073 ], [ 144.707322217646379, 42.936731946322425 ] ] ], [ [ [ 144.771546938240817, 42.94497833288392 ], [ 144.771315278277598, 42.94507417093638 ], [ 144.77158306041008, 42.945082225264628 ], [ 144.771546938240817, 42.94497833288392 ] ] ], [ [ [ 144.639785005274007, 42.945303053793054 ], [ 144.639654162909437, 42.945492504975277 ], [ 144.639823332580931, 42.945454171373058 ], [ 144.639785005274007, 42.945303053793054 ] ] ], [ [ [ 144.492822776050502, 43.117698333511441 ], [ 144.493611673040505, 43.118240000575724 ], [ 144.497452503030786, 43.117682775240041 ], [ 144.499053890724667, 43.11410527933532 ], [ 144.503527223802507, 43.116024721264068 ], [ 144.505433605776489, 43.11510527958518 ], [ 144.507553060525538, 43.115222505314534 ], [ 144.507719727383687, 43.112316667180608 ], [ 144.509617781635484, 43.112629170799778 ], [ 144.516437781378727, 43.111233892430334 ], [ 144.520481672891037, 43.11210361329131 ], [ 144.521991672377908, 43.113249441308824 ], [ 144.52478055727704, 43.11344722560915 ], [ 144.52736639324462, 43.111884999793062 ], [ 144.527585278338051, 43.107757775301252 ], [ 144.531355836203034, 43.106666946222731 ], [ 144.530645005762608, 43.10395638687794 ], [ 144.533314163018417, 43.100482505463447 ], [ 144.537472775648212, 43.101453891983681 ], [ 144.5368947202154, 43.103471946373418 ], [ 144.538402217788303, 43.104854721468371 ], [ 144.541831672693775, 43.104953613618534 ], [ 144.542380829312037, 43.102224721593814 ], [ 144.541766938593469, 43.099022224995849 ], [ 144.540623332800692, 43.09802722497659 ], [ 144.540342502404769, 43.094811386936101 ], [ 144.544228053881739, 43.09029110834814 ], [ 144.54285277553538, 43.088356386937846 ], [ 144.542457496516477, 43.08508777488106 ], [ 144.545336108574702, 43.085398612955771 ], [ 144.546837223659168, 43.083359721274292 ], [ 144.54675194544609, 43.08266472159977 ], [ 144.545106666339734, 43.082377774914562 ], [ 144.544598884830862, 43.079162505245563 ], [ 144.546106109009884, 43.075845279436237 ], [ 144.547777781419654, 43.074479441273354 ], [ 144.548490272008621, 43.071303053793088 ], [ 144.549622775670741, 43.07062750555508 ], [ 144.548538884861841, 43.067142504922856 ], [ 144.549909999347165, 43.065351387256896 ], [ 144.551028053601954, 43.060286945985922 ], [ 144.549319727523539, 43.059078613287568 ], [ 144.555786666921335, 43.056585838266017 ], [ 144.557799169795999, 43.054906667309012 ], [ 144.557670557750271, 43.052123613614071 ], [ 144.558676393700807, 43.050029721194846 ], [ 144.558579727372717, 43.043039720806632 ], [ 144.556698884346247, 43.042332775437387 ], [ 144.555620000063186, 43.040183892173047 ], [ 144.551449169243938, 43.035563892259972 ], [ 144.550071387184971, 43.034956386728027 ], [ 144.550085836592302, 43.033651108012407 ], [ 144.552079169518265, 43.032086107787791 ], [ 144.553068053248239, 43.029388612894309 ], [ 144.554820557622861, 43.027914170802489 ], [ 144.554572775513407, 43.02562166760606 ], [ 144.556879441233377, 43.02204750548816 ], [ 144.559645005812513, 43.022486666926284 ], [ 144.560979169852999, 43.023973891981711 ], [ 144.566078053359661, 43.026146946324673 ], [ 144.568890271169266, 43.02491972156804 ], [ 144.570411387175909, 43.025060558997779 ], [ 144.570963060996633, 43.023901667428163 ], [ 144.57328167241144, 43.023031666878069 ], [ 144.574305005571773, 43.021787225500248 ], [ 144.57436583661422, 43.019860278729027 ], [ 144.576839999266781, 43.018893333061044 ], [ 144.575593605460654, 43.01462277552082 ], [ 144.577122502401721, 43.012256107933183 ], [ 144.575693332181686, 43.010498613220591 ], [ 144.57483972717182, 43.005893333410768 ], [ 144.574944162743122, 43.003375559034964 ], [ 144.575991672377995, 43.002141108225715 ], [ 144.572028611931046, 43.000547225374305 ], [ 144.569766108319413, 42.998706386890433 ], [ 144.5740419457793, 42.996133892365435 ], [ 144.571672502883871, 42.993290558912349 ], [ 144.573679170057858, 42.989944999961949 ], [ 144.576995836488891, 42.988583054064861 ], [ 144.582071114590462, 42.982864999919968 ], [ 144.583776393765788, 42.982938054547731 ], [ 144.586367781248327, 42.981469440962087 ], [ 144.590113891043416, 42.982063333456267 ], [ 144.621027781507109, 42.97830250535651 ], [ 144.647021672612254, 42.976518054364874 ], [ 144.690530830033936, 42.986863613265314 ], [ 144.716215005418348, 42.990718891763606 ], [ 144.712606108785053, 42.99627944134329 ], [ 144.714716394046491, 42.998405559169385 ], [ 144.722893890740693, 43.000085559301283 ], [ 144.727895278744313, 43.003119720798622 ], [ 144.730408222861342, 43.00106514404132 ], [ 144.725608053668907, 42.993307504837617 ], [ 144.723229441285866, 42.986994171443996 ], [ 144.721920557188128, 42.97973750498204 ], [ 144.723198105308484, 42.974926559213486 ], [ 144.725573994544447, 42.975413918917411 ], [ 144.724052437869886, 42.975050775373177 ], [ 144.724504227588227, 42.97372644092269 ], [ 144.726254811910167, 42.974061306184524 ], [ 144.726459052443488, 42.975788721272636 ], [ 144.726360168387259, 42.974505359934597 ], [ 144.728056808674978, 42.971401505475285 ], [ 144.734589169254946, 42.969758891959486 ], [ 144.739115550642282, 42.967251667530604 ], [ 144.74170055743491, 42.964679171206967 ], [ 144.742709441187912, 42.96101805453975 ], [ 144.748083890459384, 42.955370278815508 ], [ 144.756327223822495, 42.954263054196758 ], [ 144.75976693819382, 42.949752505373965 ], [ 144.763728339391491, 42.949489720774181 ], [ 144.774772775843076, 42.942263892065114 ], [ 144.778113060269675, 42.941657505289811 ], [ 144.781744448947393, 42.939149440894141 ], [ 144.785064162281401, 42.93821110805635 ], [ 144.785660000009216, 42.936396667372492 ], [ 144.781545278791782, 42.934125559047459 ], [ 144.777302218023124, 42.933983892442825 ], [ 144.774107223569672, 42.932879999812315 ], [ 144.771009169737567, 42.933852505089192 ], [ 144.759389441469693, 42.933591667521625 ], [ 144.753263605930897, 42.932628892009916 ], [ 144.750901387289332, 42.933478612847864 ], [ 144.737000271445595, 42.933384441239127 ], [ 144.734753890879574, 42.934221387207401 ], [ 144.724503060268148, 42.934307224798772 ], [ 144.719768144984073, 42.935254837740729 ], [ 144.719198223019703, 42.933654585890565 ], [ 144.716457677579911, 42.932940234604303 ], [ 144.719132048205665, 42.933708135122515 ], [ 144.719608366033412, 42.935045505246023 ], [ 144.716683306689447, 42.935457865088551 ], [ 144.71622905282868, 42.93415669447603 ], [ 144.71690055771478, 42.933659108581139 ], [ 144.715696549856034, 42.934383134774009 ], [ 144.716174720287313, 42.93584805394471 ], [ 144.713855550393532, 42.936361946346892 ], [ 144.712171387299918, 42.93611805380533 ], [ 144.711801114829768, 42.935346386926369 ], [ 144.709959441775027, 42.935888053990652 ], [ 144.709433332982144, 42.935229171089532 ], [ 144.707050557637331, 42.93703472107569 ], [ 144.698216108886527, 42.93701833273002 ], [ 144.693961387508239, 42.938215558801176 ], [ 144.684553890749612, 42.93784389238192 ], [ 144.676680829856537, 42.939258613194625 ], [ 144.67496277581165, 42.938901387189446 ], [ 144.664491672452868, 42.945122504999745 ], [ 144.654693890610702, 42.946618613558314 ], [ 144.640317781640533, 42.945771107750602 ], [ 144.638406666534593, 42.947750279052286 ], [ 144.629852775685208, 42.951274721251536 ], [ 144.627190829193637, 42.95066277486734 ], [ 144.610844720207865, 42.951151945805805 ], [ 144.603040829770634, 42.95019194650132 ], [ 144.601827223447799, 42.949318333374549 ], [ 144.598278053489594, 42.949822225315586 ], [ 144.594738053918263, 42.949028053801783 ], [ 144.587946938600567, 42.949848053844789 ], [ 144.585129441770505, 42.949475559149903 ], [ 144.58382749684165, 42.948202225252658 ], [ 144.581538885011696, 42.949481386756759 ], [ 144.5715394418919, 42.950447505048487 ], [ 144.559802502283787, 42.949281107737079 ], [ 144.551451387871452, 42.94676527949423 ], [ 144.547394720590091, 42.948300279234672 ], [ 144.543591672917501, 42.948326387452994 ], [ 144.541258339600859, 42.949581386871671 ], [ 144.533046666870405, 42.950103333602158 ], [ 144.531878002368103, 42.951053000595664 ], [ 144.53129329375065, 42.949412702834138 ], [ 144.527626977203454, 42.948235775360899 ], [ 144.528700492533858, 42.948807856597455 ], [ 144.528270518569798, 42.949365874235866 ], [ 144.528812295351372, 42.948856820186279 ], [ 144.53099509654669, 42.949403071994368 ], [ 144.531304889609146, 42.950308576879479 ], [ 144.528049663061665, 42.950002180556339 ], [ 144.531507807239677, 42.950448036547812 ], [ 144.531894642523866, 42.951306639989639 ], [ 144.530612191299724, 42.951380162264854 ], [ 144.530386821195066, 42.950746829103025 ], [ 144.528360842878783, 42.951407846994698 ], [ 144.528434136726219, 42.950553973087551 ], [ 144.528277197834541, 42.951132792944179 ], [ 144.525412567536137, 42.95025026124074 ], [ 144.52730957137976, 42.949396495252245 ], [ 144.52549361893557, 42.949800711733644 ], [ 144.524935589606002, 42.950518946292505 ], [ 144.521448884758456, 42.948307225598171 ], [ 144.51398861178518, 42.948196386853965 ], [ 144.505344448787469, 42.945025837772334 ], [ 144.499179999957164, 42.941681107996885 ], [ 144.488638884377224, 42.940424720924284 ], [ 144.485734292703569, 42.939412297439731 ], [ 144.485646666360708, 42.941306107790808 ], [ 144.483388611695204, 42.944642224759036 ], [ 144.483255836687704, 42.946103053813033 ], [ 144.483458053746403, 42.947976667189607 ], [ 144.485198053947215, 42.949701946387904 ], [ 144.482606393970059, 42.951314721297535 ], [ 144.481617223356352, 42.954729721399701 ], [ 144.480202502543648, 42.956145559170409 ], [ 144.482028611931128, 42.959131387503703 ], [ 144.480757781746433, 42.960830278794504 ], [ 144.480986666401691, 42.962564441495942 ], [ 144.477590829952987, 42.9633713869801 ], [ 144.476455550983019, 42.966884171267679 ], [ 144.471316939025655, 42.970773053833511 ], [ 144.468531114519465, 42.971119171412795 ], [ 144.46454610881608, 42.973108333283108 ], [ 144.4628086114285, 42.975514441538394 ], [ 144.460034448431202, 42.975809721341761 ], [ 144.459721945711408, 42.976952774950746 ], [ 144.45634805361999, 42.978250838405643 ], [ 144.454865550904628, 42.980099721325246 ], [ 144.451447223310879, 42.979427505075478 ], [ 144.450695278564467, 42.981432775602286 ], [ 144.447413332259657, 42.982691107908465 ], [ 144.444015005588199, 42.986154171378075 ], [ 144.442330271425021, 42.986757225265876 ], [ 144.438788611705263, 42.989907775223799 ], [ 144.441012502924877, 42.995270559388985 ], [ 144.438229999614919, 42.995787504989551 ], [ 144.433600271735372, 42.994878333568408 ], [ 144.427951114652387, 42.997048332914403 ], [ 144.424285836822037, 42.99649110847804 ], [ 144.420751672951496, 42.998973053863494 ], [ 144.421175550411476, 43.000107775253809 ], [ 144.418855550443482, 43.000130838367681 ], [ 144.41633306092217, 43.001622225485505 ], [ 144.404266393879197, 42.996843054563499 ], [ 144.402037497033007, 43.000568891841056 ], [ 144.399152502486231, 43.001668892205771 ], [ 144.398495550429516, 43.003064441271135 ], [ 144.398904162797066, 43.006171107910461 ], [ 144.397625550778685, 43.007011946144587 ], [ 144.397630829799141, 43.008860838057387 ], [ 144.419925862388823, 43.023273802144445 ], [ 144.420549999982654, 43.022844999996892 ], [ 144.425541387525186, 43.026016387246614 ], [ 144.425629727929731, 43.027414721512343 ], [ 144.422468611837189, 43.028849721137874 ], [ 144.422687223536741, 43.03664027912572 ], [ 144.419999727305708, 43.037806946233729 ], [ 144.420005005426788, 43.039965838053149 ], [ 144.421864162201473, 43.040538613566355 ], [ 144.420494448859927, 43.042189441489711 ], [ 144.421965550869686, 43.04261638743651 ], [ 144.417911114806316, 43.045506387609862 ], [ 144.421236394044513, 43.045186387242154 ], [ 144.425782775454877, 43.046334720770915 ], [ 144.427048053225235, 43.047581946449839 ], [ 144.422071946063625, 43.048886108207512 ], [ 144.417793605790507, 43.05221638677699 ], [ 144.417704720396728, 43.057481667345257 ], [ 144.415173605477662, 43.059405837909253 ], [ 144.415012217639855, 43.061345559550091 ], [ 144.41044999916835, 43.060785558906559 ], [ 144.408314720847898, 43.062563891810328 ], [ 144.410488884954248, 43.063855559286822 ], [ 144.409941946064123, 43.06493083818782 ], [ 144.406903060428021, 43.066745559460173 ], [ 144.403296666608071, 43.066925279078532 ], [ 144.403189727324275, 43.068745279371285 ], [ 144.398684721023187, 43.071460838047415 ], [ 144.399361672203554, 43.073447505198374 ], [ 144.398843332653882, 43.075059441040537 ], [ 144.401192217946686, 43.076715558776186 ], [ 144.399598339591876, 43.078259441120451 ], [ 144.400478611299036, 43.080441666749664 ], [ 144.397713060209753, 43.080959721214356 ], [ 144.396895278794204, 43.082165279504238 ], [ 144.399754720903843, 43.082740838419113 ], [ 144.399108339478516, 43.084303054342627 ], [ 144.40141333245947, 43.084342225213675 ], [ 144.402391945931754, 43.085414721612267 ], [ 144.400441945939178, 43.086037225138 ], [ 144.400308884947208, 43.087820837961488 ], [ 144.401038053463594, 43.088789720769171 ], [ 144.404061388022797, 43.089063333206411 ], [ 144.403444162618143, 43.089864720880314 ], [ 144.40376194525777, 43.091986946440613 ], [ 144.400548339334591, 43.095262504860898 ], [ 144.400782503010305, 43.099936386755019 ], [ 144.398035278305656, 43.101566387279092 ], [ 144.399723890345399, 43.105675279091031 ], [ 144.400943605763018, 43.105982505488385 ], [ 144.402409441342797, 43.109156667146635 ], [ 144.464598884630959, 43.116976107761332 ], [ 144.467916393726796, 43.11592417076406 ], [ 144.473647223640683, 43.11686972156059 ], [ 144.47478138745123, 43.116251108502013 ], [ 144.477611946034699, 43.116980278816982 ], [ 144.480229999315156, 43.115949721402671 ], [ 144.483862775646799, 43.116656666771917 ], [ 144.485576393336032, 43.115128054016623 ], [ 144.488804720261783, 43.116713892432358 ], [ 144.490013061054128, 43.118648612943275 ], [ 144.492822776050502, 43.117698333511441 ] ] ] ] } },
{ "type": "Feature", "properties": { "fid": 24, "OBJECTID": 8638.0, "N03_001": "北海道", "N03_002": "根室振興局", "N03_003": "野付郡", "N03_004": "別海町", "N03_007": "01691", "Shape_Leng": 0.033270848789610001, "Shape_Area": 6.385187733e-06, "join_key": "野付郡別海町" }, "geometry": { "type": "MultiPolygon", "coordinates": [ [ [ [ 145.29140931268978, 43.386774648831135 ], [ 145.291414136653316, 43.38798040497187 ], [ 145.291599986950018, 43.387946955587722 ], [ 145.29140931268978, 43.386774648831135 ] ] ], [ [ [ 145.194040271441509, 43.613103054062833 ], [ 145.198847223320854, 43.607671387224912 ], [ 145.196205550246077, 43.605545000501536 ], [ 145.19565360572949, 43.606274170816505 ], [ 145.194834720845847, 43.604085559101463 ], [ 145.195212217569974, 43.600834441556401 ], [ 145.196410271916648, 43.598883053909958 ], [ 145.204733890456851, 43.592795559167882 ], [ 145.211017496760292, 43.589357504945042 ], [ 145.214869999950679, 43.589853333564633 ], [ 145.21887861195853, 43.587675559579566 ], [ 145.219095278424561, 43.584849171152484 ], [ 145.218361672653259, 43.584435838243508 ], [ 145.217364720205865, 43.584283892387873 ], [ 145.218926108753067, 43.584891666817157 ], [ 145.218989727693952, 43.585734171495005 ], [ 145.218845278586969, 43.585870559079183 ], [ 145.215007223904422, 43.581818053860275 ], [ 145.21427805358951, 43.57736000026398 ], [ 145.218578611613793, 43.574006386985332 ], [ 145.219179079051401, 43.572736505585453 ], [ 145.221093060296653, 43.57316027872406 ], [ 145.222778689285292, 43.570739107723796 ], [ 145.221165810953607, 43.572863891855263 ], [ 145.219989169464725, 43.572614721192622 ], [ 145.2205297141752, 43.570694333177073 ], [ 145.221239312544412, 43.57011171188617 ], [ 145.221786562599959, 43.570352595296185 ], [ 145.222837444692459, 43.569876801773148 ], [ 145.223261439963608, 43.570333107886768 ], [ 145.222918470011564, 43.569833973359323 ], [ 145.224892476506739, 43.56876817151408 ], [ 145.221842361036352, 43.570240586533998 ], [ 145.220988196648136, 43.569861658089224 ], [ 145.221755836362945, 43.568870559329014 ], [ 145.222737976976191, 43.569263973154023 ], [ 145.223603021362578, 43.567292386734437 ], [ 145.22556486362771, 43.568214360004902 ], [ 145.223772671271945, 43.567080171013231 ], [ 145.223810440999273, 43.566211081476411 ], [ 145.224584059406993, 43.566210027470959 ], [ 145.223880271557505, 43.564728747833612 ], [ 145.225094941778366, 43.564754306566158 ], [ 145.225136782736513, 43.563387864958145 ], [ 145.225024279347167, 43.56446366726459 ], [ 145.223843086389479, 43.564438135511693 ], [ 145.223830414941858, 43.562525279318379 ], [ 145.226286030875826, 43.562605306389969 ], [ 145.226186445348389, 43.567729802588474 ], [ 145.226402022735329, 43.562520946384723 ], [ 145.221814863365466, 43.562415197803318 ], [ 145.222073060523485, 43.557913892212525 ], [ 145.224937055900568, 43.553794197744196 ], [ 145.230972217294152, 43.547960279443487 ], [ 145.233148806872123, 43.544053973412304 ], [ 145.234979727632549, 43.542828333261127 ], [ 145.236906666309778, 43.53808555880164 ], [ 145.237138520526514, 43.53541989181474 ], [ 145.239309727661976, 43.535347775179844 ], [ 145.240631672613745, 43.534323892533791 ], [ 145.244739728056174, 43.524471108155296 ], [ 145.245709727821804, 43.521001108214762 ], [ 145.246008611208595, 43.506449440789254 ], [ 145.248286393402509, 43.493891946256497 ], [ 145.251081945875285, 43.485431108259206 ], [ 145.250178339459012, 43.484745000181761 ], [ 145.251040583356371, 43.485217441032262 ], [ 145.250234577663832, 43.484680026861895 ], [ 145.251150505691498, 43.484824198078456 ], [ 145.250565719732322, 43.484443135542449 ], [ 145.255434720336211, 43.474535837858809 ], [ 145.261172775403452, 43.455871666944063 ], [ 145.262856108422852, 43.436374441427517 ], [ 145.271742775408939, 43.414278613167653 ], [ 145.277905550600849, 43.403782774855358 ], [ 145.277711114476574, 43.402112505388004 ], [ 145.286161672323487, 43.389994720879827 ], [ 145.287542360991324, 43.389079315358288 ], [ 145.289582411899005, 43.390118838114063 ], [ 145.291486497903747, 43.389424108236199 ], [ 145.292301335838147, 43.388448198126014 ], [ 145.289631970838968, 43.390024323863599 ], [ 145.287745291212445, 43.389062306480412 ], [ 145.289119415728578, 43.387843946341206 ], [ 145.290581283499591, 43.389259838071212 ], [ 145.289180401454587, 43.387767964420163 ], [ 145.290174474272703, 43.38655335984987 ], [ 145.291304007474196, 43.386795171360234 ], [ 145.289328819269826, 43.385830089986825 ], [ 145.290417522350936, 43.384344802071098 ], [ 145.291606004313849, 43.384470000290435 ], [ 145.290393644451342, 43.384314252101206 ], [ 145.290444552374424, 43.383436865419185 ], [ 145.291828171033444, 43.383600135538018 ], [ 145.290475913532759, 43.383373802259314 ], [ 145.290715278887205, 43.382607505232329 ], [ 145.296786108292395, 43.372791946491304 ], [ 145.307750829737188, 43.359056946221244 ], [ 145.318219999553548, 43.348284999853036 ], [ 145.348019728028248, 43.324445838504801 ], [ 145.360698339656778, 43.316332775537319 ], [ 145.38005688701594, 43.30609174843562 ], [ 145.38117472093677, 43.303842224739071 ], [ 145.383688105721717, 43.301955559501664 ], [ 145.385889169449797, 43.298761667617043 ], [ 145.386460583389407, 43.297871640064329 ], [ 145.385934162531726, 43.29738361306346 ], [ 145.390909428827285, 43.294490540805953 ], [ 145.377557496581403, 43.289514721427395 ], [ 145.375120271783317, 43.289389441369792 ], [ 145.370945005507792, 43.290593333215895 ], [ 145.342585836267517, 43.310926386843448 ], [ 145.307110829901035, 43.326746108246482 ], [ 145.296390829273491, 43.329603053838014 ], [ 145.287306666669565, 43.330334440981858 ], [ 145.253239441946903, 43.330311946239476 ], [ 145.251178053724402, 43.320247775314726 ], [ 145.256287781256333, 43.310553613358763 ], [ 145.255066938988193, 43.306721387182449 ], [ 145.255283890539317, 43.30470166724831 ], [ 145.256391672737664, 43.302003054497561 ], [ 145.256173061038112, 43.30014138681571 ], [ 145.257542775279035, 43.298496387398529 ], [ 145.258743332439053, 43.294860558767937 ], [ 145.258797781892326, 43.292200279619351 ], [ 145.257938053398675, 43.291315558966062 ], [ 145.252652775505339, 43.290548054149554 ], [ 145.252745550467012, 43.287562505505377 ], [ 145.251292502347269, 43.283839171041052 ], [ 145.247941387385254, 43.282782775205078 ], [ 145.244151387976331, 43.278814171337103 ], [ 145.239503605307277, 43.276965279424246 ], [ 145.234969999665964, 43.276566667517841 ], [ 145.233735836639767, 43.277668333427016 ], [ 145.227647781620021, 43.276652774905813 ], [ 145.225939442051754, 43.277975279235932 ], [ 145.223096108598725, 43.277615838200518 ], [ 145.223697782027216, 43.275790838576484 ], [ 145.216685550397983, 43.269903333272396 ], [ 145.218641114495995, 43.267554440784977 ], [ 145.221630557204662, 43.26681777552011 ], [ 145.221216666715918, 43.265507775363687 ], [ 145.216821387597179, 43.262339171515691 ], [ 145.216821387597179, 43.259659721519085 ], [ 145.218916108291978, 43.256818891778607 ], [ 145.22070389037242, 43.256694171099298 ], [ 145.220948611189669, 43.256030000184523 ], [ 145.219956938661994, 43.2547930537566 ], [ 145.21707416274262, 43.255592505190123 ], [ 145.2169311147793, 43.25434250510267 ], [ 145.214959999604503, 43.253165838432892 ], [ 145.21572778141217, 43.251416108466799 ], [ 145.213735837039394, 43.251183333344329 ], [ 145.213001945283736, 43.249657225200963 ], [ 145.20953472065105, 43.249023892039133 ], [ 145.210495550929068, 43.250599721000469 ], [ 145.208627223767508, 43.250218613498362 ], [ 145.20873888449205, 43.251022775580793 ], [ 145.205782502660554, 43.25169027938307 ], [ 145.207299999795282, 43.252232225237151 ], [ 145.204872217878687, 43.252868613395947 ], [ 145.20598416303892, 43.253733333127002 ], [ 145.204556666457165, 43.256089721463638 ], [ 145.203640557665835, 43.255683333119521 ], [ 145.204109441697597, 43.254490559591829 ], [ 145.202945005807578, 43.252845279586154 ], [ 145.199153890339971, 43.255579440738757 ], [ 145.199023605555112, 43.256477505532644 ], [ 145.199705836655198, 43.255566387079284 ], [ 145.201182217685414, 43.256441108170748 ], [ 145.199745005727664, 43.257805559579083 ], [ 145.199044162258474, 43.257100000065122 ], [ 145.197278884812818, 43.257909441167953 ], [ 145.185144448457663, 43.256576108101058 ], [ 145.177494162226026, 43.260908892431587 ], [ 145.175624448309804, 43.257971387369821 ], [ 145.17318444820387, 43.258742225073775 ], [ 145.170162775591848, 43.256965000134812 ], [ 145.167954720534112, 43.258493333200931 ], [ 145.164999441271334, 43.25715777521134 ], [ 145.164228340066074, 43.258318892602972 ], [ 145.162130829674197, 43.257925558817647 ], [ 145.161558053261729, 43.256929440941121 ], [ 145.162590557708199, 43.256669170845726 ], [ 145.162513890503874, 43.25575389212861 ], [ 145.160333060622406, 43.254822775450918 ], [ 145.160798053287749, 43.253837505196884 ], [ 145.16024221740463, 43.253328333336071 ], [ 145.156701672844065, 43.252045279566175 ], [ 145.154298339896627, 43.252878054478799 ], [ 145.157026393753199, 43.250326108563229 ], [ 145.154945836481374, 43.250176386731027 ], [ 145.155008611858079, 43.248511945769849 ], [ 145.154153060715316, 43.248050278797507 ], [ 145.155262503062204, 43.247625838361898 ], [ 145.154080271387556, 43.246878613257536 ], [ 145.152731387243875, 43.244064441221155 ], [ 145.152381387291371, 43.245435838093613 ], [ 145.15116389050138, 43.246156945986456 ], [ 145.1501116729155, 43.245782505158672 ], [ 145.149418884673992, 43.243471108105325 ], [ 145.146621387866958, 43.243981667620005 ], [ 145.144918053925267, 43.245636667498388 ], [ 145.141612775609246, 43.246562225466505 ], [ 145.141126666862419, 43.246139441582102 ], [ 145.141873060993134, 43.243836946018405 ], [ 145.137285278393051, 43.242914999727645 ], [ 145.138973332853197, 43.240919171182952 ], [ 145.135840557995493, 43.240158333040824 ], [ 145.137337496628334, 43.237077225133987 ], [ 145.136776938405205, 43.236019721333264 ], [ 145.133250271283146, 43.237266386734518 ], [ 145.130311946039683, 43.234460000129047 ], [ 145.128146666335738, 43.235295559342774 ], [ 145.12454000002117, 43.23332417077404 ], [ 145.122716393447035, 43.234579440888638 ], [ 145.123906393465518, 43.237087775080909 ], [ 145.122992217317119, 43.238607775028981 ], [ 145.119437496743217, 43.235783053944942 ], [ 145.113533060802297, 43.236906387220188 ], [ 145.110436108639647, 43.234475559299767 ], [ 145.11006472101019, 43.235572775363437 ], [ 145.108423060775863, 43.236196108064121 ], [ 145.10084306105864, 43.235559720804645 ], [ 145.101676393550861, 43.237954440944861 ], [ 145.100384448183945, 43.237259999749369 ], [ 145.098850829802132, 43.238341946224011 ], [ 145.097550271627938, 43.237548892567531 ], [ 145.094295278904156, 43.237729441360784 ], [ 145.091611945635009, 43.236316386991859 ], [ 145.089783605928801, 43.240115278897179 ], [ 145.088041945579448, 43.238086107987669 ], [ 145.081754720404206, 43.237698054122063 ], [ 145.081543890538342, 43.239513332974127 ], [ 145.077042502209906, 43.240208333547912 ], [ 145.074391945631987, 43.23975805379132 ], [ 145.074726108523237, 43.241112504738453 ], [ 145.072135005226528, 43.2409602791937 ], [ 145.072815550997007, 43.24169917117996 ], [ 145.072035006010879, 43.24271610836189 ], [ 145.069104162227518, 43.243962504865863 ], [ 145.065229727270321, 43.244134171055293 ], [ 145.066476938560072, 43.243633054422105 ], [ 145.066377223530253, 43.242636946438097 ], [ 145.063350829477372, 43.241982225599372 ], [ 145.061885836562283, 43.239770279175218 ], [ 145.058416666695962, 43.237663892474814 ], [ 145.055101945498564, 43.237367225017579 ], [ 145.054305550860704, 43.23572555938722 ], [ 145.051259441869888, 43.234074440982852 ], [ 145.050243605458149, 43.234234441166677 ], [ 145.049921672447454, 43.236559721054448 ], [ 145.048444162768078, 43.23726250526056 ], [ 145.048356393432982, 43.23434889248756 ], [ 145.046533890326941, 43.234320278758048 ], [ 145.046321672807153, 43.233059721529116 ], [ 145.043843890383414, 43.23229972155508 ], [ 145.043007223204995, 43.230263333586151 ], [ 145.040530829334443, 43.229497774902541 ], [ 145.042023060915653, 43.228412224844476 ], [ 145.041534720950835, 43.227596946242215 ], [ 145.038929727625032, 43.226123054535492 ], [ 145.036715005893029, 43.22697083823374 ], [ 145.036367497062542, 43.225551386987092 ], [ 145.034780271892259, 43.224633613550566 ], [ 145.035573332743297, 43.22153222503232 ], [ 145.034521672737242, 43.221175838094609 ], [ 145.035876666874856, 43.219998891735656 ], [ 145.032493060306706, 43.2191902789084 ], [ 145.032680557262097, 43.218398333216669 ], [ 145.0311833326449, 43.217640559064705 ], [ 145.029647224040332, 43.217953054589941 ], [ 145.029787781780897, 43.218606946253715 ], [ 145.02776250223792, 43.218675837919761 ], [ 145.027495005190531, 43.217635558834161 ], [ 145.023663060502031, 43.214954721183631 ], [ 145.019248339839237, 43.21649083788202 ], [ 145.018021946056137, 43.215298333251667 ], [ 145.015832217383149, 43.215326667292004 ], [ 145.009712776024003, 43.217178053924215 ], [ 145.007645005312952, 43.219086667116187 ], [ 145.004955278763305, 43.219747774940004 ], [ 144.99598250259055, 43.22452277480636 ], [ 144.993072217309191, 43.229660838177324 ], [ 144.987326666392732, 43.23214722531435 ], [ 144.985437496543454, 43.234073892396395 ], [ 144.981313890923502, 43.233326667292033 ], [ 144.981086108837076, 43.234165278804767 ], [ 144.977808884872275, 43.235253613163877 ], [ 144.972053061000111, 43.235469441461703 ], [ 144.964929728024686, 43.238109440898143 ], [ 144.96259527864936, 43.237623892428871 ], [ 144.955035836534762, 43.24426861340595 ], [ 144.947096393983543, 43.248457775106431 ], [ 144.941591387432709, 43.249131946482294 ], [ 144.939628053192223, 43.24855889217929 ], [ 144.937409727876798, 43.249319170943124 ], [ 144.931657781881313, 43.247923333195445 ], [ 144.928142217789286, 43.248186107902711 ], [ 144.916481945385613, 43.244444170961913 ], [ 144.915385836387372, 43.245214720882814 ], [ 144.913161387588161, 43.253250279377085 ], [ 144.910520829672691, 43.257385000617433 ], [ 144.902911673035419, 43.261243612902604 ], [ 144.898683060774829, 43.265086666916318 ], [ 144.895563605775919, 43.265445838155074 ], [ 144.890949169968394, 43.268377504818147 ], [ 144.885876666275294, 43.272137224953156 ], [ 144.884428611191652, 43.274225559562069 ], [ 144.881970557195586, 43.27417833346351 ], [ 144.878778053864266, 43.27539138760261 ], [ 144.878918611604831, 43.278703333492217 ], [ 144.874986666801419, 43.2792450005565 ], [ 144.873267781782829, 43.281119441309329 ], [ 144.871218884244286, 43.281916108441806 ], [ 144.866958884744918, 43.277786387432002 ], [ 144.86215500584899, 43.277057504900085 ], [ 144.852520271993171, 43.279973053913466 ], [ 144.850499441396323, 43.282553613558605 ], [ 144.846833060997142, 43.2828399999662 ], [ 144.844791387712576, 43.285670000070638 ], [ 144.843885005988454, 43.288159441305311 ], [ 144.844658611805698, 43.288562775551839 ], [ 144.844244720417691, 43.28925527960763 ], [ 144.841981945210819, 43.290080838360154 ], [ 144.840718884269222, 43.29220305402788 ], [ 144.837559999394671, 43.292541387075516 ], [ 144.83539082922357, 43.294322225490475 ], [ 144.832685278203257, 43.292593332816239 ], [ 144.829237781998245, 43.293405559119435 ], [ 144.828518884639038, 43.294327505410195 ], [ 144.829883332449981, 43.296293333470715 ], [ 144.828722217756308, 43.297402505121681 ], [ 144.82612082981268, 43.296941386735796 ], [ 144.825219442023808, 43.297998892335158 ], [ 144.822909999197236, 43.29844138756016 ], [ 144.817978053244701, 43.295740838569031 ], [ 144.816639728041196, 43.298454171423032 ], [ 144.813733605721495, 43.300065838367914 ], [ 144.81199944122136, 43.299878613007763 ], [ 144.811124448534656, 43.298256387122706 ], [ 144.808106393895173, 43.29974305459848 ], [ 144.800833605286812, 43.299656946311188 ], [ 144.795719441399228, 43.301583613393234 ], [ 144.79293082989409, 43.300101667358206 ], [ 144.79015999978435, 43.301520559226617 ], [ 144.788236108909473, 43.301002504761925 ], [ 144.783585278438068, 43.304134999930454 ], [ 144.773979170002917, 43.30354083853905 ], [ 144.770958611650826, 43.305097775442164 ], [ 144.768185278727856, 43.304475279110989 ], [ 144.765849169203989, 43.309313333143962 ], [ 144.764695836344004, 43.309594170734556 ], [ 144.763334162941419, 43.3079333333568 ], [ 144.761250829462369, 43.308667225112515 ], [ 144.760126108533314, 43.307927775546545 ], [ 144.75792306090068, 43.308026666797389 ], [ 144.749379169613121, 43.312940000380877 ], [ 144.737923060401044, 43.317519171073059 ], [ 144.731704720596554, 43.317746387485954 ], [ 144.727469441661583, 43.316169441566615 ], [ 144.726118611385004, 43.317299721205359 ], [ 144.722059169695058, 43.325718333334578 ], [ 144.714879728017195, 43.33175417101836 ], [ 144.712699999805295, 43.335151946405347 ], [ 144.709519169674081, 43.33591500047703 ], [ 144.702378884478094, 43.34152333283572 ], [ 144.695944162393403, 43.34467917080724 ], [ 144.69231722356119, 43.340541667064429 ], [ 144.688156393203144, 43.339890838491556 ], [ 144.684630829549292, 43.343226108298438 ], [ 144.680443332493951, 43.343611386856196 ], [ 144.677355005729055, 43.34683472074596 ], [ 144.677935550485472, 43.349581946349929 ], [ 144.674969441586654, 43.351618053730363 ], [ 144.669786393227696, 43.351478891737656 ], [ 144.669539999671429, 43.357219170828216 ], [ 144.66786055801856, 43.35877610773133 ], [ 144.668711672805671, 43.363330279069316 ], [ 144.667081672281483, 43.365179170982117 ], [ 144.664946108876052, 43.365452224940384 ], [ 144.663097496652313, 43.368800837988431 ], [ 144.664365279034541, 43.37123805379332 ], [ 144.662016393741737, 43.374779171221917 ], [ 144.661945836531345, 43.376351946085606 ], [ 144.663911945180303, 43.377736946103369 ], [ 144.663984448523706, 43.380374721516375 ], [ 144.660302217573417, 43.386673054218249 ], [ 144.660807223774555, 43.38807389219653 ], [ 144.658349169778489, 43.39095638752741 ], [ 144.658059999969169, 43.392833613480661 ], [ 144.656073060323706, 43.395622224985857 ], [ 144.644281945555576, 43.407393333435778 ], [ 144.646078339543919, 43.409283891838299 ], [ 144.645463605261398, 43.412874441402494 ], [ 144.643013332199644, 43.414426387068261 ], [ 144.641039441716998, 43.417668054537273 ], [ 144.638464162890955, 43.418813333069011 ], [ 144.638575550221617, 43.426700837973442 ], [ 144.645208053908732, 43.426880838180296 ], [ 144.646699727910345, 43.427784171202688 ], [ 144.646535836359931, 43.429286666746464 ], [ 144.641621672702172, 43.436651667340755 ], [ 144.646540557800677, 43.438691666986983 ], [ 144.652380829811591, 43.446685558991533 ], [ 144.655929999769796, 43.446258891834532 ], [ 144.659265837048906, 43.443579440938606 ], [ 144.662551945416112, 43.445904720826377 ], [ 144.668866666463714, 43.444238613421419 ], [ 144.674121672277579, 43.443874441052799 ], [ 144.679006393930081, 43.441991945971722 ], [ 144.755594449024784, 43.492448892302718 ], [ 144.766273890228035, 43.483924440760518 ], [ 144.771403605192404, 43.482507775613499 ], [ 144.774205836930037, 43.480755837811842 ], [ 144.778689999643916, 43.481104441117225 ], [ 144.781674162432864, 43.482974441017802 ], [ 144.78248111421226, 43.482471945723887 ], [ 144.783582775624723, 43.483156667046728 ], [ 144.78645972753452, 43.48220610792572 ], [ 144.787532775217528, 43.480909441118001 ], [ 144.790738339402992, 43.480914999827519 ], [ 144.79138666696133, 43.480053054505049 ], [ 144.792233060307694, 43.480928054386368 ], [ 144.795079169967948, 43.480316108002171 ], [ 144.79637610837085, 43.480902224957902 ], [ 144.797271945544026, 43.479511667129884 ], [ 144.798894162435772, 43.479246108121572 ], [ 144.798906938204823, 43.477889441244884 ], [ 144.7999383391832, 43.478972505576849 ], [ 144.79993306106212, 43.480332224752544 ], [ 144.804039727951249, 43.478136946363179 ], [ 144.807851672616721, 43.47954861307818 ], [ 144.809557223387287, 43.478780279086777 ], [ 144.810822502956285, 43.480063892235023 ], [ 144.811848611424466, 43.480038053813303 ], [ 144.812213060784302, 43.478835000135291 ], [ 144.815968053183269, 43.475848613323024 ], [ 144.820985550742762, 43.478525279018584 ], [ 144.83028972798877, 43.479377224779284 ], [ 144.834815550897133, 43.478843333253394 ], [ 144.837713332904173, 43.480681945915251 ], [ 144.840189999269228, 43.47985110814227 ], [ 144.84100221747849, 43.480780559275559 ], [ 144.842361387168467, 43.479726387462961 ], [ 144.843572217284191, 43.480681945915251 ], [ 144.844590271424067, 43.48045027875753 ], [ 144.844613605233917, 43.481556945796569 ], [ 144.846308884847303, 43.482502224997859 ], [ 144.845592775386422, 43.482866667163137 ], [ 144.846222775660749, 43.483398054077099 ], [ 144.85002722357774, 43.481161108298693 ], [ 144.856013890828535, 43.481481387456256 ], [ 144.856735278410497, 43.480679720992498 ], [ 144.860417496770197, 43.480278892257218 ], [ 144.861169999995695, 43.47939083781705 ], [ 144.871809728036737, 43.479412225494002 ], [ 144.876895005700135, 43.481427505475153 ], [ 144.877619169489208, 43.480750558791442 ], [ 144.882230829988998, 43.48061777479063 ], [ 144.884759169600216, 43.48163861323161 ], [ 144.885813890898476, 43.480873333337854 ], [ 144.889282502285823, 43.481743054198773 ], [ 144.893445836356477, 43.484542505232582 ], [ 144.8933130604496, 43.48531833327462 ], [ 144.898750271607923, 43.486466666803381 ], [ 144.90049999977532, 43.487909441068041 ], [ 144.924691607232035, 43.468621252169214 ], [ 144.934977497014074, 43.461330279269134 ], [ 144.937284448718515, 43.462444999737102 ], [ 144.942205836630251, 43.462494721454391 ], [ 144.946819999943273, 43.464135279120001 ], [ 144.949501945558495, 43.466257224991125 ], [ 144.951420829907534, 43.466458054395844 ], [ 144.951022218001185, 43.467111667269819 ], [ 144.953113332414546, 43.469434170950422 ], [ 144.962005836900062, 43.470306945908987 ], [ 144.968656108492837, 43.468848892162782 ], [ 144.975566938863267, 43.468669170745784 ], [ 145.028873060643377, 43.504170558724468 ], [ 145.023713332604416, 43.508702774913274 ], [ 145.03072693839772, 43.508903053932954 ], [ 145.032497496662359, 43.511723333265365 ], [ 145.035005005276957, 43.513070837849057 ], [ 145.035223890370389, 43.514046108541265 ], [ 145.009603060532982, 43.534607775228835 ], [ 145.010010271756869, 43.535291107998376 ], [ 145.013039999596458, 43.535062504830876 ], [ 145.013398053877268, 43.535753333449748 ], [ 145.015815836232036, 43.534301946377866 ], [ 145.017303890462358, 43.534829441026034 ], [ 145.017777781919335, 43.534230279404028 ], [ 145.018646108831035, 43.535278612817876 ], [ 145.017370271221239, 43.536179441228398 ], [ 145.020289441804493, 43.536450558946285 ], [ 145.0207736053178, 43.537186946320674 ], [ 145.023261672388458, 43.536831946137568 ], [ 145.026655836997406, 43.540206667403936 ], [ 145.027605005766532, 43.53959722473229 ], [ 145.027415005997909, 43.540594441580367 ], [ 145.030285836222561, 43.541223332990569 ], [ 145.030698053972174, 43.542785838495831 ], [ 145.034371387929355, 43.541962775361981 ], [ 145.034128884840356, 43.543094440855953 ], [ 145.037217223296352, 43.545383333274401 ], [ 145.03810527863584, 43.544736387074749 ], [ 145.039748340014057, 43.545841386770746 ], [ 145.040120557717728, 43.545171108559998 ], [ 145.041654720189399, 43.545831108419065 ], [ 145.042583060659922, 43.544771386890147 ], [ 145.045361115023638, 43.545684441583887 ], [ 145.046377781509591, 43.54517250520712 ], [ 145.049149727678014, 43.547273612887068 ], [ 145.050557223337364, 43.5470461077918 ], [ 145.050591114288636, 43.547708613162115 ], [ 145.051313890423899, 43.546925279378286 ], [ 145.053073890647738, 43.547481108066847 ], [ 145.054777223690053, 43.544605279410291 ], [ 145.05589805325269, 43.544641666879613 ], [ 145.05570666672952, 43.545463054576487 ], [ 145.059669999670973, 43.544343613567094 ], [ 145.059671387324897, 43.545661107774094 ], [ 145.06147944192287, 43.54568610802761 ], [ 145.06152778138221, 43.544822775051216 ], [ 145.062411945355166, 43.545580837885552 ], [ 145.063846938685401, 43.545436108190017 ], [ 145.065185005783519, 43.547663612885572 ], [ 145.067278611319011, 43.548108892411619 ], [ 145.06683333269234, 43.549295000164307 ], [ 145.070111672715711, 43.549252224810516 ], [ 145.07091749674521, 43.550613891917749 ], [ 145.071216938610974, 43.549980279066801 ], [ 145.073180271952197, 43.550888613219115 ], [ 145.07333111433968, 43.550145559170403 ], [ 145.074934162181989, 43.550938333137708 ], [ 145.076772502349286, 43.550707774844113 ], [ 145.076544720262859, 43.551775279106039 ], [ 145.078010829236518, 43.552356108048116 ], [ 145.080995005515319, 43.551860279428524 ], [ 145.081791672647796, 43.55314389257677 ], [ 145.083035006060868, 43.552137505341761 ], [ 145.083848884418671, 43.553208053808817 ], [ 145.084416666895891, 43.55204250545745 ], [ 145.087385005213946, 43.552560837812564 ], [ 145.087284720913317, 43.553320000517772 ], [ 145.088879727917288, 43.553158613579342 ], [ 145.089824720234787, 43.554193612745223 ], [ 145.092327223222924, 43.553563613370216 ], [ 145.094068053498063, 43.555380000187029 ], [ 145.097423060725873, 43.556228891850026 ], [ 145.099115550642296, 43.557857505619552 ], [ 145.100766666348704, 43.557133613425663 ], [ 145.10175333235054, 43.558104999945954 ], [ 145.102738884991709, 43.55769222551595 ], [ 145.104892502287385, 43.560759721284285 ], [ 145.106146108656162, 43.561215279161956 ], [ 145.105621115022586, 43.561838892451078 ], [ 145.110446666680446, 43.560987505169408 ], [ 145.110742217179791, 43.561943333418242 ], [ 145.11238778137124, 43.561876946364123 ], [ 145.111678053499531, 43.562952225265178 ], [ 145.113649441168945, 43.562611387605614 ], [ 145.11331610835191, 43.563754171418054 ], [ 145.116022775430906, 43.563780278737056 ], [ 145.118578339319129, 43.565835000285176 ], [ 145.123522217476534, 43.565729170764769 ], [ 145.123683605314341, 43.566733333077025 ], [ 145.124611945784864, 43.565501946257996 ], [ 145.127262775756662, 43.565577224909191 ], [ 145.126765550489949, 43.56644805373486 ], [ 145.129256393767719, 43.565680000331895 ], [ 145.12994639321164, 43.566156667096664 ], [ 145.129576666629987, 43.566811387036068 ], [ 145.131706393435479, 43.56705110852198 ], [ 145.131891387577639, 43.565606946603452 ], [ 145.133382502200902, 43.565831108019381 ], [ 145.132825005269979, 43.564981108391578 ], [ 145.135022775680682, 43.563767504766702 ], [ 145.136389999698849, 43.565500559503391 ], [ 145.13798999973892, 43.564903054432591 ], [ 145.139131945383156, 43.566011108226235 ], [ 145.140734448236344, 43.565429171319352 ], [ 145.142019727828369, 43.567276386895912 ], [ 145.143700272050069, 43.567313054054353 ], [ 145.141589999379107, 43.568825837842326 ], [ 145.142942502394703, 43.571078332898935 ], [ 145.144448884808412, 43.571108333383052 ], [ 145.144592217856712, 43.572562504755979 ], [ 145.146793605340804, 43.573652224970374 ], [ 145.1474927751716, 43.57296583810313 ], [ 145.149501387579107, 43.573726387562886 ], [ 145.151164448980353, 43.572406386945374 ], [ 145.154409999721906, 43.572450558946286 ], [ 145.153424448879377, 43.575617775140358 ], [ 145.155774448432226, 43.576521667541101 ], [ 145.155319999418566, 43.577810838499545 ], [ 145.156778054064148, 43.578629440996053 ], [ 145.15729749618265, 43.578150279511931 ], [ 145.157102502478665, 43.580068332887436 ], [ 145.157786938716413, 43.581143613587074 ], [ 145.157063332506937, 43.582075000061366 ], [ 145.158391114958135, 43.581444171511464 ], [ 145.159151387426732, 43.581954721133627 ], [ 145.15879360564054, 43.580781387351294 ], [ 145.16082583694299, 43.580234999745585 ], [ 145.16176444857058, 43.580909440918106 ], [ 145.161692775301503, 43.58208777493104 ], [ 145.163237223319356, 43.581531386864185 ], [ 145.164525836698203, 43.582725558837637 ], [ 145.162229169640682, 43.582585000197753 ], [ 145.163173332783231, 43.584225279073564 ], [ 145.165628884865328, 43.583945559340236 ], [ 145.167398053677402, 43.584889171198483 ], [ 145.168678053349709, 43.583811386786238 ], [ 145.17095111500214, 43.583761946556763 ], [ 145.170578611313999, 43.584556386967847 ], [ 145.16887333303805, 43.584920838126322 ], [ 145.171069727486156, 43.58789944130632 ], [ 145.17247833920419, 43.588420279172738 ], [ 145.170663060352126, 43.589453892483334 ], [ 145.175779727952317, 43.593599441561139 ], [ 145.175714720458132, 43.595773612862104 ], [ 145.177401672349447, 43.596109720986988 ], [ 145.178565836644225, 43.597356945766592 ], [ 145.176315836307026, 43.598002505211639 ], [ 145.176657223452253, 43.598799441241397 ], [ 145.175378339838744, 43.600832775112622 ], [ 145.175919999708412, 43.601129721359712 ], [ 145.174998339402009, 43.601725837877268 ], [ 145.175503333012557, 43.603278054238956 ], [ 145.178362502627579, 43.605785559256333 ], [ 145.179450829792131, 43.605540558749965 ], [ 145.179479441723061, 43.606954999873494 ], [ 145.181559999894262, 43.607111107791582 ], [ 145.18517944197788, 43.610238332932909 ], [ 145.186595836428864, 43.609241386780752 ], [ 145.187759999824266, 43.6102722247835 ], [ 145.188874448696993, 43.609707505397239 ], [ 145.188434162207045, 43.611707225308351 ], [ 145.191368611372468, 43.614389170923687 ], [ 145.194040271441509, 43.613103054062833 ] ] ], [ [ [ 145.298030803279175, 43.554964748124803 ], [ 145.298193695682698, 43.555091775565131 ], [ 145.298182826476477, 43.555036198362018 ], [ 145.298030803279175, 43.554964748124803 ] ] ], [ [ [ 145.272654577346998, 43.560246333401722 ], [ 145.276732891310076, 43.56027064027802 ], [ 145.277508637513733, 43.559962775361953 ], [ 145.272654577346998, 43.560246333401722 ] ] ], [ [ [ 145.277991672377993, 43.563074721021735 ], [ 145.276616640445809, 43.561720838446092 ], [ 145.276444863639767, 43.561850468524483 ], [ 145.277281555999139, 43.563013135447989 ], [ 145.277991672377993, 43.563074721021735 ] ] ], [ [ [ 145.28931496791165, 43.5717469464646 ], [ 145.288188339520389, 43.572410558900344 ], [ 145.286887223766598, 43.572939171405778 ], [ 145.288801114180274, 43.572234387107471 ], [ 145.28931496791165, 43.5717469464646 ] ] ], [ [ [ 145.254037172977291, 43.575416639966136 ], [ 145.242072243539383, 43.57035183806704 ], [ 145.239236860992492, 43.570168720809988 ], [ 145.232371088455125, 43.572411865615265 ], [ 145.238370169048267, 43.57083161288881 ], [ 145.242502723821872, 43.570890801769281 ], [ 145.246403865046545, 43.57329505382387 ], [ 145.254037172977291, 43.575416639966136 ] ] ], [ [ [ 145.283366938233826, 43.573624171518475 ], [ 145.283931387823486, 43.573680279321593 ], [ 145.284062723915781, 43.573462108289846 ], [ 145.283918144407039, 43.573335252619984 ], [ 145.283366938233826, 43.573624171518475 ] ] ], [ [ [ 145.245559169620151, 43.61508083860997 ], [ 145.269709610610221, 43.611341801982746 ], [ 145.278038079194175, 43.608925586246983 ], [ 145.302219688887703, 43.604115838375435 ], [ 145.308924811930751, 43.602399359942694 ], [ 145.311541555798385, 43.600920838526065 ], [ 145.314810725434768, 43.600579251731233 ], [ 145.327706303903028, 43.595849892458716 ], [ 145.337752113369561, 43.589517387317755 ], [ 145.343513332274597, 43.583961559178761 ], [ 145.345966718789214, 43.579781585851663 ], [ 145.348459999229703, 43.569304440847418 ], [ 145.350069688565441, 43.566443693821554 ], [ 145.349200829255096, 43.56432505385834 ], [ 145.347133838256241, 43.560620865061026 ], [ 145.34394189340378, 43.557276468034729 ], [ 145.33661944153414, 43.553150838040892 ], [ 145.329400635631032, 43.550749694043304 ], [ 145.322982775834589, 43.550084586034984 ], [ 145.306240998423505, 43.550532468199037 ], [ 145.303316692711405, 43.55159405402253 ], [ 145.289268170789683, 43.550176198173176 ], [ 145.285010972678378, 43.550881666855616 ], [ 145.286571945738842, 43.552534667541067 ], [ 145.288492411995435, 43.551407306202407 ], [ 145.293042865535995, 43.551296667107692 ], [ 145.292863138723078, 43.552465532158749 ], [ 145.294963255350126, 43.552174972896864 ], [ 145.29370500578159, 43.553316171204528 ], [ 145.294556445223975, 43.553489081156329 ], [ 145.297195914060353, 43.552071225306975 ], [ 145.295095694011252, 43.553482170765733 ], [ 145.295947107373308, 43.554291387038063 ], [ 145.305213747816424, 43.55220555883966 ], [ 145.310730077731137, 43.551602225262627 ], [ 145.310974422631716, 43.552111027502065 ], [ 145.304513332424563, 43.553774134768673 ], [ 145.283593838984643, 43.561544333004747 ], [ 145.292086030945711, 43.56055446811439 ], [ 145.297534694970409, 43.558312225329075 ], [ 145.301919104882927, 43.558268054227483 ], [ 145.304122865677869, 43.557337505022019 ], [ 145.3010005580295, 43.560010279351104 ], [ 145.305179856865038, 43.55801517116339 ], [ 145.306803306727375, 43.558150440890302 ], [ 145.306984746748867, 43.561748774986143 ], [ 145.305827197867075, 43.564339532043959 ], [ 145.3049220230331, 43.564732559160461 ], [ 145.305388300829577, 43.565117585908013 ], [ 145.316184617026579, 43.565931413903797 ], [ 145.317951114852235, 43.565213468027309 ], [ 145.313362502177938, 43.564662775366969 ], [ 145.315263021471424, 43.564010135559499 ], [ 145.316431581652296, 43.565012838272025 ], [ 145.317270920716624, 43.563147892561346 ], [ 145.323728611486445, 43.562250279227158 ], [ 145.329163994323039, 43.562369468176598 ], [ 145.33399450034608, 43.563478414097688 ], [ 145.335851854879365, 43.564790774974426 ], [ 145.331513358954567, 43.565201198576631 ], [ 145.330647029437046, 43.566037225437753 ], [ 145.339330946965788, 43.568145026771731 ], [ 145.332372606310855, 43.568256504933913 ], [ 145.339736303787618, 43.570627775251808 ], [ 145.342061750949256, 43.573515838285459 ], [ 145.341578884258297, 43.575106279431395 ], [ 145.340752243621296, 43.574171468338761 ], [ 145.340896160329748, 43.580588613174143 ], [ 145.339905084052589, 43.584880306581056 ], [ 145.339683306739403, 43.58203280207232 ], [ 145.338512022511964, 43.580446892610155 ], [ 145.339018028759142, 43.582037892235121 ], [ 145.336647807950158, 43.582863838595415 ], [ 145.337839999616449, 43.585035838033662 ], [ 145.335460310744907, 43.584462252231333 ], [ 145.336501724774962, 43.585844694577133 ], [ 145.33101669306609, 43.58224753229797 ], [ 145.330760245988699, 43.580453892033631 ], [ 145.333108144725315, 43.580428054511287 ], [ 145.326236523896682, 43.579574532239064 ], [ 145.328275550476405, 43.580294441335582 ], [ 145.325031607722735, 43.579961837868666 ], [ 145.325116938995734, 43.580770278925399 ], [ 145.320220362479972, 43.581951586096977 ], [ 145.322869830878176, 43.582736946053387 ], [ 145.326725135456854, 43.582295252124368 ], [ 145.324381244998676, 43.583536973053015 ], [ 145.32587571948909, 43.583106505361116 ], [ 145.327625837062897, 43.58376499975509 ], [ 145.328895330855062, 43.58306900003447 ], [ 145.331648339999106, 43.583804054613609 ], [ 145.335005667477731, 43.589859721449159 ], [ 145.331757807277199, 43.59218444105926 ], [ 145.330307781778856, 43.589812225553942 ], [ 145.330975667793041, 43.588013108418409 ], [ 145.329435576990477, 43.586230919221691 ], [ 145.329180219891441, 43.587423973337877 ], [ 145.330089921912531, 43.587701081439945 ], [ 145.328980699899603, 43.58857900052061 ], [ 145.32958313865106, 43.589713721011606 ], [ 145.328617587831559, 43.590416667095667 ], [ 145.328741192452298, 43.592756171560211 ], [ 145.328118780657405, 43.592464468360674 ], [ 145.327711854518611, 43.593809225515486 ], [ 145.322444915600499, 43.595465972776594 ], [ 145.323190855573671, 43.593526252035076 ], [ 145.321937496518444, 43.592309441427744 ], [ 145.321197496567379, 43.592271667203818 ], [ 145.320812697348288, 43.593733306547051 ], [ 145.319436160850273, 43.594760027453447 ], [ 145.315214720683002, 43.593599134892315 ], [ 145.313618663270859, 43.594503440981157 ], [ 145.313056056392043, 43.596647359987855 ], [ 145.313897911759454, 43.595845224977325 ], [ 145.315218443876233, 43.596131053805266 ], [ 145.316259727504644, 43.59679033330741 ], [ 145.315940557211093, 43.597747081562716 ], [ 145.307207496229125, 43.600587225120535 ], [ 145.304804253213888, 43.599919838230107 ], [ 145.308727522257527, 43.59903913484834 ], [ 145.299620310928731, 43.597932305931351 ], [ 145.300042165813466, 43.597277774849601 ], [ 145.302095187642976, 43.59745255898855 ], [ 145.300683332969584, 43.596905279255395 ], [ 145.300796886767102, 43.59618130612256 ], [ 145.299048520173301, 43.595835225415499 ], [ 145.302582723614023, 43.596057946117469 ], [ 145.302142113368063, 43.595550802227933 ], [ 145.303417055253021, 43.59529722488719 ], [ 145.304009169787491, 43.594992504900347 ], [ 145.293046588729226, 43.595070919487512 ], [ 145.279590051839591, 43.591557279045333 ], [ 145.282838975038885, 43.594916198324086 ], [ 145.283045252536567, 43.596703197994373 ], [ 145.284174642745711, 43.596525946115662 ], [ 145.286572554579948, 43.598595586517263 ], [ 145.287416938840806, 43.601353054500009 ], [ 145.289733916187515, 43.602259694329575 ], [ 145.288037328060454, 43.602953306350173 ], [ 145.28548992192259, 43.600781748479051 ], [ 145.282096743869829, 43.600189748158527 ], [ 145.277827029893729, 43.598002999838741 ], [ 145.270582217395599, 43.59318277486534 ], [ 145.267456328646858, 43.593794224823796 ], [ 145.267853384726095, 43.594929000173408 ], [ 145.266143060354125, 43.596087774831119 ], [ 145.262985252867338, 43.596448386783777 ], [ 145.264802969781385, 43.596893251722349 ], [ 145.265726056412518, 43.598345108240323 ], [ 145.266677055302011, 43.597800585828566 ], [ 145.272248948930041, 43.599104558728584 ], [ 145.273061802960001, 43.600460441396422 ], [ 145.272565965347212, 43.601567973583258 ], [ 145.273839143661689, 43.60251319792593 ], [ 145.273173721790045, 43.60372208100938 ], [ 145.267633890791558, 43.602373613251814 ], [ 145.269115330508271, 43.601838802618829 ], [ 145.262724811900739, 43.600663505616467 ], [ 145.260978884268297, 43.599165558843652 ], [ 145.265399584523379, 43.599261892422589 ], [ 145.258027366869669, 43.597629108496733 ], [ 145.241416303220035, 43.591381027212776 ], [ 145.260526108893032, 43.600179171231957 ], [ 145.266311387360815, 43.603909441267888 ], [ 145.269191114578462, 43.607976667489368 ], [ 145.266630388581802, 43.610484918943996 ], [ 145.245575550771264, 43.613746946164781 ], [ 145.245559169620151, 43.61508083860997 ] ] ], [ [ [ 145.330487716335256, 43.567605251881048 ], [ 145.329863281065741, 43.566460000328902 ], [ 145.327502943805939, 43.567222198246043 ], [ 145.317913605928311, 43.566316838151749 ], [ 145.323094720744962, 43.567783225016001 ], [ 145.324206082245041, 43.567717468386604 ], [ 145.322623721507739, 43.567264774849662 ], [ 145.329053553978497, 43.568193332956128 ], [ 145.330487716335256, 43.567605251881048 ] ] ], [ [ [ 145.330765005200988, 43.569831108119331 ], [ 145.329274085730617, 43.568366332840128 ], [ 145.329158910455476, 43.569723225446637 ], [ 145.328405837059904, 43.570076945894527 ], [ 145.323733060432573, 43.568133721394304 ], [ 145.327831244916183, 43.570515694543815 ], [ 145.330405330341932, 43.57071866703302 ], [ 145.330765005200988, 43.569831108119331 ] ] ], [ [ [ 145.322897366320603, 43.578479972772698 ], [ 145.32586031050505, 43.579565802519937 ], [ 145.323097392630757, 43.578213080969078 ], [ 145.321327172511133, 43.576161945917249 ], [ 145.319329999480033, 43.577014441163669 ], [ 145.319156808939738, 43.57859686485358 ], [ 145.321152087998598, 43.576728748133405 ], [ 145.322897366320603, 43.578479972772698 ] ] ], [ [ [ 145.322021114582981, 43.585141946343924 ], [ 145.321929947609192, 43.58440466684209 ], [ 145.318071893802994, 43.584809279025194 ], [ 145.318760855429332, 43.584180802202411 ], [ 145.316694746665348, 43.583720892505369 ], [ 145.316455745536359, 43.581871198397266 ], [ 145.318526640492223, 43.581255468565189 ], [ 145.314366445954875, 43.581329134731959 ], [ 145.316134253193354, 43.582682919281467 ], [ 145.316206056864189, 43.58440466684209 ], [ 145.315137223404349, 43.585195278839194 ], [ 145.316693021765673, 43.584579747757346 ], [ 145.318289662837856, 43.585396838493466 ], [ 145.322021114582981, 43.585141946343924 ] ] ], [ [ [ 145.3191698302237, 43.584049865409156 ], [ 145.321229584377988, 43.583823414319284 ], [ 145.32135416296444, 43.58360194637288 ], [ 145.3191698302237, 43.584049865409156 ] ] ], [ [ [ 145.326882917912485, 43.585726667551853 ], [ 145.324612606386836, 43.583814413904236 ], [ 145.323848197036796, 43.584124838290847 ], [ 145.326882917912485, 43.585726667551853 ] ] ], [ [ [ 145.309491945996683, 43.588709171091523 ], [ 145.308903332522959, 43.589090559182125 ], [ 145.308494162575698, 43.589852505289059 ], [ 145.309491945996683, 43.588709171091523 ] ] ], [ [ [ 145.308636393954544, 43.595835360313799 ], [ 145.305013060504507, 43.594784721038195 ], [ 145.309518559633943, 43.596993386735562 ], [ 145.308636393954544, 43.595835360313799 ] ] ], [ [ [ 145.312654227610665, 43.597507775563543 ], [ 145.311546252058065, 43.59734510799052 ], [ 145.3102024769629, 43.598242973134859 ], [ 145.310518391710616, 43.598434892056787 ], [ 145.312654227610665, 43.597507775563543 ] ] ] ] } },
{ "type": "Feature", "properties": { "fid": 25, "OBJECTID": 1035.0, "N03_001": "北海道", "N03_002": "根室振興局", "N03_003": null, "N03_004": "根室市", "N03_007": "01223", "Shape_Leng": 0.000120514188133, "Shape_Area": 6.66045e-10, "join_key": "根室市" }, "geometry": { "type": "MultiPolygon", "coordinates": [ [ [ [ 145.496152502236328, 43.158529171384316 ], [ 145.496009169188028, 43.158425000213754 ], [ 145.495988339990049, 43.158511108501045 ], [ 145.496152502236328, 43.158529171384316 ] ] ], [ [ [ 145.495495278584372, 43.159171108360113 ], [ 145.49544416291792, 43.159241667369201 ], [ 145.495520829223096, 43.15922333289069 ], [ 145.495495278584372, 43.159171108360113 ] ] ], [ [ [ 145.499377223780016, 43.159379440808721 ], [ 145.49928861178023, 43.159259721259275 ], [ 145.499243060219214, 43.159379440808721 ], [ 145.499377223780016, 43.159379440808721 ] ] ], [ [ [ 145.499783605828952, 43.159401667553084 ], [ 145.499734162901518, 43.159292225455999 ], [ 145.499663605691012, 43.159396386734045 ], [ 145.499783605828952, 43.159401667553084 ] ] ], [ [ [ 145.495266666423731, 43.159482225224679 ], [ 145.495121114747803, 43.159476108036131 ], [ 145.495141945744422, 43.159516108082073 ], [ 145.495266666423731, 43.159482225224679 ] ] ], [ [ [ 145.502898053402646, 43.160534441011805 ], [ 145.502861388042788, 43.16043277535249 ], [ 145.502780829471931, 43.160466667203082 ], [ 145.502898053402646, 43.160534441011805 ] ] ], [ [ [ 145.509701945388656, 43.161132505460898 ], [ 145.509617496350529, 43.161175559604544 ], [ 145.509709727222344, 43.161171386750254 ], [ 145.509701945388656, 43.161132505460898 ] ] ], [ [ [ 145.510539169247409, 43.161659440730773 ], [ 145.510435005271461, 43.161578613262577 ], [ 145.51045194580081, 43.161659440730773 ], [ 145.510539169247409, 43.161659440730773 ] ] ], [ [ [ 145.509993605420732, 43.161613891867773 ], [ 145.509838611762689, 43.161604721480899 ], [ 145.509993605420732, 43.161640000086095 ], [ 145.509993605420732, 43.161613891867773 ] ] ], [ [ [ 145.510410271217211, 43.161971946148583 ], [ 145.510342502804406, 43.161839171141025 ], [ 145.51031389087359, 43.161934171025337 ], [ 145.510410271217211, 43.161971946148583 ] ] ], [ [ [ 145.515533332997052, 43.163693333081028 ], [ 145.515585550333071, 43.163511107951422 ], [ 145.515447223810497, 43.163647775224831 ], [ 145.515533332997052, 43.163693333081028 ] ] ], [ [ [ 145.516327496417034, 43.163634721565302 ], [ 145.516203890897032, 43.163602225462512 ], [ 145.516280829696711, 43.163693333081028 ], [ 145.516327496417034, 43.163634721565302 ] ] ], [ [ [ 145.518841672605276, 43.164508332893433 ], [ 145.518744162713119, 43.164349721262795 ], [ 145.518698339556863, 43.164404171615388 ], [ 145.518841672605276, 43.164508332893433 ] ] ], [ [ [ 145.49222250266655, 43.164897775312227 ], [ 145.49222250266655, 43.164693613020006 ], [ 145.492059727174819, 43.164803054217771 ], [ 145.49222250266655, 43.164897775312227 ] ] ], [ [ [ 145.493618884504144, 43.16492583775738 ], [ 145.493575278176763, 43.164816387566418 ], [ 145.493499727930271, 43.164893053871481 ], [ 145.493618884504144, 43.16492583775738 ] ] ], [ [ [ 145.493535005636204, 43.16519694648207 ], [ 145.493771945519029, 43.165122774896304 ], [ 145.493626108758122, 43.165032775242537 ], [ 145.493535005636204, 43.16519694648207 ] ] ], [ [ [ 145.493410829946015, 43.165211386896146 ], [ 145.493391387502697, 43.16512027927763 ], [ 145.493328339631375, 43.165199171404822 ], [ 145.493410829946015, 43.165211386896146 ] ] ], [ [ [ 145.492227496601913, 43.165264999979911 ], [ 145.492031945318217, 43.16519583851732 ], [ 145.491993060431582, 43.165266107944717 ], [ 145.492227496601913, 43.165264999979911 ] ] ], [ [ [ 145.521295837033449, 43.165633613200839 ], [ 145.521191673057501, 43.16567638675599 ], [ 145.521289169459806, 43.165720838446077 ], [ 145.521295837033449, 43.165633613200839 ] ] ], [ [ [ 145.493369999825859, 43.166269441082022 ], [ 145.493243605508155, 43.166306108240462 ], [ 145.493352776009942, 43.166321946201037 ], [ 145.493369999825859, 43.166269441082022 ] ] ], [ [ [ 145.522648611644286, 43.166408054488272 ], [ 145.522579727172797, 43.166333613105905 ], [ 145.522570557685299, 43.166408054488272 ], [ 145.522648611644286, 43.166408054488272 ] ] ], [ [ [ 145.493309169682561, 43.166388612944274 ], [ 145.493213060934181, 43.166425000413597 ], [ 145.49330666686933, 43.166437224898175 ], [ 145.493309169682561, 43.166388612944274 ] ] ], [ [ [ 145.492218884693898, 43.166512775144611 ], [ 145.492057223462325, 43.166324440920391 ], [ 145.492006108695136, 43.166382775444902 ], [ 145.492218884693898, 43.166512775144611 ] ] ], [ [ [ 145.522846393246596, 43.16672972129976 ], [ 145.52290082921013, 43.166618612758953 ], [ 145.522794162420837, 43.166629170799752 ], [ 145.522846393246596, 43.16672972129976 ] ] ], [ [ [ 145.493536393290128, 43.166938053748368 ], [ 145.493536393290128, 43.166786107892733 ], [ 145.493455005544206, 43.166923613334234 ], [ 145.493536393290128, 43.166938053748368 ] ] ], [ [ [ 145.523425836333445, 43.167046108191528 ], [ 145.523352775410444, 43.166910558775442 ], [ 145.523302217323703, 43.166949721552555 ], [ 145.523425836333445, 43.167046108191528 ] ] ], [ [ [ 145.523881387915935, 43.167378054253959 ], [ 145.523793061001129, 43.16732722547124 ], [ 145.523783890614254, 43.167392505459929 ], [ 145.523881387915935, 43.167378054253959 ] ] ], [ [ [ 145.494719727533607, 43.167473054138327 ], [ 145.494729442010339, 43.167284441124252 ], [ 145.494648053365154, 43.16743277530253 ], [ 145.494719727533607, 43.167473054138327 ] ] ], [ [ [ 145.5238425030293, 43.16759305427621 ], [ 145.523873605182871, 43.167486107797799 ], [ 145.523801945403648, 43.16751194621952 ], [ 145.5238425030293, 43.16759305427621 ] ] ], [ [ [ 145.524066393749195, 43.167609721411679 ], [ 145.524063890935963, 43.167514721527368 ], [ 145.52402722377758, 43.167583891983213 ], [ 145.524066393749195, 43.167609721411679 ] ] ], [ [ [ 145.524790271553911, 43.167963892419891 ], [ 145.524698884246277, 43.16800277550783 ], [ 145.524787496246176, 43.168000278989837 ], [ 145.524790271553911, 43.167963892419891 ] ] ], [ [ [ 145.527082775649774, 43.17010944099809 ], [ 145.527073605262899, 43.169981945910251 ], [ 145.526972217494063, 43.170016945725649 ], [ 145.527082775649774, 43.17010944099809 ] ] ], [ [ [ 145.526839169991831, 43.170964721444932 ], [ 145.526952217471035, 43.170859441410244 ], [ 145.526874448597141, 43.170824441594846 ], [ 145.526839169991831, 43.170964721444932 ] ] ], [ [ [ 145.328806938289745, 43.172093892219493 ], [ 145.328986393507421, 43.171996386823935 ], [ 145.328792502372266, 43.172045837845303 ], [ 145.328806938289745, 43.172093892219493 ] ] ], [ [ [ 145.328947223535693, 43.172300837913497 ], [ 145.328364162476305, 43.172079721602017 ], [ 145.328025550638813, 43.172170838213788 ], [ 145.328335550545376, 43.172546946384614 ], [ 145.328947223535693, 43.172300837913497 ] ] ], [ [ [ 145.331256938856768, 43.172647504978556 ], [ 145.331372776032936, 43.172560000044143 ], [ 145.331267496897681, 43.172566667617787 ], [ 145.331256938856768, 43.172647504978556 ] ] ], [ [ [ 145.331693060586417, 43.172838892401103 ], [ 145.33188444890834, 43.172719171053075 ], [ 145.33164360596777, 43.172769721045938 ], [ 145.331693060586417, 43.172838892401103 ] ] ], [ [ [ 145.331246666800439, 43.172933613495616 ], [ 145.331388611295552, 43.172849170752784 ], [ 145.331210271237182, 43.172845000596453 ], [ 145.331246666800439, 43.172933613495616 ] ] ], [ [ [ 145.332409170047299, 43.173326946381621 ], [ 145.332074448677076, 43.173246386911387 ], [ 145.332034162646664, 43.173341386795755 ], [ 145.332409170047299, 43.173326946381621 ] ] ], [ [ [ 145.338047781679961, 43.173854171233188 ], [ 145.338109169402856, 43.173735838438347 ], [ 145.338012775569268, 43.173772225008349 ], [ 145.338047781679961, 43.173854171233188 ] ] ], [ [ [ 145.337554448679043, 43.173905278805762 ], [ 145.337658611755728, 43.173771108050346 ], [ 145.337490557243655, 43.173811386886143 ], [ 145.337554448679043, 43.173905278805762 ] ] ], [ [ [ 145.338693605525691, 43.174207225283396 ], [ 145.338913890863523, 43.174238332832942 ], [ 145.338886393192638, 43.174163054181747 ], [ 145.338693605525691, 43.174207225283396 ] ] ], [ [ [ 145.523600271535429, 43.174586387551926 ], [ 145.523838611662768, 43.174504999806061 ], [ 145.523611672241032, 43.174502505086707 ], [ 145.523600271535429, 43.174586387551926 ] ] ], [ [ [ 145.523028053601934, 43.174791108323177 ], [ 145.523136108944414, 43.175185559066449 ], [ 145.52333916956718, 43.175025279193449 ], [ 145.523028053601934, 43.174791108323177 ] ] ], [ [ [ 145.339684448878415, 43.175135278870187 ], [ 145.339844449062298, 43.175049720967991 ], [ 145.33976888442669, 43.175009171436272 ], [ 145.339684448878415, 43.175135278870187 ] ] ], [ [ [ 145.340020271918206, 43.17528222539454 ], [ 145.339973332703266, 43.175158613579299 ], [ 145.339956666467174, 43.175255000218272 ], [ 145.340020271918206, 43.17528222539454 ] ] ], [ [ [ 145.516825278364081, 43.176960837872514 ], [ 145.517065005245968, 43.176841108430551 ], [ 145.516821387896925, 43.176839720776684 ], [ 145.516825278364081, 43.176960837872514 ] ] ], [ [ [ 145.516668053488047, 43.177479171127004 ], [ 145.516871115010076, 43.177395838147561 ], [ 145.516666666733499, 43.177389441269838 ], [ 145.516668053488047, 43.177479171127004 ] ] ], [ [ [ 145.35955610892745, 43.178170837914024 ], [ 145.35958111457694, 43.178018333579416 ], [ 145.359488611210622, 43.178131667042976 ], [ 145.35955610892745, 43.178170837914024 ] ] ], [ [ [ 145.358823060735858, 43.178391946131569 ], [ 145.358835005531205, 43.178282774730462 ], [ 145.358755550428441, 43.178311387560655 ], [ 145.358823060735858, 43.178391946131569 ] ] ], [ [ [ 145.358205836230582, 43.178721387582129 ], [ 145.358201945763312, 43.178619999813293 ], [ 145.358155279043103, 43.178648613542862 ], [ 145.358205836230582, 43.178721387582129 ] ] ], [ [ [ 145.369584720658509, 43.182018053990191 ], [ 145.369515550202664, 43.181937505311794 ], [ 145.369483060395055, 43.181990837807064 ], [ 145.369584720658509, 43.182018053990191 ] ] ], [ [ [ 145.370277223815037, 43.182083333079504 ], [ 145.370179727412619, 43.182006387085266 ], [ 145.370157496171714, 43.182058613414426 ], [ 145.370277223815037, 43.182083333079504 ] ] ], [ [ [ 145.380446938275782, 43.182104441067281 ], [ 145.380255278358618, 43.182122775545849 ], [ 145.380393060791334, 43.182188333425017 ], [ 145.380446938275782, 43.182104441067281 ] ] ], [ [ [ 145.380039441966801, 43.182064441021282 ], [ 145.379958053321729, 43.182263612975532 ], [ 145.380149727628009, 43.182104441067281 ], [ 145.380039441966801, 43.182064441021282 ] ] ], [ [ [ 145.517128611596377, 43.18345944150019 ], [ 145.517755836562742, 43.184889171098519 ], [ 145.517913333034016, 43.184844721207071 ], [ 145.517560829368904, 43.182543053918948 ], [ 145.517128611596377, 43.18345944150019 ] ] ], [ [ [ 145.400133605981296, 43.184331108494007 ], [ 145.39996693822377, 43.184205838328921 ], [ 145.400025836623286, 43.18436027890391 ], [ 145.400133605981296, 43.184331108494007 ] ] ], [ [ [ 145.399367496912646, 43.184395559307802 ], [ 145.399420271828262, 43.184247225129525 ], [ 145.399267223403854, 43.184332505141185 ], [ 145.399367496912646, 43.184395559307802 ] ] ], [ [ [ 145.398841387220386, 43.184524441150188 ], [ 145.39902167251239, 43.18436638709926 ], [ 145.398889999174344, 43.184370000575257 ], [ 145.398841387220386, 43.184524441150188 ] ] ], [ [ [ 145.519748053430135, 43.185483613078475 ], [ 145.519858611585846, 43.18534833345899 ], [ 145.519720830052393, 43.185432775302502 ], [ 145.519748053430135, 43.185483613078475 ] ] ], [ [ [ 145.530416108316899, 43.18549305416127 ], [ 145.53054916930887, 43.185390278738566 ], [ 145.530400557240114, 43.18538500061743 ], [ 145.530416108316899, 43.18549305416127 ] ] ], [ [ [ 145.529528339861145, 43.185672504882348 ], [ 145.52957916954324, 43.18554083783954 ], [ 145.529485278522998, 43.185546107866742 ], [ 145.529528339861145, 43.185672504882348 ] ] ], [ [ [ 145.519619441384293, 43.185728054206493 ], [ 145.519651945581018, 43.185618891798583 ], [ 145.519564720335779, 43.185669440892127 ], [ 145.519619441384293, 43.185728054206493 ] ] ], [ [ [ 145.518259727604573, 43.185851666921053 ], [ 145.518038339697796, 43.186109441397775 ], [ 145.518329999729872, 43.185898613330494 ], [ 145.518259727604573, 43.185851666921053 ] ] ], [ [ [ 145.528453060960146, 43.186047225399307 ], [ 145.528520557777711, 43.185980838345188 ], [ 145.52844111436616, 43.185999171025117 ], [ 145.528453060960146, 43.186047225399307 ] ] ], [ [ [ 145.519989999838799, 43.186147225514219 ], [ 145.519888339575346, 43.186032775092656 ], [ 145.519922217936141, 43.186166945848015 ], [ 145.519989999838799, 43.186147225514219 ] ] ], [ [ [ 145.535682502245891, 43.187571945888749 ], [ 145.53567610896539, 43.187469171365308 ], [ 145.535596666453216, 43.187533053807556 ], [ 145.535682502245891, 43.187571945888749 ] ] ], [ [ [ 145.535928885010208, 43.187568333312072 ], [ 145.535985005403859, 43.187477224794236 ], [ 145.535889727628955, 43.187506946488554 ], [ 145.535928885010208, 43.187568333312072 ] ] ], [ [ [ 145.534016393941556, 43.187849441598644 ], [ 145.534087781226276, 43.187743891767354 ], [ 145.533973332603409, 43.187781666890601 ], [ 145.534016393941556, 43.187849441598644 ] ] ], [ [ [ 145.53538833940047, 43.187938054497806 ], [ 145.535338884781936, 43.187857225230914 ], [ 145.535294720874845, 43.187891108088309 ], [ 145.53538833940047, 43.187938054497806 ] ] ], [ [ [ 145.535223060196245, 43.187997774877601 ], [ 145.535141114870726, 43.187934171225209 ], [ 145.535160557314043, 43.188005559409191 ], [ 145.535223060196245, 43.187997774877601 ] ] ], [ [ [ 145.532139999861329, 43.188058891904518 ], [ 145.532120557418011, 43.187936666843882 ], [ 145.532068339182729, 43.18802917110952 ], [ 145.532139999861329, 43.188058891904518 ] ] ], [ [ [ 145.534816938950712, 43.188371667118929 ], [ 145.534833890272012, 43.188249171362315 ], [ 145.534779169223498, 43.188300000145034 ], [ 145.534816938950712, 43.188371667118929 ] ] ], [ [ [ 145.533752775670223, 43.189705838353916 ], [ 145.533726939047142, 43.189606946203753 ], [ 145.53368138748624, 43.189661667252324 ], [ 145.533752775670223, 43.189705838353916 ] ] ], [ [ [ 145.534234720556128, 43.190228053981684 ], [ 145.534229727520142, 43.190126667112168 ], [ 145.534146393641322, 43.19017083821376 ], [ 145.534234720556128, 43.190228053981684 ] ] ], [ [ [ 145.534759727679443, 43.191209721551559 ], [ 145.534849441348797, 43.191095000434075 ], [ 145.534690557223598, 43.191111946359399 ], [ 145.534759727679443, 43.191209721551559 ] ] ], [ [ [ 145.53463444852116, 43.191585000547491 ], [ 145.534612217280142, 43.19150555893458 ], [ 145.534540829995535, 43.191548333389051 ], [ 145.53463444852116, 43.191585000547491 ] ] ], [ [ [ 145.534931114179699, 43.193057224911172 ], [ 145.534984448473665, 43.192967225257405 ], [ 145.534906393615302, 43.192994721129651 ], [ 145.534931114179699, 43.193057224911172 ] ] ], [ [ [ 145.535674720412203, 43.194075558740224 ], [ 145.535618611709765, 43.194011667304778 ], [ 145.535630271420018, 43.1940688920659 ], [ 145.535674720412203, 43.194075558740224 ] ] ], [ [ [ 145.535390829623225, 43.193998612745929 ], [ 145.535528884550558, 43.193984441229134 ], [ 145.53546639335957, 43.193956946256208 ], [ 145.535390829623225, 43.193998612745929 ] ] ], [ [ [ 145.536658612005567, 43.19441389178786 ], [ 145.536632775382486, 43.194352774760887 ], [ 145.536605278610864, 43.194394441250608 ], [ 145.536658612005567, 43.19441389178786 ] ] ], [ [ [ 145.536506393655372, 43.194657505539624 ], [ 145.536626108708106, 43.194626108408329 ], [ 145.536568884846361, 43.194570279395066 ], [ 145.536506393655372, 43.194657505539624 ] ] ], [ [ [ 145.535611945934761, 43.1949333330071 ], [ 145.535611945934761, 43.194815000212259 ], [ 145.535556108827564, 43.194852775335505 ], [ 145.535611945934761, 43.1949333330071 ] ] ], [ [ [ 145.535989169264894, 43.195135000579967 ], [ 145.535945005357917, 43.19505027904728 ], [ 145.535931945403149, 43.195148054239496 ], [ 145.535989169264894, 43.195135000579967 ] ] ], [ [ [ 145.535595278799292, 43.19529917092018 ], [ 145.535543060564009, 43.195221107967939 ], [ 145.535510557266548, 43.195243054123807 ], [ 145.535595278799292, 43.19529917092018 ] ] ], [ [ [ 145.535586938486631, 43.196573892471349 ], [ 145.535795279029117, 43.196691108308187 ], [ 145.535849999178254, 43.196555558892101 ], [ 145.535586938486631, 43.196573892471349 ] ] ], [ [ [ 145.534510271931708, 43.198046107841776 ], [ 145.534801945453637, 43.198178891842531 ], [ 145.53483833921814, 43.198074721571288 ], [ 145.534510271931708, 43.198046107841776 ] ] ], [ [ [ 145.533608028887556, 43.199375224886865 ], [ 145.533530829284473, 43.201011080896819 ], [ 145.533885472436737, 43.201414108474467 ], [ 145.533608028887556, 43.199375224886865 ] ] ], [ [ [ 145.545374720766972, 43.212493891879774 ], [ 145.545471114600446, 43.212448333124257 ], [ 145.545339441262399, 43.212450837736128 ], [ 145.545374720766972, 43.212493891879774 ] ] ], [ [ [ 145.553890557703198, 43.216243613352219 ], [ 145.553841387270381, 43.216160279473513 ], [ 145.553810000031604, 43.216177225398781 ], [ 145.553890557703198, 43.216243613352219 ] ] ], [ [ [ 145.554205550645861, 43.216739720761666 ], [ 145.554227781886766, 43.216643333223431 ], [ 145.554175551061007, 43.216675838319475 ], [ 145.554205550645861, 43.216739720761666 ] ] ], [ [ [ 145.556392775606241, 43.217748613507865 ], [ 145.556447496654869, 43.21763666679891 ], [ 145.556378611284117, 43.21767444102278 ], [ 145.556392775606241, 43.217748613507865 ] ] ], [ [ [ 145.556425278903703, 43.218011667004987 ], [ 145.556456667041743, 43.2179113872009 ], [ 145.556383605219366, 43.217955559201869 ], [ 145.556425278903703, 43.218011667004987 ] ] ], [ [ [ 145.756436393225158, 43.399426386918378 ], [ 145.762839727171809, 43.398725000258707 ], [ 145.762162502597562, 43.397841107880993 ], [ 145.762773060428572, 43.396853892393381 ], [ 145.760153606004337, 43.395923612984518 ], [ 145.75996083002849, 43.3941566672965 ], [ 145.761363890231564, 43.392012775269507 ], [ 145.764886938481595, 43.391000278939885 ], [ 145.766382502950364, 43.39077944141826 ], [ 145.768009727267327, 43.391886387247155 ], [ 145.77356778122828, 43.393108892361681 ], [ 145.772557781416708, 43.390810838549498 ], [ 145.773238611373017, 43.389760279313634 ], [ 145.776546938390652, 43.388763054371623 ], [ 145.782659727464647, 43.389071946313436 ], [ 145.782637781308722, 43.387672774778878 ], [ 145.783442139443309, 43.388231973227164 ], [ 145.78565194548105, 43.386251945770823 ], [ 145.786737781523584, 43.38658666714116 ], [ 145.786711672405886, 43.387256108083079 ], [ 145.789821945326707, 43.387607775378683 ], [ 145.789252619612853, 43.388673784068033 ], [ 145.786782217925179, 43.387980613614616 ], [ 145.785645836386379, 43.388318666973078 ], [ 145.785147418618635, 43.388885720999383 ], [ 145.786782217925179, 43.388053305815561 ], [ 145.789202361000321, 43.388769387397474 ], [ 145.788705965807821, 43.389746170749333 ], [ 145.787589441299815, 43.389745387439859 ], [ 145.788689947982903, 43.389815838530296 ], [ 145.79045472090877, 43.386955279462768 ], [ 145.808265836299483, 43.387971387469747 ], [ 145.812848884868345, 43.386764441525941 ], [ 145.813680829706755, 43.385562775501853 ], [ 145.817431672633802, 43.385426108228501 ], [ 145.815465836479348, 43.384446946169817 ], [ 145.815484448848451, 43.381871946133572 ], [ 145.811610829576352, 43.382663333346329 ], [ 145.811061387872883, 43.382026667296998 ], [ 145.811513332274671, 43.380532225182208 ], [ 145.806407223614656, 43.377284999902997 ], [ 145.80746972764598, 43.375318892153302 ], [ 145.806728885030225, 43.373995000169316 ], [ 145.807006108245446, 43.372092586004214 ], [ 145.80864739256333, 43.37177650488195 ], [ 145.807149441293859, 43.372001946033151 ], [ 145.806029727789905, 43.371419721343216 ], [ 145.806152775730197, 43.370514171492005 ], [ 145.810544188663584, 43.370051721210132 ], [ 145.809573890323009, 43.371748053929707 ], [ 145.811979441897961, 43.369065279139477 ], [ 145.806942502794413, 43.365115838025645 ], [ 145.805503890592263, 43.36491166674017 ], [ 145.804386666411688, 43.363670837938969 ], [ 145.800688053411136, 43.362086108387359 ], [ 145.795279441593152, 43.363160279323608 ], [ 145.789415278192678, 43.360953333129999 ], [ 145.7881602715795, 43.359471666784145 ], [ 145.789671945604027, 43.358100838283235 ], [ 145.785098053932188, 43.355839171041055 ], [ 145.785478339454016, 43.354299171070068 ], [ 145.784121672577271, 43.354713333153995 ], [ 145.783396667022771, 43.35432250487986 ], [ 145.782839441687088, 43.353474721181612 ], [ 145.781903060378113, 43.353666108604216 ], [ 145.779839727821354, 43.352822504954815 ], [ 145.778773060828257, 43.351285000602445 ], [ 145.775318053485535, 43.350059441390272 ], [ 145.773983332764828, 43.349100279354559 ], [ 145.774263332187161, 43.34703277484283 ], [ 145.764690558023062, 43.344908054563234 ], [ 145.765881750542576, 43.342006468423961 ], [ 145.764234617034163, 43.340493531751235 ], [ 145.76579211331557, 43.342031000130703 ], [ 145.764853606009297, 43.34427053235936 ], [ 145.763269182227191, 43.343704224770306 ], [ 145.763550790536783, 43.343167360085772 ], [ 145.761676108765641, 43.343285000402602 ], [ 145.762229727819886, 43.341915559555616 ], [ 145.761526666622558, 43.34176138697859 ], [ 145.761086108537256, 43.34267083808885 ], [ 145.758610557331508, 43.342028613330001 ], [ 145.75513236096981, 43.338337108570897 ], [ 145.754240557256139, 43.339179441478223 ], [ 145.753405005237028, 43.338556667256569 ], [ 145.755095109252125, 43.337259252212903 ], [ 145.754529727964723, 43.336819999943202 ], [ 145.757655837047423, 43.337180558835882 ], [ 145.757705278176218, 43.336079170817243 ], [ 145.756678053649466, 43.335376107821276 ], [ 145.756082191639962, 43.336272667150013 ], [ 145.751201945913294, 43.337646667559852 ], [ 145.748182775215128, 43.336181667450148 ], [ 145.746629727879849, 43.338379441458244 ], [ 145.742901114395067, 43.339372505237066 ], [ 145.73881555099706, 43.339144440763505 ], [ 145.736638884976742, 43.337972775223591 ], [ 145.737155278393516, 43.33460417114577 ], [ 145.734626938782412, 43.330941666824629 ], [ 145.730893605655524, 43.329324171373571 ], [ 145.730731945323214, 43.328221946086103 ], [ 145.727422218061065, 43.328560000343884 ], [ 145.728663890426333, 43.332109171201466 ], [ 145.72736583686401, 43.333078892177298 ], [ 145.725475278461545, 43.333171107760563 ], [ 145.725971945249285, 43.334181108471569 ], [ 145.725045005922425, 43.335275559119907 ], [ 145.722701387958864, 43.336038053813297 ], [ 145.720424720924257, 43.335501667568053 ], [ 145.719350271198209, 43.336600000589726 ], [ 145.716297223937886, 43.33682805427145 ], [ 145.712425278304181, 43.334117225130001 ], [ 145.710594448375218, 43.333938332887897 ], [ 145.709781115006649, 43.335401386864703 ], [ 145.706610829426381, 43.33471944084971 ], [ 145.701875836800582, 43.328217505233852 ], [ 145.700005550915648, 43.328386108332381 ], [ 145.696296108278943, 43.326779865198773 ], [ 145.698761776834658, 43.327902108495664 ], [ 145.698415836421873, 43.328824721184105 ], [ 145.696121672177583, 43.328409171446253 ], [ 145.696394889812495, 43.327274919502088 ], [ 145.696171335438976, 43.327943279458964 ], [ 145.694274721001761, 43.328095558963071 ], [ 145.688765278994651, 43.327641108150772 ], [ 145.680553605364821, 43.32355555914188 ], [ 145.676596109023421, 43.319804171225712 ], [ 145.676322775375979, 43.318632225097303 ], [ 145.680690271738854, 43.314712225089295 ], [ 145.679082775849565, 43.312344170747053 ], [ 145.67764250259961, 43.312038892281237 ], [ 145.676693890510819, 43.311517774725701 ], [ 145.675703605637068, 43.311550559510863 ], [ 145.674623060306203, 43.313035279055043 ], [ 145.672959441325361, 43.312878332968864 ], [ 145.66999747020725, 43.314415224882907 ], [ 145.672191996763445, 43.313727198551533 ], [ 145.673429947734121, 43.314886838357097 ], [ 145.672555278803202, 43.315515585875744 ], [ 145.671142969972266, 43.314467081590692 ], [ 145.672503021897114, 43.315582414496987 ], [ 145.671711413451135, 43.316384559400035 ], [ 145.670004448946315, 43.315155251813565 ], [ 145.6716591700349, 43.316430198195235 ], [ 145.668786938666472, 43.318071108395088 ], [ 145.657687496980543, 43.321220559381459 ], [ 145.648532502872854, 43.32167972084261 ], [ 145.638543942449132, 43.321012640621007 ], [ 145.621962411636218, 43.316595972925995 ], [ 145.61440430591415, 43.3133775322475 ], [ 145.608310363032956, 43.309297108474937 ], [ 145.607779415887535, 43.308315559615551 ], [ 145.608317275222248, 43.307665387547786 ], [ 145.607916549909078, 43.305695333572942 ], [ 145.608427029384075, 43.305491865557315 ], [ 145.608539999521554, 43.305020000272975 ], [ 145.607827690595627, 43.305678386748298 ], [ 145.607040894421971, 43.304314224921711 ], [ 145.60961758788153, 43.303368693910272 ], [ 145.609937108011309, 43.30274546822892 ], [ 145.610681581190192, 43.301962198296962 ], [ 145.610427807797237, 43.300724134911036 ], [ 145.61119128365101, 43.30010266740436 ], [ 145.610767366620848, 43.3000164413059 ], [ 145.610136303347872, 43.298992973247266 ], [ 145.609007587630231, 43.299019360255443 ], [ 145.609025498528126, 43.297179198061713 ], [ 145.605509027020162, 43.297213360608282 ], [ 145.605237859839576, 43.296951387196941 ], [ 145.605568910177226, 43.295888386739819 ], [ 145.603996666812918, 43.295751748244754 ], [ 145.604497690815947, 43.294976775457997 ], [ 145.602994059428511, 43.29336994596639 ], [ 145.598827755796492, 43.295413054568996 ], [ 145.597382386987761, 43.294949945983376 ], [ 145.596809441502728, 43.293531332904877 ], [ 145.600317249841396, 43.289940134929452 ], [ 145.599732826309037, 43.289909504919876 ], [ 145.599360168836938, 43.289278000079833 ], [ 145.599423021555367, 43.288872640560101 ], [ 145.59744024577094, 43.287596775071279 ], [ 145.598361970828478, 43.286442333347168 ], [ 145.596565641591269, 43.285325306118125 ], [ 145.597083332729767, 43.284768864991293 ], [ 145.596847664488337, 43.284726693981895 ], [ 145.596440077347893, 43.283789639980057 ], [ 145.595569078550284, 43.283806387155209 ], [ 145.590299804992242, 43.280337306321769 ], [ 145.590041088925318, 43.27943917138083 ], [ 145.589730505358716, 43.279221892476528 ], [ 145.589637197998513, 43.278736892593713 ], [ 145.59042155521081, 43.278104694376339 ], [ 145.587889882712147, 43.277596305825 ], [ 145.588480660853975, 43.278523306305715 ], [ 145.5875042273384, 43.279844054259854 ], [ 145.585012191559599, 43.278829667555271 ], [ 145.582280920827998, 43.282413080999049 ], [ 145.581110336273127, 43.282500892602286 ], [ 145.575211880823872, 43.280506090184076 ], [ 145.575354448549092, 43.278609919112625 ], [ 145.575181504423085, 43.27860589194853 ], [ 145.575048274358551, 43.280770909949695 ], [ 145.580848443800846, 43.282737613050585 ], [ 145.584497275728836, 43.282654973448416 ], [ 145.58437105048381, 43.284816171129535 ], [ 145.582596277996004, 43.286473467876419 ], [ 145.581165576230546, 43.286378585803277 ], [ 145.582591166249472, 43.284546054357065 ], [ 145.581921672247518, 43.284130865247391 ], [ 145.580489247381024, 43.285393829062116 ], [ 145.575275939533185, 43.284977000488368 ], [ 145.570864500496441, 43.28330491888704 ], [ 145.570035473058851, 43.282169720856075 ], [ 145.56949455243182, 43.283707531877269 ], [ 145.567922048264109, 43.283038838271921 ], [ 145.569205810699827, 43.28232558595721 ], [ 145.565785356209403, 43.280895171075429 ], [ 145.56778147883233, 43.278005107949525 ], [ 145.57257128333822, 43.27965936049128 ], [ 145.564457197841534, 43.276473279218635 ], [ 145.566267133821384, 43.271751694585191 ], [ 145.565456109012416, 43.27151438687963 ], [ 145.565038520511507, 43.271133918795499 ], [ 145.564955862922943, 43.270218306429854 ], [ 145.564022826192627, 43.270459197933803 ], [ 145.56299243785088, 43.269947026833961 ], [ 145.562916419956991, 43.269223387349598 ], [ 145.563863657881711, 43.269002261145602 ], [ 145.563102451017471, 43.268367089769527 ], [ 145.563127471056077, 43.26791632437903 ], [ 145.563918910429607, 43.267542009456349 ], [ 145.562209999791889, 43.266491387267877 ], [ 145.558945278202259, 43.262037775423153 ], [ 145.557998611346989, 43.255909721256785 ], [ 145.556459169854975, 43.25260694575411 ], [ 145.554171387199972, 43.236300279234683 ], [ 145.553441114316115, 43.234516387621341 ], [ 145.549927781442193, 43.231618612808916 ], [ 145.548928339671306, 43.229733613115911 ], [ 145.549871542337996, 43.222663296973735 ], [ 145.55314031087687, 43.222775613304066 ], [ 145.551517301682338, 43.222679224866511 ], [ 145.551547107912825, 43.22199353227586 ], [ 145.552995109936546, 43.221576135330565 ], [ 145.552510894262582, 43.220578333023809 ], [ 145.553707418862473, 43.220611305767306 ], [ 145.553609169727565, 43.222797667378586 ], [ 145.553831555881743, 43.223546720804677 ], [ 145.553800051731173, 43.220597919358681 ], [ 145.555445005282991, 43.220707775143865 ], [ 145.55672500585456, 43.219257505029987 ], [ 145.553709999916691, 43.216408892556501 ], [ 145.553337496228664, 43.216925838157067 ], [ 145.546309441927406, 43.212829721214803 ], [ 145.536729727694933, 43.211549721542553 ], [ 145.5351908293934, 43.212126946001945 ], [ 145.530147781195296, 43.208092224876452 ], [ 145.528633332762297, 43.205903333472236 ], [ 145.528026393803202, 43.202988333045312 ], [ 145.531183864943614, 43.202354775052981 ], [ 145.532023644675633, 43.201258027536085 ], [ 145.531140389017878, 43.202291000529442 ], [ 145.529387807301646, 43.202544000505384 ], [ 145.528583450066321, 43.200299775614326 ], [ 145.53130775554871, 43.197755332742588 ], [ 145.534222502366788, 43.199013612888109 ], [ 145.534330829304508, 43.197664721549813 ], [ 145.534948884783375, 43.197295000364136 ], [ 145.534261945732396, 43.195720837846579 ], [ 145.535058884460113, 43.192282504833884 ], [ 145.534216393272118, 43.191595278899172 ], [ 145.534679999182799, 43.190888333529927 ], [ 145.532796108353864, 43.189476666814869 ], [ 145.532952502256308, 43.188702225527436 ], [ 145.530571387959412, 43.187157774811624 ], [ 145.528852502940822, 43.187388612794393 ], [ 145.529408611318559, 43.185975838114587 ], [ 145.524743890818058, 43.187752775270553 ], [ 145.522350557432446, 43.186225559162381 ], [ 145.520660557738779, 43.18697944104855 ], [ 145.519637223679069, 43.186161666827616 ], [ 145.517797496757225, 43.186215000222262 ], [ 145.517986666451634, 43.187840558994765 ], [ 145.515465005206011, 43.19035555896204 ], [ 145.509876692655439, 43.188654413970198 ], [ 145.509469584853605, 43.188157107764482 ], [ 145.510728300271012, 43.187642865526016 ], [ 145.507461114538955, 43.183200837848574 ], [ 145.510169441766493, 43.181696108388849 ], [ 145.507616354611287, 43.18143712612266 ], [ 145.507908339298638, 43.179639170911173 ], [ 145.509384448733499, 43.179740559579329 ], [ 145.509463332766813, 43.179049441378766 ], [ 145.508115550292587, 43.178960000204029 ], [ 145.50823311236843, 43.17789417137908 ], [ 145.5104426324217, 43.178142063205826 ], [ 145.511109273774196, 43.180433981842953 ], [ 145.512656692252676, 43.182725333007852 ], [ 145.514413747196841, 43.18370330616284 ], [ 145.51271922121532, 43.182678306558785 ], [ 145.510577496554447, 43.177705559264325 ], [ 145.515320271913197, 43.178114721117652 ], [ 145.516641945269726, 43.175804721610803 ], [ 145.518020829897523, 43.175772225507956 ], [ 145.518549441503751, 43.174675838619237 ], [ 145.522598612036518, 43.174997505430724 ], [ 145.523962775661744, 43.173686667106153 ], [ 145.521360271659432, 43.171486946065897 ], [ 145.523073890248043, 43.170291667026959 ], [ 145.52171610821199, 43.169044441348035 ], [ 145.523355278223676, 43.167193053816561 ], [ 145.519958611700758, 43.164824721583784 ], [ 145.517437781428612, 43.164655559106961 ], [ 145.509171945229241, 43.161582775324973 ], [ 145.507864720380667, 43.161990000038656 ], [ 145.507634162986392, 43.161319720928532 ], [ 145.501547496519947, 43.160406945923967 ], [ 145.499506108320475, 43.159453892083604 ], [ 145.498805550835641, 43.160216667365489 ], [ 145.495774720427221, 43.158795000189286 ], [ 145.495471114700308, 43.160395838397392 ], [ 145.496872503063742, 43.16265472133847 ], [ 145.496472775997972, 43.163947775569568 ], [ 145.495421387587157, 43.165187505399217 ], [ 145.493472502754003, 43.165387775425643 ], [ 145.493693890660666, 43.166079441313343 ], [ 145.493402218038113, 43.166571107870482 ], [ 145.493045550511965, 43.166668892055895 ], [ 145.503512502600074, 43.169080279331581 ], [ 145.503274448457205, 43.172440838074408 ], [ 145.501842502929321, 43.175697505335791 ], [ 145.498046938515586, 43.180190279058309 ], [ 145.49226444884539, 43.184296107779289 ], [ 145.485328339431476, 43.186869441371812 ], [ 145.476749999612935, 43.188368333332107 ], [ 145.460893332261662, 43.188982224949882 ], [ 145.451248611434494, 43.188730000189537 ], [ 145.436171387399781, 43.186898613580297 ], [ 145.425375550541389, 43.187404171065793 ], [ 145.409939441252391, 43.186362775022189 ], [ 145.39967389053777, 43.184466946592465 ], [ 145.398354448399232, 43.184618054279952 ], [ 145.394933890486868, 43.183914721487383 ], [ 145.388138339712782, 43.183858054305915 ], [ 145.381544448417685, 43.183045837895293 ], [ 145.380276393540953, 43.182362774922296 ], [ 145.371526108743069, 43.182698613250579 ], [ 145.36014972802775, 43.18035138720694 ], [ 145.358995005715087, 43.17849889260998 ], [ 145.357836108749552, 43.178989441309852 ], [ 145.356883332799725, 43.178267225452259 ], [ 145.355145005337931, 43.178600279479497 ], [ 145.351266666423726, 43.177643054583484 ], [ 145.351093332891196, 43.179281945805315 ], [ 145.347080829516813, 43.179760000224007 ], [ 145.341430557274521, 43.17867944140329 ], [ 145.338063890336457, 43.175567775432683 ], [ 145.336950271537944, 43.173394721089664 ], [ 145.332925550873597, 43.174961667447178 ], [ 145.329863890806109, 43.172039171170979 ], [ 145.328869728055679, 43.173091946336399 ], [ 145.326458053896204, 43.17295055942094 ], [ 145.32485916991493, 43.174524171553458 ], [ 145.32485916991493, 43.17680417147551 ], [ 145.321502502538692, 43.178825838441867 ], [ 145.321916666421203, 43.180828332761507 ], [ 145.320445278427087, 43.182116946140297 ], [ 145.320554720524115, 43.184018054489798 ], [ 145.318997223343331, 43.184569721115906 ], [ 145.316953060735386, 43.186889721083901 ], [ 145.315601387794004, 43.19185000017751 ], [ 145.316194720909834, 43.195472224763535 ], [ 145.313689999294184, 43.200333332917126 ], [ 145.313801672609316, 43.20269222496637 ], [ 145.304805005946491, 43.206001667143369 ], [ 145.297979999677409, 43.206240838244241 ], [ 145.293324162680165, 43.209243054023887 ], [ 145.287137223604191, 43.210091666897085 ], [ 145.283926393888123, 43.211396387133732 ], [ 145.274700557484948, 43.218150559201092 ], [ 145.272484163013928, 43.224409999821773 ], [ 145.267687781765858, 43.227289720744182 ], [ 145.266458884270264, 43.226750837980944 ], [ 145.266659169585182, 43.226230000114583 ], [ 145.265667223663627, 43.226482505463423 ], [ 145.264724720669506, 43.224045278866697 ], [ 145.262649441518647, 43.225758333580416 ], [ 145.262261387653098, 43.22521444159338 ], [ 145.259128611896131, 43.225401945743386 ], [ 145.256327223722565, 43.223318613163656 ], [ 145.253512502200351, 43.223235279284893 ], [ 145.250153332910145, 43.22150000052477 ], [ 145.246446666480665, 43.221386667061211 ], [ 145.24513693881886, 43.220599171214928 ], [ 145.244951114602486, 43.219443892221989 ], [ 145.241292217462046, 43.218365838013199 ], [ 145.23967555028662, 43.216514721177589 ], [ 145.235786938416709, 43.214676387305587 ], [ 145.23446055800855, 43.213133054447098 ], [ 145.234649999298199, 43.211167505176377 ], [ 145.233690557573368, 43.210043892212013 ], [ 145.230797781192791, 43.208714441518453 ], [ 145.228408611668328, 43.209353891868773 ], [ 145.228646938305701, 43.208675559329777 ], [ 145.227094448550133, 43.207822775400928 ], [ 145.227068053448079, 43.206396386783979 ], [ 145.225497496312528, 43.206023333610119 ], [ 145.195602217568421, 43.257659441330304 ], [ 145.197650830021985, 43.257888612869351 ], [ 145.198932217348101, 43.257094721044723 ], [ 145.199856938946709, 43.257761107888996 ], [ 145.201182217685414, 43.256441108170748 ], [ 145.199705836655198, 43.255566387079284 ], [ 145.199023605555112, 43.256477505532644 ], [ 145.199153890339971, 43.255579440738757 ], [ 145.203140557990537, 43.252761946606711 ], [ 145.204109441697597, 43.254490559591829 ], [ 145.203640557665835, 43.255683333119521 ], [ 145.204710271561908, 43.256037505026995 ], [ 145.20598416303892, 43.253733333127002 ], [ 145.204872217878687, 43.252868613395947 ], [ 145.207299999795282, 43.252232225237151 ], [ 145.205782502660554, 43.25169027938307 ], [ 145.20873888449205, 43.251022775580793 ], [ 145.208627223767508, 43.250218613498362 ], [ 145.210495550929068, 43.250599721000469 ], [ 145.20953472065105, 43.249023892039133 ], [ 145.213001945283736, 43.249657225200963 ], [ 145.213735837039394, 43.251183333344329 ], [ 145.21572778141217, 43.251416108466799 ], [ 145.214959999604503, 43.253165838432892 ], [ 145.2169311147793, 43.25434250510267 ], [ 145.21707416274262, 43.255592505190123 ], [ 145.219956938661994, 43.2547930537566 ], [ 145.220948611189669, 43.256030000184523 ], [ 145.22070389037242, 43.256694171099298 ], [ 145.218916108291978, 43.256818891778607 ], [ 145.216821387597179, 43.259659721519085 ], [ 145.216821387597179, 43.262339171515691 ], [ 145.221216666715918, 43.265507775363687 ], [ 145.221630557204662, 43.26681777552011 ], [ 145.218641114495995, 43.267554440784977 ], [ 145.216685550397983, 43.269903333272396 ], [ 145.223697782027216, 43.275790838576484 ], [ 145.223096108598725, 43.277615838200518 ], [ 145.225939442051754, 43.277975279235932 ], [ 145.227501945758377, 43.276657775136357 ], [ 145.230598053457584, 43.277605837739372 ], [ 145.233824448639552, 43.277655278868167 ], [ 145.234764448820442, 43.27657972117737 ], [ 145.239649441168922, 43.277009721221816 ], [ 145.244836393485002, 43.279191667161854 ], [ 145.248103890382367, 43.282882224934895 ], [ 145.251021672412435, 43.283498333381544 ], [ 145.252745550467012, 43.287562505505377 ], [ 145.252790557938056, 43.290658613204585 ], [ 145.25849778154759, 43.291726387263111 ], [ 145.258781945730334, 43.294700838273229 ], [ 145.257542775279035, 43.298496387398529 ], [ 145.256123333025585, 43.300290279472961 ], [ 145.256391672737664, 43.302003054497561 ], [ 145.255071387934436, 43.306369720786165 ], [ 145.256287781256333, 43.310553613358763 ], [ 145.251178053724402, 43.320247775314726 ], [ 145.253239441946903, 43.330311946239476 ], [ 145.287306666669565, 43.330334440981858 ], [ 145.296390829273491, 43.329603053838014 ], [ 145.307110829901035, 43.326746108246482 ], [ 145.342585836267517, 43.310926386843448 ], [ 145.370945005507792, 43.290593333215895 ], [ 145.375120271783317, 43.289389441369792 ], [ 145.377557496581403, 43.289514721427395 ], [ 145.390909428827285, 43.294490540805953 ], [ 145.39687778138466, 43.291020000372896 ], [ 145.401802217998124, 43.292143053958966 ], [ 145.410682502495661, 43.291994171194233 ], [ 145.435343890608237, 43.28519166686209 ], [ 145.439878053829261, 43.282063613445189 ], [ 145.443426938702487, 43.280842774774385 ], [ 145.467821387347271, 43.274913054394119 ], [ 145.472377781809314, 43.273073892246487 ], [ 145.473202502393747, 43.27129694609738 ], [ 145.474916393476974, 43.271551946165573 ], [ 145.476889169699575, 43.27317472153635 ], [ 145.480926108553263, 43.27362583856177 ], [ 145.486878339863665, 43.270815558791185 ], [ 145.486760271469507, 43.267198053847267 ], [ 145.487384162649164, 43.266353054450065 ], [ 145.492837781938306, 43.266577505447685 ], [ 145.494176666520161, 43.2684044413121 ], [ 145.493136938718976, 43.268758613219575 ], [ 145.493907029985621, 43.269995225099706 ], [ 145.494950920748579, 43.270888838249448 ], [ 145.493608053968728, 43.269376108420829 ], [ 145.494697223797971, 43.269168333551931 ], [ 145.496059727274769, 43.271242504737984 ], [ 145.495183255203187, 43.27123574813146 ], [ 145.495718209727784, 43.272213323786048 ], [ 145.498458884669958, 43.275090000503269 ], [ 145.50477500596196, 43.278999721260277 ], [ 145.505690557173693, 43.281263892215009 ], [ 145.504553605464707, 43.282983333014556 ], [ 145.505062503032264, 43.285104170920931 ], [ 145.509184720998292, 43.287930838137811 ], [ 145.508988053655912, 43.289343612817618 ], [ 145.512120557817639, 43.291385000117828 ], [ 145.51108027153748, 43.292582774775383 ], [ 145.513756939031737, 43.296004170855952 ], [ 145.520250168310781, 43.296976333491159 ], [ 145.519578910738346, 43.297857586358703 ], [ 145.520190777982179, 43.297280252182077 ], [ 145.522374577425012, 43.29877464033757 ], [ 145.521676588404034, 43.299214559004838 ], [ 145.521392632863922, 43.298981441240699 ], [ 145.518581387221388, 43.29801110782654 ], [ 145.521955641739623, 43.299556748345424 ], [ 145.522992723735342, 43.298934946290899 ], [ 145.523912217575003, 43.300132774907809 ], [ 145.52471693903567, 43.302808333537939 ], [ 145.523952502706038, 43.304193892034675 ], [ 145.521875836800632, 43.304549171007579 ], [ 145.522859999989237, 43.305757224916135 ], [ 145.522300271840209, 43.307039721106435 ], [ 145.527576938724906, 43.308641107900996 ], [ 145.528048053974658, 43.309958387170013 ], [ 145.529111088605987, 43.310449801917002 ], [ 145.530434863678238, 43.311764000108667 ], [ 145.530427859758106, 43.312299333247779 ], [ 145.531667029310142, 43.31287480223051 ], [ 145.531627249598046, 43.31388597295944 ], [ 145.533183644209998, 43.313721865571779 ], [ 145.532360609854436, 43.312261387253386 ], [ 145.533291140174128, 43.311419360115565 ], [ 145.5373020877214, 43.311018640198256 ], [ 145.552366199640574, 43.317792108119477 ], [ 145.554091828675155, 43.31946305387703 ], [ 145.554180194260766, 43.321231000510409 ], [ 145.553296860362025, 43.322410838189796 ], [ 145.550910699968995, 43.323546838416007 ], [ 145.550213721786008, 43.323160946520659 ], [ 145.550404941934744, 43.325038225533831 ], [ 145.5574906355846, 43.32520536003949 ], [ 145.55925438328336, 43.32650608099101 ], [ 145.561903994673798, 43.325644505289858 ], [ 145.565466938648456, 43.325999640371265 ], [ 145.567410635292731, 43.328086640386289 ], [ 145.567614253495208, 43.329496306109831 ], [ 145.573769052599914, 43.331827802111547 ], [ 145.574109222063157, 43.332552000074884 ], [ 145.576093721847997, 43.334234108217686 ], [ 145.574191854470655, 43.332325468046065 ], [ 145.576372022451096, 43.334108387492279 ], [ 145.577297418541207, 43.333843171125636 ], [ 145.578317976393691, 43.336324973518856 ], [ 145.576729663043693, 43.337149694103289 ], [ 145.580816134757015, 43.342502585725924 ], [ 145.579299558527964, 43.340114441428511 ], [ 145.581450803412054, 43.338924134741205 ], [ 145.5844137475965, 43.339018774896715 ], [ 145.5865218933709, 43.340467197803093 ], [ 145.586145382303698, 43.34128419860707 ], [ 145.587053384606179, 43.341258991509392 ], [ 145.58656638103389, 43.342349414094372 ], [ 145.585581050525207, 43.34157846847171 ], [ 145.58511328075349, 43.343312532247751 ], [ 145.585834214177794, 43.343596306124766 ], [ 145.585333164993699, 43.343971054520694 ], [ 145.584654059937066, 43.343230441232038 ], [ 145.582484357367321, 43.344824694604142 ], [ 145.581421504399032, 43.346786468520861 ], [ 145.579708144815186, 43.346544198356241 ], [ 145.582921192259391, 43.347037613195482 ], [ 145.584373527216712, 43.346708946061199 ], [ 145.587754357577751, 43.347662532300205 ], [ 145.597422580387956, 43.354928225257538 ], [ 145.598671945553974, 43.355188333474985 ], [ 145.599497950370278, 43.355737775178341 ], [ 145.599096860831651, 43.354996080904584 ], [ 145.600788339910082, 43.354666000036048 ], [ 145.603911283379148, 43.356567027446545 ], [ 145.610428494879329, 43.356988108014946 ], [ 145.616510803231108, 43.361772720734621 ], [ 145.6238353828968, 43.363379613178779 ], [ 145.624406082774726, 43.364054531891327 ], [ 145.623189467320231, 43.364706559260469 ], [ 145.627381192987855, 43.368871802591798 ], [ 145.631095278824205, 43.370285278742813 ], [ 145.631503890292493, 43.371251108352112 ], [ 145.632807223774535, 43.370630559053211 ], [ 145.634780829172087, 43.371308612802409 ], [ 145.638439169632193, 43.373585838315933 ], [ 145.638949727348177, 43.374588333285146 ], [ 145.638076108825544, 43.376340838559031 ], [ 145.638985836926963, 43.377262225471497 ], [ 145.638563890311502, 43.378543612797671 ], [ 145.639160271229684, 43.379788054175549 ], [ 145.642426938952212, 43.381284441523917 ], [ 145.64192666678241, 43.382771108100314 ], [ 145.6430283398862, 43.383558891729649 ], [ 145.643361672703236, 43.384404721201065 ], [ 145.645340272036151, 43.384062775576808 ], [ 145.64677111499509, 43.385195000449073 ], [ 145.647098053632476, 43.38890583793426 ], [ 145.650342217619482, 43.391317225209946 ], [ 145.657630829799132, 43.391660838177302 ], [ 145.662044448792471, 43.392757225066077 ], [ 145.666502217303673, 43.392334441181674 ], [ 145.669637496773248, 43.391499721035473 ], [ 145.669554162894428, 43.39053638704479 ], [ 145.668210557771204, 43.38990889228171 ], [ 145.66869500547034, 43.388711945899729 ], [ 145.672713060359683, 43.38670861341194 ], [ 145.674813060974202, 43.387073333467754 ], [ 145.675153890539832, 43.389190279108277 ], [ 145.676523605680018, 43.388617224805273 ], [ 145.679483060495045, 43.389267225102515 ], [ 145.680533890426887, 43.388248892172783 ], [ 145.684560829718748, 43.3864577754062 ], [ 145.688717781300738, 43.385757225116038 ], [ 145.690053890574745, 43.386604999821031 ], [ 145.690914448243348, 43.38548527912252 ], [ 145.696573060798301, 43.383739721111397 ], [ 145.703902502198844, 43.384678332739043 ], [ 145.70730360597679, 43.383610559579836 ], [ 145.715464163040906, 43.384056386792963 ], [ 145.721359727169897, 43.383121667431169 ], [ 145.723234448511221, 43.384029171509212 ], [ 145.723399727715446, 43.385186667331027 ], [ 145.726806393800189, 43.385113613602527 ], [ 145.728929169745584, 43.386105838313938 ], [ 145.729658053176763, 43.387946946594468 ], [ 145.731936393849651, 43.389532505321029 ], [ 145.730467782062647, 43.390763053971909 ], [ 145.730529999859755, 43.391704171110803 ], [ 145.733626108458338, 43.393855279297895 ], [ 145.735568339207703, 43.393071387035036 ], [ 145.736224720194855, 43.391911387500727 ], [ 145.734776108430879, 43.39095694600644 ], [ 145.736358053681442, 43.389687775070911 ], [ 145.74182722404737, 43.39146500000993 ], [ 145.742180271802226, 43.390277775299239 ], [ 145.744164448730544, 43.389701108419558 ], [ 145.749267223603624, 43.390575000336185 ], [ 145.749716108511734, 43.389790000108576 ], [ 145.750993890455902, 43.389813333019049 ], [ 145.751519441669075, 43.390577504948055 ], [ 145.750525278918644, 43.390796387343585 ], [ 145.750524941672893, 43.391706531831119 ], [ 145.747508585852756, 43.391179558789759 ], [ 145.746623112466864, 43.392648586063558 ], [ 145.744896835021109, 43.392220801948611 ], [ 145.7516130601947, 43.394714441218639 ], [ 145.752471672629781, 43.396286386907377 ], [ 145.751093332991104, 43.397300278984858 ], [ 145.756436393225158, 43.399426386918378 ] ] ], [ [ [ 145.522142775368934, 43.307362504875869 ], [ 145.522129728004757, 43.307242504737985 ], [ 145.522041114206218, 43.307284171227707 ], [ 145.522142775368934, 43.307362504875869 ] ] ], [ [ [ 145.522491672752722, 43.307409171596134 ], [ 145.522606108785112, 43.307289441254852 ], [ 145.522444720947306, 43.307310279446028 ], [ 145.522491672752722, 43.307409171596134 ] ] ], [ [ [ 145.52543527881528, 43.308151387476698 ], [ 145.52551221761496, 43.308074721171636 ], [ 145.525403890677239, 43.308091667096903 ], [ 145.52543527881528, 43.308151387476698 ] ] ], [ [ [ 145.528550998929632, 43.31032319805729 ], [ 145.52855038829, 43.310264171054826 ], [ 145.528500025356038, 43.310272720909495 ], [ 145.528550998929632, 43.31032319805729 ] ] ], [ [ [ 145.528840142658623, 43.310414667203304 ], [ 145.528862139176567, 43.310370135473534 ], [ 145.528817885337276, 43.310364333047687 ], [ 145.528840142658623, 43.310414667203304 ] ] ], [ [ [ 145.528439000959338, 43.310390891826387 ], [ 145.528414772324027, 43.310493694228796 ], [ 145.528458274330092, 43.310498973249196 ], [ 145.528439000959338, 43.310390891826387 ] ] ], [ [ [ 145.529986303425289, 43.311729531792651 ], [ 145.530058858929351, 43.311728081186175 ], [ 145.530051218289259, 43.311698721019354 ], [ 145.529986303425289, 43.311729531792651 ] ] ], [ [ [ 145.530304162507264, 43.312196919352516 ], [ 145.530301672284509, 43.312254559600433 ], [ 145.530324616687835, 43.312231721317062 ], [ 145.530304162507264, 43.312196919352516 ] ] ], [ [ [ 145.533080245557016, 43.312552252284775 ], [ 145.53297105077354, 43.312535108508598 ], [ 145.532960725657176, 43.31260708125194 ], [ 145.533080245557016, 43.312552252284775 ] ] ], [ [ [ 145.555070635501579, 43.325775973582495 ], [ 145.555069338679232, 43.326020667420039 ], [ 145.555248494422699, 43.325854333310986 ], [ 145.555070635501579, 43.325775973582495 ] ] ], [ [ [ 145.597564162456365, 43.20226694636267 ], [ 145.597137223704067, 43.20203000018455 ], [ 145.597073332268678, 43.202119721048462 ], [ 145.597564162456365, 43.20226694636267 ] ] ], [ [ [ 145.598741387605173, 43.202311387260863 ], [ 145.59847194532415, 43.202580838535027 ], [ 145.598949727248282, 43.202624999744103 ], [ 145.598741387605173, 43.202311387260863 ] ] ], [ [ [ 145.598251945970674, 43.202772225058311 ], [ 145.598115278697378, 43.202888332930399 ], [ 145.598285836922059, 43.202884170867947 ], [ 145.598251945970674, 43.202772225058311 ] ] ], [ [ [ 145.598591672967473, 43.202846386751503 ], [ 145.598658053726354, 43.203169441216914 ], [ 145.598876666325282, 43.203003892216032 ], [ 145.598591672967473, 43.202846386751503 ] ] ], [ [ [ 145.598249169763562, 43.203194441470487 ], [ 145.597742775908614, 43.20296777544263 ], [ 145.597691945327142, 43.203049720768149 ], [ 145.598249169763562, 43.203194441470487 ] ] ], [ [ [ 145.598542217449562, 43.203445279476227 ], [ 145.598645005462799, 43.203277505552592 ], [ 145.598434163006345, 43.203283892537797 ], [ 145.598542217449562, 43.203445279476227 ] ] ], [ [ [ 145.599824448339746, 43.203795837907762 ], [ 145.599649999647909, 43.203498892559992 ], [ 145.599473060733317, 43.203626667337005 ], [ 145.599824448339746, 43.203795837907762 ] ] ], [ [ [ 145.58733999944161, 43.207229721074953 ], [ 145.586932502233367, 43.207381946619705 ], [ 145.587052217286214, 43.207493892429341 ], [ 145.58733999944161, 43.207229721074953 ] ] ], [ [ [ 145.584097781587502, 43.212471108455077 ], [ 145.584235836514836, 43.21281222490444 ], [ 145.58435055763232, 43.212605279210436 ], [ 145.584097781587502, 43.212471108455077 ] ] ], [ [ [ 145.584880271807265, 43.213007505492158 ], [ 145.584696666218406, 43.212719721538065 ], [ 145.584558611291072, 43.212870838218748 ], [ 145.584880271807265, 43.213007505492158 ] ] ], [ [ [ 145.59790888428779, 43.221215559350753 ], [ 145.59854389018858, 43.220365279134512 ], [ 145.599317223511207, 43.220185559516153 ], [ 145.598363332402073, 43.219454999748621 ], [ 145.599076666555106, 43.217304720736422 ], [ 145.604126939007188, 43.217949171317343 ], [ 145.604463060621924, 43.217215838040659 ], [ 145.60268861189013, 43.215744441053289 ], [ 145.602713332454528, 43.214789171283371 ], [ 145.608921114218219, 43.214063054166786 ], [ 145.609601945973168, 43.21287055942895 ], [ 145.608663332546939, 43.212619171038057 ], [ 145.608985005653722, 43.211248053854774 ], [ 145.603151114332604, 43.207655837846801 ], [ 145.600001672339431, 43.207831666998004 ], [ 145.599959999554471, 43.205860559017765 ], [ 145.597931388023312, 43.204822775550838 ], [ 145.588701387758988, 43.206430279533947 ], [ 145.587251114947207, 43.20799777537718 ], [ 145.589736666614044, 43.212622504824878 ], [ 145.58728610846731, 43.213815000462091 ], [ 145.587352502716044, 43.214905558844634 ], [ 145.589055278178762, 43.215347224894685 ], [ 145.594563891010921, 43.221010558890328 ], [ 145.59790888428779, 43.221215559350753 ] ] ], [ [ [ 145.587417223326383, 43.215059440940593 ], [ 145.587318611764658, 43.215494171419039 ], [ 145.587615278322573, 43.215144171466534 ], [ 145.587417223326383, 43.215059440940593 ] ] ], [ [ [ 145.589707496204142, 43.217149171297365 ], [ 145.589797496757228, 43.217292505245098 ], [ 145.589883332549903, 43.21720527910054 ], [ 145.589707496204142, 43.217149171297365 ] ] ], [ [ [ 145.590017497010081, 43.217481108366599 ], [ 145.59004610894101, 43.217409721081935 ], [ 145.589975836815597, 43.217417225025088 ], [ 145.590017497010081, 43.217481108366599 ] ] ], [ [ [ 145.556758884215355, 43.218444999936992 ], [ 145.55683944188695, 43.218350000052624 ], [ 145.556743332239193, 43.218355279073023 ], [ 145.556758884215355, 43.218444999936992 ] ] ], [ [ [ 145.598784720538561, 43.220556667456378 ], [ 145.599107781299267, 43.220508333393013 ], [ 145.598748339364533, 43.220486387237145 ], [ 145.598784720538561, 43.220556667456378 ] ] ], [ [ [ 145.598872217379153, 43.221098333621342 ], [ 145.598519441219423, 43.221014999742636 ], [ 145.598484162614227, 43.221069720791149 ], [ 145.598872217379153, 43.221098333621342 ] ] ], [ [ [ 145.599093605285816, 43.221470559418947 ], [ 145.599110271522022, 43.221396386933861 ], [ 145.599032217562922, 43.221434171050305 ], [ 145.599093605285816, 43.221470559418947 ] ] ], [ [ [ 145.597760271319657, 43.221724170933896 ], [ 145.597925836508352, 43.221633054322183 ], [ 145.597773332173688, 43.221642225608377 ], [ 145.597760271319657, 43.221724170933896 ] ] ], [ [ [ 145.599765278345103, 43.231327504960575 ], [ 145.599819727798376, 43.231218333559411 ], [ 145.599646666760464, 43.231260000049133 ], [ 145.599765278345103, 43.231327504960575 ] ] ], [ [ [ 145.598845836666214, 43.233380559165653 ], [ 145.599219442023809, 43.23338972145865 ], [ 145.59923250287784, 43.233319441239416 ], [ 145.598845836666214, 43.233380559165653 ] ] ], [ [ [ 145.598653060690367, 43.233500559303536 ], [ 145.598709169392805, 43.234075838529293 ], [ 145.598971945898711, 43.233656667221567 ], [ 145.598653060690367, 43.233500559303536 ] ] ], [ [ [ 145.560782775704752, 43.264213053789547 ], [ 145.561049727762907, 43.264141386815709 ], [ 145.561011945445102, 43.26407499976159 ], [ 145.560782775704752, 43.264213053789547 ] ] ], [ [ [ 145.561307781928804, 43.264623053811079 ], [ 145.561357223956861, 43.264526667172106 ], [ 145.561264720590543, 43.264581387321357 ], [ 145.561307781928804, 43.264623053811079 ] ] ], [ [ [ 145.561526108543262, 43.264741667194357 ], [ 145.56160555105555, 43.264602225512476 ], [ 145.56148610849732, 43.264658333315595 ], [ 145.561526108543262, 43.264741667194357 ] ] ], [ [ [ 145.561556109027379, 43.265221946535746 ], [ 145.561660271204687, 43.265048891793072 ], [ 145.561484448348779, 43.265125558997511 ], [ 145.561556109027379, 43.265221946535746 ] ] ], [ [ [ 145.56222944133583, 43.26616444143599 ], [ 145.562452217795794, 43.266225559362226 ], [ 145.562476938360192, 43.266170838313712 ], [ 145.56222944133583, 43.26616444143599 ] ] ], [ [ [ 145.563771686014661, 43.267728305816831 ], [ 145.563820194546565, 43.267699486142533 ], [ 145.56376439700955, 43.267703846955158 ], [ 145.563771686014661, 43.267728305816831 ] ] ], [ [ [ 145.563484707853149, 43.268010603906419 ], [ 145.56322964932906, 43.26810620723586 ], [ 145.563490025544411, 43.26806455873259 ], [ 145.563484707853149, 43.268010603906419 ] ] ], [ [ [ 145.563592658874313, 43.26809297281261 ], [ 145.563564007373202, 43.268059694299609 ], [ 145.563558106021901, 43.268078197850741 ], [ 145.563592658874313, 43.26809297281261 ] ] ], [ [ [ 145.563611465496933, 43.268250649148285 ], [ 145.563675628527562, 43.268199386892377 ], [ 145.563609830529458, 43.268198377853025 ], [ 145.563611465496933, 43.268250649148285 ] ] ], [ [ [ 145.578373929513418, 43.269530612847689 ], [ 145.572747172744016, 43.269055613425962 ], [ 145.572735719877755, 43.269170170866857 ], [ 145.578373929513418, 43.269530612847689 ] ] ], [ [ [ 145.563509753972198, 43.270108802279594 ], [ 145.563560336340629, 43.270095000384117 ], [ 145.563520777861754, 43.270089505526414 ], [ 145.563509753972198, 43.270108802279594 ] ] ], [ [ [ 145.563633306432166, 43.270177586026932 ], [ 145.563669143516336, 43.270194639870908 ], [ 145.563677275186251, 43.270178171485611 ], [ 145.563633306432166, 43.270177586026932 ] ] ], [ [ [ 145.565657120979495, 43.270638622574552 ], [ 145.565664162671169, 43.270613035962981 ], [ 145.56564342340539, 43.27062724345268 ], [ 145.565657120979495, 43.270638622574552 ] ] ], [ [ [ 145.565627911898787, 43.271037532156527 ], [ 145.565602256938746, 43.27108455950497 ], [ 145.565617677613886, 43.271095981794303 ], [ 145.565627911898787, 43.271037532156527 ] ] ], [ [ [ 145.566249079031991, 43.271305342167977 ], [ 145.566262049054444, 43.271251631058078 ], [ 145.566215667419328, 43.271283513823278 ], [ 145.566249079031991, 43.271305342167977 ] ] ], [ [ [ 145.566104798997458, 43.271281595569349 ], [ 145.566084513889336, 43.271294062870879 ], [ 145.566104954580169, 43.271297784265471 ], [ 145.566104798997458, 43.271281595569349 ] ] ], [ [ [ 145.565413190666391, 43.271329117544894 ], [ 145.565389947688118, 43.271306955551722 ], [ 145.565375459609982, 43.271321820445849 ], [ 145.565413190666391, 43.271329117544894 ] ] ], [ [ [ 145.56586002601955, 43.271365901615241 ], [ 145.565916030400672, 43.271323027335995 ], [ 145.565828780873744, 43.271347468211275 ], [ 145.56586002601955, 43.271365901615241 ] ] ], [ [ [ 145.565935291180949, 43.271444144431882 ], [ 145.565926951767551, 43.271403666845913 ], [ 145.565887340228755, 43.271415072048114 ], [ 145.565935291180949, 43.271444144431882 ] ] ], [ [ [ 145.566093358721673, 43.271486766001601 ], [ 145.566075096188911, 43.271455955228305 ], [ 145.566060427346997, 43.271463774833535 ], [ 145.566093358721673, 43.271486766001601 ] ] ], [ [ [ 145.566220453611209, 43.2715734408618 ], [ 145.566232152891757, 43.271551179943174 ], [ 145.566201607418407, 43.271570260858994 ], [ 145.566220453611209, 43.2715734408618 ] ] ], [ [ [ 145.567037833929021, 43.272336063258876 ], [ 145.56702112722337, 43.272304279419131 ], [ 145.567010673504001, 43.272324045618404 ], [ 145.567037833929021, 43.272336063258876 ] ] ], [ [ [ 145.583511672725649, 43.268308505233506 ], [ 145.587740388408406, 43.276637197748641 ], [ 145.58377600505878, 43.268245387215018 ], [ 145.583511672725649, 43.268308505233506 ] ] ], [ [ [ 145.566092048409473, 43.273087891992816 ], [ 145.566165109332474, 43.273110532425278 ], [ 145.566144474388125, 43.27306799988844 ], [ 145.566092048409473, 43.273087891992816 ] ] ], [ [ [ 145.56555400741172, 43.274222622376271 ], [ 145.565532139496781, 43.274208243116107 ], [ 145.565532852659203, 43.274220089885432 ], [ 145.56555400741172, 43.274222622376271 ] ] ], [ [ [ 145.565471426265503, 43.274403946385178 ], [ 145.565534811382577, 43.27437611686446 ], [ 145.565446393636307, 43.274393026816881 ], [ 145.565471426265503, 43.274403946385178 ] ] ], [ [ [ 145.582048806707235, 43.275427694132929 ], [ 145.584485252692389, 43.275125748554615 ], [ 145.58203172498429, 43.275311053862197 ], [ 145.582048806707235, 43.275427694132929 ] ] ], [ [ [ 145.587541854972756, 43.276815505431387 ], [ 145.587550051393919, 43.276868505177561 ], [ 145.587577612916675, 43.276838667470713 ], [ 145.587541854972756, 43.276815505431387 ] ] ], [ [ [ 145.587277976797395, 43.27700680202247 ], [ 145.587391777009088, 43.276965774950725 ], [ 145.587244162288471, 43.276841387020568 ], [ 145.587277976797395, 43.27700680202247 ] ] ], [ [ [ 145.587592243987046, 43.277096585838933 ], [ 145.587797197682676, 43.277087414552682 ], [ 145.587655939370279, 43.276910838064907 ], [ 145.587592243987046, 43.277096585838933 ] ] ], [ [ [ 145.588000725952952, 43.277065694126634 ], [ 145.58798752300595, 43.277025333452571 ], [ 145.587968910636846, 43.277086775134705 ], [ 145.588000725952952, 43.277065694126634 ] ] ], [ [ [ 145.588112308436507, 43.277102999803787 ], [ 145.588072139318001, 43.277113919372027 ], [ 145.588107081576709, 43.27713458579268 ], [ 145.588112308436507, 43.277102999803787 ] ] ], [ [ [ 145.587865279059542, 43.277136054385551 ], [ 145.587859273386925, 43.277165721221252 ], [ 145.587901309497965, 43.277144441462951 ], [ 145.587865279059542, 43.277136054385551 ] ] ], [ [ [ 145.587991439553434, 43.277181748039425 ], [ 145.587959805001219, 43.277199837902344 ], [ 145.587999169226464, 43.277230000264467 ], [ 145.587991439553434, 43.277181748039425 ] ] ], [ [ [ 145.5882767188956, 43.277375279445778 ], [ 145.588346834538925, 43.277471225416889 ], [ 145.588395005825078, 43.277459865180788 ], [ 145.5882767188956, 43.277375279445778 ] ] ], [ [ [ 145.588208974764598, 43.277426108228497 ], [ 145.58813564134698, 43.277481081087217 ], [ 145.588261361173068, 43.277472586091164 ], [ 145.588208974764598, 43.277426108228497 ] ] ], [ [ [ 145.587657846832371, 43.277928027056987 ], [ 145.587575005782014, 43.277903945910566 ], [ 145.587580064468625, 43.277948838268458 ], [ 145.587657846832371, 43.277928027056987 ] ] ], [ [ [ 145.589935576865514, 43.278916053733042 ], [ 145.589893060516488, 43.278993135524956 ], [ 145.589977782049232, 43.27897486489826 ], [ 145.589935576865514, 43.278916053733042 ] ] ], [ [ [ 145.590092321503562, 43.279273314811803 ], [ 145.589837470722841, 43.27927095499075 ], [ 145.590128417592609, 43.279344063577867 ], [ 145.590092321503562, 43.279273314811803 ] ] ], [ [ [ 145.590671270862686, 43.279320783727371 ], [ 145.590247210840289, 43.279300306164373 ], [ 145.590797768602329, 43.27941089219911 ], [ 145.590671270862686, 43.279320783727371 ] ] ], [ [ [ 145.590896951233503, 43.279548314902968 ], [ 145.590846990296541, 43.279429080987484 ], [ 145.590781478282793, 43.279543865057519 ], [ 145.590896951233503, 43.279548314902968 ] ] ], [ [ [ 145.591011555439081, 43.280425197964689 ], [ 145.591047327772117, 43.280511639900453 ], [ 145.591099921924069, 43.280459694159731 ], [ 145.591011555439081, 43.280425197964689 ] ] ], [ [ [ 145.592734720331237, 43.281241414559815 ], [ 145.592854668308519, 43.281226586537912 ], [ 145.592732113196689, 43.281161865028196 ], [ 145.592734720331237, 43.281241414559815 ] ] ], [ [ [ 145.593196354928068, 43.28178761330787 ], [ 145.593171088475174, 43.281815919469295 ], [ 145.593196783005283, 43.28180653234574 ], [ 145.593196354928068, 43.28178761330787 ] ] ], [ [ [ 145.593269026444545, 43.281870667497458 ], [ 145.593255226347765, 43.281909440868162 ], [ 145.5932954215466, 43.281894225238489 ], [ 145.593269026444545, 43.281870667497458 ] ] ], [ [ [ 145.593408715440091, 43.282009198166122 ], [ 145.59337386491211, 43.282031838598641 ], [ 145.593421140473424, 43.282036225491595 ], [ 145.593408715440091, 43.282009198166122 ] ] ], [ [ [ 145.572243890543291, 43.283151053878214 ], [ 145.572294616803333, 43.283086387227172 ], [ 145.571062282998128, 43.282656306243723 ], [ 145.572243890543291, 43.283151053878214 ] ] ], [ [ [ 145.595987107718997, 43.283704865387392 ], [ 145.595985576173575, 43.283679505405019 ], [ 145.595977638757176, 43.283699586366993 ], [ 145.595987107718997, 43.283704865387392 ] ] ], [ [ [ 145.596734136771147, 43.284060468116252 ], [ 145.596741996845822, 43.284031107949431 ], [ 145.596715836466842, 43.284034748405077 ], [ 145.596734136771147, 43.284060468116252 ] ] ], [ [ [ 145.596962502517613, 43.284090559431945 ], [ 145.596993968896754, 43.284181198503688 ], [ 145.597029973254848, 43.284171505610686 ], [ 145.596962502517613, 43.284090559431945 ] ] ], [ [ [ 145.596875382493067, 43.284179532059909 ], [ 145.596882139998911, 43.284144333494339 ], [ 145.596856718862682, 43.284171721447933 ], [ 145.596875382493067, 43.284179532059909 ] ] ], [ [ [ 145.597000972816772, 43.284230892341952 ], [ 145.59700152949722, 43.284255441135883 ], [ 145.597045083663829, 43.284248197996135 ], [ 145.597000972816772, 43.284230892341952 ] ] ], [ [ [ 145.596943190476054, 43.28424264018588 ], [ 145.596900557215122, 43.28425294641653 ], [ 145.596914383392232, 43.284271252116753 ], [ 145.596943190476054, 43.28424264018588 ] ] ], [ [ [ 145.596890998321101, 43.284468306167582 ], [ 145.596865005216046, 43.284396053735065 ], [ 145.596827107784975, 43.284392801786566 ], [ 145.596890998321101, 43.284468306167582 ] ] ], [ [ [ 145.597446718191691, 43.285506774917906 ], [ 145.59746189335192, 43.285485171403707 ], [ 145.597440855511195, 43.285436721327812 ], [ 145.597446718191691, 43.285506774917906 ] ] ], [ [ [ 145.597924552276481, 43.285762721072899 ], [ 145.597963385002345, 43.285775333165248 ], [ 145.59797274964285, 43.285763945949498 ], [ 145.597924552276481, 43.285762721072899 ] ] ], [ [ [ 145.597960169026805, 43.285940802126504 ], [ 145.597883358830131, 43.285839081608515 ], [ 145.597879105036895, 43.285919891989579 ], [ 145.597960169026805, 43.285940802126504 ] ] ], [ [ [ 145.598697003364236, 43.286147000483879 ], [ 145.598677911656523, 43.286203225198847 ], [ 145.598745810470973, 43.286185387146077 ], [ 145.598697003364236, 43.286147000483879 ] ] ], [ [ [ 145.598840219500744, 43.286164468015954 ], [ 145.598870362977095, 43.286206973573144 ], [ 145.598900998382533, 43.286177721324918 ], [ 145.598840219500744, 43.286164468015954 ] ] ], [ [ [ 145.598474616310682, 43.286303639901234 ], [ 145.598455887929049, 43.286381919590099 ], [ 145.598489299541711, 43.286382946615845 ], [ 145.598474616310682, 43.286303639901234 ] ] ], [ [ [ 145.598566938913223, 43.286713027484382 ], [ 145.598680856036822, 43.286592135219053 ], [ 145.598456160423666, 43.286462198471838 ], [ 145.598566938913223, 43.286713027484382 ] ] ], [ [ [ 145.59774824828321, 43.287314919448136 ], [ 145.597899493566956, 43.28732877530291 ], [ 145.598022334663142, 43.287221747885496 ], [ 145.59774824828321, 43.287314919448136 ] ] ], [ [ [ 145.598490531612924, 43.287587838508102 ], [ 145.59860538223279, 43.287515360345765 ], [ 145.598454642367983, 43.287547108212664 ], [ 145.598490531612924, 43.287587838508102 ] ] ], [ [ [ 145.598359688349092, 43.287632945803978 ], [ 145.598407496309051, 43.287627693763227 ], [ 145.598359078608723, 43.287622332904505 ], [ 145.598359688349092, 43.287632945803978 ] ] ], [ [ [ 145.598191166189508, 43.287662838369442 ], [ 145.598199973250303, 43.287637532346423 ], [ 145.598170271341132, 43.287654802027646 ], [ 145.598191166189508, 43.287662838369442 ] ] ], [ [ [ 145.599558274195147, 43.288574251800469 ], [ 145.599602386840843, 43.288562666733867 ], [ 145.599570751389251, 43.288553586279136 ], [ 145.599558274195147, 43.288574251800469 ] ] ], [ [ [ 145.599644085706132, 43.288826999966261 ], [ 145.599822282772266, 43.288888170952475 ], [ 145.599800972437151, 43.28881146777519 ], [ 145.599644085706132, 43.288826999966261 ] ] ], [ [ [ 145.599465667406776, 43.289139387572845 ], [ 145.599546743987275, 43.289140251821323 ], [ 145.59955771661555, 43.289122919187548 ], [ 145.599465667406776, 43.289139387572845 ] ] ], [ [ [ 145.558508884877369, 43.326407414570667 ], [ 145.558614474278784, 43.326305279465259 ], [ 145.558427197657238, 43.326346694144775 ], [ 145.558508884877369, 43.326407414570667 ] ] ], [ [ [ 145.558759338872619, 43.326586640461244 ], [ 145.558959584617355, 43.326495333193236 ], [ 145.558718663435798, 43.326541026847053 ], [ 145.558759338872619, 43.326586640461244 ] ] ], [ [ [ 145.567672802058382, 43.329694747814528 ], [ 145.567630894550348, 43.329717837908049 ], [ 145.567665135337961, 43.329722468517275 ], [ 145.567672802058382, 43.329694747814528 ] ] ], [ [ [ 145.582113747651533, 43.34004317105564 ], [ 145.583354188844964, 43.340053198496491 ], [ 145.585154863606249, 43.341327721297489 ], [ 145.58518494143209, 43.341305134824267 ], [ 145.583373890292933, 43.340023251971672 ], [ 145.582113747651533, 43.34004317105564 ] ] ], [ [ [ 145.572944642281641, 43.340713837773535 ], [ 145.573190116730643, 43.340618999767173 ], [ 145.572961633173009, 43.34059841428558 ], [ 145.572944642281641, 43.340713837773535 ] ] ], [ [ [ 145.57868856002915, 43.345463054076845 ], [ 145.5766457589948, 43.341073396620118 ], [ 145.57554054436082, 43.340915631251562 ], [ 145.573723021700289, 43.338422359804213 ], [ 145.57322727581834, 43.338065333448526 ], [ 145.575576278022936, 43.34102966708565 ], [ 145.575936912458701, 43.343082721290727 ], [ 145.577800336516475, 43.344182279188999 ], [ 145.57856027173932, 43.345501838239386 ], [ 145.57868856002915, 43.345463054076845 ] ] ], [ [ [ 145.576009662216279, 43.34869928784201 ], [ 145.574360894639767, 43.345775793318353 ], [ 145.574288832863544, 43.345797955311582 ], [ 145.576009662216279, 43.34869928784201 ] ] ], [ [ [ 145.585463721373799, 43.347235694272058 ], [ 145.585464111679585, 43.34728153181743 ], [ 145.585526718883102, 43.347240802421254 ], [ 145.585463721373799, 43.347235694272058 ] ] ], [ [ [ 145.585609753287713, 43.347285837771381 ], [ 145.585662244017499, 43.347249864889534 ], [ 145.585611283933758, 43.34725458633028 ], [ 145.585609753287713, 43.347285837771381 ] ] ], [ [ [ 145.579915771295987, 43.347030207278408 ], [ 145.578765641821064, 43.34809431480096 ], [ 145.579989727943712, 43.347071909741032 ], [ 145.579915771295987, 43.347030207278408 ] ] ], [ [ [ 145.589882035727555, 43.349518811244309 ], [ 145.589930271764842, 43.349510297362485 ], [ 145.589886277829692, 43.349486739621511 ], [ 145.589882035727555, 43.349518811244309 ] ] ], [ [ [ 145.590092192001293, 43.349779612839029 ], [ 145.590164227697073, 43.34976797291381 ], [ 145.59008778172597, 43.349747080763336 ], [ 145.590092192001293, 43.349779612839029 ] ] ], [ [ [ 145.594128948292564, 43.352741252107251 ], [ 145.594008806961028, 43.352791972971318 ], [ 145.594138443334714, 43.352757413823781 ], [ 145.594128948292564, 43.352741252107251 ] ] ], [ [ [ 145.598539532973291, 43.355241468119402 ], [ 145.598543865007514, 43.355336919463412 ], [ 145.598588494763362, 43.355280306241298 ], [ 145.598539532973291, 43.355241468119402 ] ] ], [ [ [ 145.60513749639847, 43.218120838406151 ], [ 145.604757223467232, 43.217856387362531 ], [ 145.604718339479973, 43.218191107833547 ], [ 145.60513749639847, 43.218120838406151 ] ] ], [ [ [ 145.61352082992255, 43.223943333518207 ], [ 145.613800829344996, 43.223944441482956 ], [ 145.613777223939906, 43.223814440883928 ], [ 145.61352082992255, 43.223943333518207 ] ] ], [ [ [ 145.611733332927201, 43.224612505562845 ], [ 145.611570557435471, 43.224767505516127 ], [ 145.611785550263107, 43.224691946276494 ], [ 145.611733332927201, 43.224612505562845 ] ] ], [ [ [ 145.604098339666848, 43.225363333351311 ], [ 145.604276666235364, 43.225431108059354 ], [ 145.604315550222623, 43.225276108106073 ], [ 145.604098339666848, 43.225363333351311 ] ] ], [ [ [ 145.603778053314727, 43.225759170849244 ], [ 145.603735005466319, 43.225847774755152 ], [ 145.603810557511451, 43.225826946456607 ], [ 145.603778053314727, 43.225759170849244 ] ] ], [ [ [ 145.6033836052693, 43.226080558870876 ], [ 145.603513890953536, 43.225984171332584 ], [ 145.603375836925466, 43.22602722547623 ], [ 145.6033836052693, 43.226080558870876 ] ] ], [ [ [ 145.602944720822393, 43.226527504840647 ], [ 145.603000829524831, 43.226414171377087 ], [ 145.602927781192307, 43.226468892425601 ], [ 145.602944720822393, 43.226527504840647 ] ] ], [ [ [ 145.601585278637913, 43.227143333598121 ], [ 145.601339441761979, 43.227210838509563 ], [ 145.601632217852739, 43.227186108052592 ], [ 145.601585278637913, 43.227143333598121 ] ] ], [ [ [ 145.606669442041266, 43.230407225113538 ], [ 145.61113805367836, 43.229078054109095 ], [ 145.613581946050203, 43.225988613084212 ], [ 145.611110829401468, 43.224742775059212 ], [ 145.611089999304227, 43.22437166711893 ], [ 145.607075836680679, 43.224242505587313 ], [ 145.600971945499055, 43.228019170748325 ], [ 145.600995550904145, 43.228865559598091 ], [ 145.604911945530034, 43.2285636131204 ], [ 145.606669442041266, 43.230407225113538 ] ] ], [ [ [ 145.600522775505851, 43.227418892168316 ], [ 145.600683060774827, 43.227569999855803 ], [ 145.600696109038381, 43.227424171188716 ], [ 145.600522775505851, 43.227418892168316 ] ] ], [ [ [ 145.600547496969625, 43.22854805394968 ], [ 145.600616666526093, 43.228426945847048 ], [ 145.600500829349926, 43.228516667610279 ], [ 145.600547496969625, 43.22854805394968 ] ] ], [ [ [ 145.611304448941382, 43.228986946490579 ], [ 145.611605278460956, 43.229036387619374 ], [ 145.611536108904488, 43.228856667101695 ], [ 145.611304448941382, 43.228986946490579 ] ] ], [ [ [ 145.602175278866184, 43.229066108414315 ], [ 145.60219082994297, 43.228968333222156 ], [ 145.602124448284826, 43.22901777525027 ], [ 145.602175278866184, 43.229066108414315 ] ] ], [ [ [ 145.600944720322786, 43.229230278754528 ], [ 145.600873333038066, 43.229151946005686 ], [ 145.600785836197588, 43.229228891999924 ], [ 145.600944720322786, 43.229230278754528 ] ] ], [ [ [ 145.610751114972118, 43.229367224817736 ], [ 145.610909999996693, 43.229463333566173 ], [ 145.610938611927622, 43.229361945797336 ], [ 145.610751114972118, 43.229367224817736 ] ] ], [ [ [ 145.607974162277969, 43.230413891787862 ], [ 145.60806666654355, 43.230594721169609 ], [ 145.608147223315882, 43.230425559592049 ], [ 145.607974162277969, 43.230413891787862 ] ] ], [ [ [ 145.606790557338513, 43.231172505007294 ], [ 145.607971387869384, 43.230782225319615 ], [ 145.606720271723361, 43.23104222561841 ], [ 145.606790557338513, 43.231172505007294 ] ] ], [ [ [ 145.608484162414356, 43.234086387576895 ], [ 145.608602775797635, 43.234214171347105 ], [ 145.608662502472725, 43.234006945963927 ], [ 145.608484162414356, 43.234086387576895 ] ] ], [ [ [ 145.608639169562252, 43.234365279034591 ], [ 145.608670557700293, 43.234714171022347 ], [ 145.608852775635228, 43.234370279265136 ], [ 145.608639169562252, 43.234365279034591 ] ] ], [ [ [ 145.599790583468803, 43.288988467843694 ], [ 145.599837950760957, 43.288989171113542 ], [ 145.599814059371511, 43.288962080835518 ], [ 145.599790583468803, 43.288988467843694 ] ] ], [ [ [ 145.600067885824501, 43.289078918957102 ], [ 145.600055810627282, 43.289067252052234 ], [ 145.600053942735485, 43.289077999850008 ], [ 145.600067885824501, 43.289078918957102 ] ] ], [ [ [ 145.600180699479893, 43.289231505130033 ], [ 145.600248806937088, 43.289180107975767 ], [ 145.600134746821254, 43.289232306425959 ], [ 145.600180699479893, 43.289231505130033 ] ] ], [ [ [ 145.599778443520563, 43.289425559042456 ], [ 145.599798975042859, 43.289439279099611 ], [ 145.599772554759738, 43.28939853261636 ], [ 145.599778443520563, 43.289425559042456 ] ] ], [ [ [ 145.600137950206431, 43.289399000263813 ], [ 145.600239688710872, 43.28947510808996 ], [ 145.600317107748538, 43.289377251958797 ], [ 145.600137950206431, 43.289399000263813 ] ] ], [ [ [ 145.60022966216934, 43.289657081409359 ], [ 145.600299493626949, 43.289622667052583 ], [ 145.600223916400751, 43.289653081224913 ], [ 145.60022966216934, 43.289657081409359 ] ] ], [ [ [ 145.599875057687996, 43.289743251749826 ], [ 145.599999999600527, 43.2897321712029 ], [ 145.60002069929601, 43.289714531900302 ], [ 145.599875057687996, 43.289743251749826 ] ] ], [ [ [ 145.600281803062899, 43.289757720942248 ], [ 145.600343216866122, 43.289827225046565 ], [ 145.600483280878848, 43.289729505612343 ], [ 145.600281803062899, 43.289757720942248 ] ] ], [ [ [ 145.601366108459274, 43.289978332734051 ], [ 145.601373890292962, 43.290163054381594 ], [ 145.601585005243919, 43.289943054128798 ], [ 145.601366108459274, 43.289978332734051 ] ] ], [ [ [ 145.60155280142078, 43.29009900016888 ], [ 145.601437055975566, 43.290219721563062 ], [ 145.601565525029173, 43.290111441390081 ], [ 145.60155280142078, 43.29009900016888 ] ] ], [ [ [ 145.601527496297081, 43.290185279327318 ], [ 145.601657781981203, 43.29028694588601 ], [ 145.601741114960646, 43.290118892273199 ], [ 145.601527496297081, 43.290185279327318 ] ] ], [ [ [ 145.603459999979236, 43.293367225517216 ], [ 145.603510558065977, 43.293274721251578 ], [ 145.603440271551449, 43.293257775326254 ], [ 145.603459999979236, 43.293367225517216 ] ] ], [ [ [ 145.603758053291699, 43.293644721227054 ], [ 145.603709727322212, 43.293538054437818 ], [ 145.603688884634494, 43.293609440823218 ], [ 145.603758053291699, 43.293644721227054 ] ] ], [ [ [ 145.604493605195898, 43.294453054365135 ], [ 145.604410271317192, 43.2943411085555 ], [ 145.604428339596325, 43.294453054365135 ], [ 145.604493605195898, 43.294453054365135 ] ] ], [ [ [ 145.604345887952491, 43.294634171529935 ], [ 145.604388079646355, 43.294613171460867 ], [ 145.604333605911393, 43.294597414439295 ], [ 145.604345887952491, 43.294634171529935 ] ] ], [ [ [ 145.604853332215725, 43.294902801723083 ], [ 145.604791802399973, 43.294857919257709 ], [ 145.60477447426274, 43.294887559113704 ], [ 145.604853332215725, 43.294902801723083 ] ] ], [ [ [ 145.604694422909461, 43.294967171597875 ], [ 145.60462963664861, 43.29504094658256 ], [ 145.604726199554648, 43.295038720760544 ], [ 145.604694422909461, 43.294967171597875 ] ] ], [ [ [ 145.604992139875549, 43.295293837740587 ], [ 145.604967029904628, 43.295222279584721 ], [ 145.60495092034887, 43.295295747900639 ], [ 145.604992139875549, 43.295293837740587 ] ] ], [ [ [ 145.605643553907043, 43.295431027520067 ], [ 145.605433528035064, 43.295441359831045 ], [ 145.605631919377743, 43.295467000401914 ], [ 145.605643553907043, 43.295431027520067 ] ] ], [ [ [ 145.605109921385974, 43.295558532500422 ], [ 145.605285887234118, 43.29545805394622 ], [ 145.604985083794759, 43.295475306540311 ], [ 145.605109921385974, 43.295558532500422 ] ] ], [ [ [ 145.606172995587485, 43.296423946508071 ], [ 145.606134720441219, 43.296470775106343 ], [ 145.606214967846654, 43.296427414293873 ], [ 145.606172995587485, 43.296423946508071 ] ] ], [ [ [ 145.606044331380986, 43.296517467906995 ], [ 145.606011439576491, 43.296545694028737 ], [ 145.606059000222899, 43.296556279049184 ], [ 145.606044331380986, 43.296517467906995 ] ] ], [ [ [ 145.608260921004899, 43.296636919458422 ], [ 145.608036108479837, 43.296492946092769 ], [ 145.607974577764708, 43.296529865061416 ], [ 145.608260921004899, 43.296636919458422 ] ] ], [ [ [ 145.605616640795461, 43.296692946322594 ], [ 145.605521114807743, 43.296759441295364 ], [ 145.605682917233025, 43.296736919573334 ], [ 145.605616640795461, 43.296692946322594 ] ] ], [ [ [ 145.608212801879517, 43.296701586109464 ], [ 145.608199973949809, 43.296811279117378 ], [ 145.608247366423029, 43.296798198478257 ], [ 145.608212801879517, 43.296701586109464 ] ] ], [ [ [ 145.608495421926364, 43.29674069402796 ], [ 145.608468469244599, 43.296848252045379 ], [ 145.60850907903091, 43.296873135387045 ], [ 145.608495421926364, 43.29674069402796 ] ] ], [ [ [ 145.60546016865203, 43.296811279117378 ], [ 145.605420583193563, 43.296861170806551 ], [ 145.60546364453171, 43.296845802292125 ], [ 145.60546016865203, 43.296811279117378 ] ] ], [ [ [ 145.608856860356013, 43.29692769455761 ], [ 145.608780505216373, 43.296919252621592 ], [ 145.608808196241398, 43.296950333191489 ], [ 145.608856860356013, 43.29692769455761 ] ] ], [ [ [ 145.608715498621564, 43.296944946252438 ], [ 145.608736860218073, 43.296990612926606 ], [ 145.608761478259794, 43.296978080873885 ], [ 145.608715498621564, 43.296944946252438 ] ] ], [ [ [ 145.609123773743363, 43.29705453224102 ], [ 145.609213994630295, 43.297065333098828 ], [ 145.609081024469901, 43.297043504754129 ], [ 145.609123773743363, 43.29705453224102 ] ] ], [ [ [ 145.60883608241943, 43.297068468135478 ], [ 145.608793450057874, 43.297024333006732 ], [ 145.608778170576329, 43.297041251952407 ], [ 145.60883608241943, 43.297068468135478 ] ] ], [ [ [ 145.60926802859683, 43.297305667023068 ], [ 145.609325161627112, 43.297198225018235 ], [ 145.609129441270852, 43.297098027052471 ], [ 145.60926802859683, 43.297305667023068 ] ] ], [ [ [ 145.609456328646843, 43.297819946133757 ], [ 145.60934552497622, 43.297995532468008 ], [ 145.60965795035429, 43.297939973251346 ], [ 145.609456328646843, 43.297819946133757 ] ] ], [ [ [ 145.609778832727102, 43.29821066738856 ], [ 145.609780829222018, 43.298084613014623 ], [ 145.609628029010537, 43.298140252270969 ], [ 145.609778832727102, 43.29821066738856 ] ] ], [ [ [ 145.609610894227558, 43.298196360074144 ], [ 145.609596666952825, 43.298254585780683 ], [ 145.609645550501909, 43.298230613452233 ], [ 145.609610894227558, 43.298196360074144 ] ] ], [ [ [ 145.611526199274863, 43.29886761314998 ], [ 145.611274941285728, 43.298770586193768 ], [ 145.611465005805599, 43.298924972809402 ], [ 145.611526199274863, 43.29886761314998 ] ] ], [ [ [ 145.611348520218257, 43.299040864844187 ], [ 145.611154085892508, 43.29886627945541 ], [ 145.611089493885174, 43.298865613057785 ], [ 145.611348520218257, 43.299040864844187 ] ] ], [ [ [ 145.611484188344775, 43.299072640590055 ], [ 145.611402529003726, 43.299063414445186 ], [ 145.611429078789115, 43.299094252198131 ], [ 145.611484188344775, 43.299072640590055 ] ] ], [ [ [ 145.610966445944882, 43.299173027413474 ], [ 145.61151405932651, 43.299433333481716 ], [ 145.610971894037903, 43.298975027275844 ], [ 145.610966445944882, 43.299173027413474 ] ] ], [ [ [ 145.610631529421767, 43.299689865095388 ], [ 145.610697587324012, 43.299695467871686 ], [ 145.610659078353933, 43.299670441537842 ], [ 145.610631529421767, 43.299689865095388 ] ] ], [ [ [ 145.610925862238901, 43.299739720811658 ], [ 145.610921478943283, 43.299786865071951 ], [ 145.610950310308795, 43.299758441099357 ], [ 145.610925862238901, 43.299739720811658 ] ] ], [ [ [ 145.610765161483187, 43.299762972783128 ], [ 145.610741309663922, 43.2997870269499 ], [ 145.610789636532672, 43.299788080955352 ], [ 145.610765161483187, 43.299762972783128 ] ] ], [ [ [ 145.610802697386703, 43.299865613307588 ], [ 145.610765576969925, 43.299891892397056 ], [ 145.610811776942114, 43.299902134775891 ], [ 145.610802697386703, 43.299865613307588 ] ] ], [ [ [ 145.611387444674961, 43.300121505503228 ], [ 145.611424746754892, 43.300070639848343 ], [ 145.611353917049769, 43.300061748251267 ], [ 145.611387444674961, 43.300121505503228 ] ] ], [ [ [ 145.613042217924203, 43.30049166735671 ], [ 145.612981114387139, 43.300361387068506 ], [ 145.612923605440187, 43.300386108532223 ], [ 145.613042217924203, 43.30049166735671 ] ] ], [ [ [ 145.613618884803827, 43.300801387574154 ], [ 145.613652775755213, 43.300676387205669 ], [ 145.613531673048442, 43.300710279056318 ], [ 145.613618884803827, 43.300801387574154 ] ] ], [ [ [ 145.613973060308695, 43.301018892208276 ], [ 145.613909169772569, 43.300858892024394 ], [ 145.613875550416537, 43.300888612819392 ], [ 145.613973060308695, 43.301018892208276 ] ] ], [ [ [ 145.610666938428608, 43.301205693987754 ], [ 145.610632283053633, 43.301231748246778 ], [ 145.610679001035237, 43.301243801860153 ], [ 145.610666938428608, 43.301205693987754 ] ] ], [ [ [ 145.610835382347204, 43.301259306172199 ], [ 145.610798222360245, 43.301361468257312 ], [ 145.610915615363524, 43.301308414551841 ], [ 145.610835382347204, 43.301259306172199 ] ] ], [ [ [ 145.612807781753872, 43.30145780183625 ], [ 145.612872865690406, 43.301485838201017 ], [ 145.612889078668218, 43.30145072147377 ], [ 145.612807781753872, 43.30145780183625 ] ] ], [ [ [ 145.611633605306793, 43.301742027172963 ], [ 145.611786160902739, 43.301591774740757 ], [ 145.611590531378056, 43.301721467771699 ], [ 145.611633605306793, 43.301742027172963 ] ] ], [ [ [ 145.611457496466414, 43.301814170787509 ], [ 145.611445836756161, 43.301724440930343 ], [ 145.611379441608165, 43.30178694651056 ], [ 145.611457496466414, 43.301814170787509 ] ] ], [ [ [ 145.611781672386428, 43.301870279489947 ], [ 145.611726938747438, 43.301816667305502 ], [ 145.611667223763561, 43.30188833338002 ], [ 145.611781672386428, 43.301870279489947 ] ] ], [ [ [ 145.613140894237063, 43.30194102735669 ], [ 145.613186277624777, 43.301953441598243 ], [ 145.61317953270941, 43.301916802318715 ], [ 145.613140894237063, 43.30194102735669 ] ] ], [ [ [ 145.611333890946526, 43.301985000607431 ], [ 145.611305279015596, 43.301906945749124 ], [ 145.611255836987425, 43.301957504735242 ], [ 145.611333890946526, 43.301985000607431 ] ] ], [ [ [ 145.611443333043553, 43.302047505288328 ], [ 145.61151610888146, 43.301961666797638 ], [ 145.611414720213361, 43.302021387177433 ], [ 145.611443333043553, 43.302047505288328 ] ] ], [ [ [ 145.612881945245704, 43.302068775153998 ], [ 145.612947029182237, 43.302096892457769 ], [ 145.612963280830968, 43.302061774831202 ], [ 145.612881945245704, 43.302068775153998 ] ] ], [ [ [ 145.612323995056499, 43.302274081383928 ], [ 145.612277690762994, 43.302319026801797 ], [ 145.612321088447629, 43.302308332963378 ], [ 145.612323995056499, 43.302274081383928 ] ] ], [ [ [ 145.612611633320398, 43.302409919482386 ], [ 145.612673773775782, 43.302411333216639 ], [ 145.612634811547537, 43.302387413948168 ], [ 145.612611633320398, 43.302409919482386 ] ] ], [ [ [ 145.610914383292311, 43.30240872158538 ], [ 145.610887638354029, 43.302441694328877 ], [ 145.610935745788197, 43.302443559522828 ], [ 145.610914383292311, 43.30240872158538 ] ] ], [ [ [ 145.610778339249123, 43.302473054587949 ], [ 145.610665005785563, 43.302446946369628 ], [ 145.610665005785563, 43.302482224974881 ], [ 145.610778339249123, 43.302473054587949 ] ] ], [ [ [ 145.612669856329035, 43.302483865338274 ], [ 145.612631192675622, 43.302508081382996 ], [ 145.612676588653812, 43.302520505517066 ], [ 145.612669856329035, 43.302483865338274 ] ] ], [ [ [ 145.610221218234756, 43.302546504917416 ], [ 145.610269195267279, 43.302548360218793 ], [ 145.610247976663004, 43.30251350519427 ], [ 145.610221218234756, 43.302546504917416 ] ] ], [ [ [ 145.610794422724553, 43.302555892040971 ], [ 145.610842528360195, 43.302557640323016 ], [ 145.610821166763571, 43.302522802385568 ], [ 145.610794422724553, 43.302555892040971 ] ] ], [ [ [ 145.610323890235577, 43.302621667556082 ], [ 145.61054000002116, 43.302637224928162 ], [ 145.610563332931633, 43.302569441226922 ], [ 145.610323890235577, 43.302621667556082 ] ] ], [ [ [ 145.612508222976317, 43.302702558876149 ], [ 145.612392750025606, 43.302780081335868 ], [ 145.612437950850904, 43.302806080736218 ], [ 145.612508222976317, 43.302702558876149 ] ] ], [ [ [ 145.611938053698395, 43.30281694634516 ], [ 145.6119588846949, 43.302675000051352 ], [ 145.611875550816194, 43.302715559475644 ], [ 145.611938053698395, 43.30281694634516 ] ] ], [ [ [ 145.611570116767666, 43.30278483785014 ], [ 145.611613280628603, 43.30278594581489 ], [ 145.611581893389825, 43.302754278887051 ], [ 145.611570116767666, 43.30278483785014 ] ] ], [ [ [ 145.61148780721669, 43.302801837734762 ], [ 145.611333917026855, 43.302788198616668 ], [ 145.611341945274717, 43.302855413946361 ], [ 145.61148780721669, 43.302801837734762 ] ] ], [ [ [ 145.609904383480739, 43.303467360330558 ], [ 145.610047638288052, 43.303401467903598 ], [ 145.60988197057668, 43.303445747823162 ], [ 145.609904383480739, 43.303467360330558 ] ] ], [ [ [ 145.609910310912255, 43.303489802012905 ], [ 145.609912282226219, 43.303527748007355 ], [ 145.609951581700329, 43.303505864803981 ], [ 145.609910310912255, 43.303489802012905 ] ] ], [ [ [ 145.611064279593052, 43.304226081468641 ], [ 145.610855576623749, 43.304231441428044 ], [ 145.611120142780578, 43.304293027001734 ], [ 145.611064279593052, 43.304226081468641 ] ] ], [ [ [ 145.608771776396566, 43.305790306477604 ], [ 145.60885855917536, 43.305757224916135 ], [ 145.608767108015854, 43.305758332880941 ], [ 145.608771776396566, 43.305790306477604 ] ] ], [ [ [ 145.608634331209601, 43.305890414511168 ], [ 145.608643799272045, 43.305971613399379 ], [ 145.608683916229893, 43.305880198212719 ], [ 145.608634331209601, 43.305890414511168 ] ] ], [ [ [ 145.609154720314223, 43.306049054020775 ], [ 145.608664915353756, 43.306067667289199 ], [ 145.608599532842391, 43.30614208079254 ], [ 145.609154720314223, 43.306049054020775 ] ] ], [ [ [ 145.60932389088498, 43.306290279173197 ], [ 145.609265278470048, 43.306198054596734 ], [ 145.609228611311551, 43.306302224867977 ], [ 145.60932389088498, 43.306290279173197 ] ] ], [ [ [ 145.609222218031164, 43.306782505108686 ], [ 145.609127223542714, 43.30672389179432 ], [ 145.609142775518876, 43.306800837788614 ], [ 145.609222218031164, 43.306782505108686 ] ] ], [ [ [ 145.609399169536232, 43.306793054156287 ], [ 145.609330271575004, 43.306725279448244 ], [ 145.609332775287498, 43.306801945753364 ], [ 145.609399169536232, 43.306793054156287 ] ] ], [ [ [ 145.60922486383663, 43.306779892578163 ], [ 145.609278029057919, 43.306782054548364 ], [ 145.609249195893881, 43.306754305966592 ], [ 145.60922486383663, 43.306779892578163 ] ] ], [ [ [ 145.609096523386029, 43.307293170743378 ], [ 145.609084941916763, 43.307327252351001 ], [ 145.609127833283083, 43.307303775548974 ], [ 145.609096523386029, 43.307293170743378 ] ] ], [ [ [ 145.609483605983769, 43.307416386856914 ], [ 145.609531945443109, 43.307300559573321 ], [ 145.609430557674273, 43.307402504921811 ], [ 145.609483605983769, 43.307416386856914 ] ] ], [ [ [ 145.609312438018833, 43.307457586598503 ], [ 145.609208417934269, 43.307430107813389 ], [ 145.609203022002021, 43.307492468602732 ], [ 145.609312438018833, 43.307457586598503 ] ] ], [ [ [ 145.608044772548396, 43.308182441066947 ], [ 145.608085330174049, 43.308160252094126 ], [ 145.608042139333406, 43.308147081522748 ], [ 145.608044772548396, 43.308182441066947 ] ] ], [ [ [ 145.608178858767474, 43.308203252278417 ], [ 145.608219415493863, 43.308181081292048 ], [ 145.608176225552597, 43.308167801902698 ], [ 145.608178858767474, 43.308203252278417 ] ] ], [ [ [ 145.60237761283679, 43.355833107811861 ], [ 145.602402969221885, 43.355798332826964 ], [ 145.602370142168525, 43.355802386970765 ], [ 145.60237761283679, 43.355833107811861 ] ] ], [ [ [ 145.619199441601154, 43.238855000458045 ], [ 145.619289169659623, 43.239072505092224 ], [ 145.619397496597344, 43.238951387097018 ], [ 145.619199441601154, 43.238855000458045 ] ] ], [ [ [ 145.618616666526123, 43.239163333021565 ], [ 145.618855836727676, 43.239098333621371 ], [ 145.618613890319011, 43.239082775349971 ], [ 145.618616666526123, 43.239163333021565 ] ] ], [ [ [ 145.619183890524255, 43.239472224963379 ], [ 145.619199441601154, 43.23938610858221 ], [ 145.619123890455398, 43.239431667337726 ], [ 145.619183890524255, 43.239472224963379 ] ] ], [ [ [ 145.6207930609512, 43.239878333618378 ], [ 145.620746393331615, 43.239808054298408 ], [ 145.620726666702467, 43.239854999808585 ], [ 145.6207930609512, 43.239878333618378 ] ] ], [ [ [ 145.619508053853792, 43.240500559253576 ], [ 145.61945610901239, 43.240399171484739 ], [ 145.619433890361961, 43.240422505294532 ], [ 145.619508053853792, 43.240500559253576 ] ] ], [ [ [ 145.666536666733919, 43.294023333110488 ], [ 145.666522217326701, 43.293918892143324 ], [ 145.666471114250726, 43.293928612915295 ], [ 145.666536666733919, 43.294023333110488 ] ] ], [ [ [ 145.666242502989348, 43.29430277495328 ], [ 145.666390557478394, 43.29424444132809 ], [ 145.666176666320325, 43.294151946055649 ], [ 145.666242502989348, 43.29430277495328 ] ] ], [ [ [ 145.667023890640166, 43.294284721063207 ], [ 145.666955836243005, 43.294209170816771 ], [ 145.666885279032613, 43.294243333363283 ], [ 145.667023890640166, 43.294284721063207 ] ] ], [ [ [ 145.666826109037856, 43.294579721177342 ], [ 145.666804162882045, 43.294497225466728 ], [ 145.666767781707904, 43.294550558861374 ], [ 145.666826109037856, 43.294579721177342 ] ] ], [ [ [ 145.668360557493884, 43.295130278939382 ], [ 145.668338611338072, 43.295033332922117 ], [ 145.668255836837602, 43.295120559066731 ], [ 145.668360557493884, 43.295130278939382 ] ] ], [ [ [ 145.666728884230793, 43.295383892252971 ], [ 145.667189441439746, 43.294947505223377 ], [ 145.667152775180625, 43.294678332739011 ], [ 145.666728884230793, 43.295383892252971 ] ] ], [ [ [ 145.668133332987054, 43.295398613255543 ], [ 145.668094448999796, 43.295276945774617 ], [ 145.668045837045952, 43.29535972117435 ], [ 145.668133332987054, 43.295398613255543 ] ] ], [ [ [ 145.668743332339091, 43.29583361353059 ], [ 145.668643605618058, 43.295741387155488 ], [ 145.668619169239491, 43.295797225162005 ], [ 145.668743332339091, 43.29583361353059 ] ] ], [ [ [ 145.669778884588027, 43.295877504943064 ], [ 145.669885836462413, 43.295809441552649 ], [ 145.669805550386059, 43.295782774855354 ], [ 145.669778884588027, 43.295877504943064 ] ] ], [ [ [ 145.66989306071639, 43.29653610815501 ], [ 145.669934162431787, 43.296431667187846 ], [ 145.669871114560465, 43.296453613343772 ], [ 145.66989306071639, 43.29653610815501 ] ] ], [ [ [ 145.668507496823736, 43.296567505286305 ], [ 145.668436938713967, 43.297039170921153 ], [ 145.668704448351832, 43.296915279416794 ], [ 145.668507496823736, 43.296567505286305 ] ] ], [ [ [ 145.671358339615836, 43.297343054538487 ], [ 145.671290271728822, 43.297374721466383 ], [ 145.671326666392702, 43.297433054192254 ], [ 145.671358339615836, 43.297343054538487 ] ] ], [ [ [ 145.672420557662804, 43.297595837777862 ], [ 145.672669727426182, 43.29742805396171 ], [ 145.672303890412422, 43.297442774964281 ], [ 145.672420557662804, 43.297595837777862 ] ] ], [ [ [ 145.672801945753349, 43.297904441037304 ], [ 145.672882217440588, 43.297783054144816 ], [ 145.672848053994699, 43.297763613500138 ], [ 145.672801945753349, 43.297904441037304 ] ] ], [ [ [ 145.673729999340139, 43.298181387261366 ], [ 145.673722775985539, 43.298101387169424 ], [ 145.673664448655586, 43.298147505303291 ], [ 145.673729999340139, 43.298181387261366 ] ] ], [ [ [ 145.673829999455052, 43.298312775514319 ], [ 145.673803060263253, 43.298238612921807 ], [ 145.673732503052747, 43.298267775237775 ], [ 145.673829999455052, 43.298312775514319 ] ] ], [ [ [ 145.673927223362853, 43.298511946569249 ], [ 145.674129999799788, 43.298394171354118 ], [ 145.673898053852326, 43.298388332955369 ], [ 145.673927223362853, 43.298511946569249 ] ] ], [ [ [ 145.671237223419325, 43.299818612938793 ], [ 145.673645278706772, 43.298378333393543 ], [ 145.668297223638092, 43.297152225594914 ], [ 145.671237223419325, 43.299818612938793 ] ] ], [ [ [ 145.674386393817144, 43.298596945992415 ], [ 145.674379169563167, 43.298524171053828 ], [ 145.674311114266743, 43.298560559422469 ], [ 145.674386393817144, 43.298596945992415 ] ] ], [ [ [ 145.674777781469629, 43.298815559490663 ], [ 145.674831387358836, 43.29873777532822 ], [ 145.674717223820949, 43.298786387282121 ], [ 145.674777781469629, 43.298815559490663 ] ] ], [ [ [ 145.673602775847598, 43.29934666761477 ], [ 145.673648884988211, 43.299256667061684 ], [ 145.673556666706986, 43.299290838601507 ], [ 145.673602775847598, 43.29934666761477 ] ] ], [ [ [ 145.675857781811374, 43.299587505159423 ], [ 145.675843332404042, 43.29947305383854 ], [ 145.675753332750332, 43.299555838231527 ], [ 145.675857781811374, 43.299587505159423 ] ] ], [ [ [ 145.675433890861541, 43.299591107843526 ], [ 145.675426666607564, 43.299479171027087 ], [ 145.675373332313598, 43.299556946196276 ], [ 145.675433890861541, 43.299591107843526 ] ] ], [ [ [ 145.674196939037643, 43.299537775348199 ], [ 145.67437194530919, 43.299510837954983 ], [ 145.6742455509916, 43.299469720951038 ], [ 145.674196939037643, 43.299537775348199 ] ] ], [ [ [ 145.673100557544899, 43.299632505435966 ], [ 145.673144448957373, 43.299523054345627 ], [ 145.673030271929633, 43.29960083850807 ], [ 145.673100557544899, 43.299632505435966 ] ] ], [ [ [ 145.673730271834756, 43.299914441098736 ], [ 145.673963605436256, 43.300242225098771 ], [ 145.674226108548282, 43.300145000291707 ], [ 145.673730271834756, 43.299914441098736 ] ] ], [ [ [ 145.614280557402026, 43.301250838155795 ], [ 145.614544720662479, 43.301284721013246 ], [ 145.614263605181463, 43.301137505591555 ], [ 145.614280557402026, 43.301250838155795 ] ] ], [ [ [ 145.673554162994378, 43.301664171064829 ], [ 145.673583332505018, 43.301552225255136 ], [ 145.673505551040535, 43.30159361295506 ], [ 145.673554162994378, 43.301664171064829 ] ] ], [ [ [ 145.673020557452901, 43.301826946556503 ], [ 145.673151945705854, 43.301734441391545 ], [ 145.673059441440273, 43.301700559433414 ], [ 145.673020557452901, 43.301826946556503 ] ] ], [ [ [ 145.619206938349748, 43.30183417081048 ], [ 145.619360829438961, 43.301832775062678 ], [ 145.61919277582615, 43.30176638710924 ], [ 145.619206938349748, 43.30183417081048 ] ] ], [ [ [ 145.615045836396462, 43.301918613553312 ], [ 145.615058884660016, 43.301748333219166 ], [ 145.614988340039986, 43.301745558810637 ], [ 145.615045836396462, 43.301918613553312 ] ] ], [ [ [ 145.674454448214419, 43.301977504758213 ], [ 145.674403605941848, 43.301885279282374 ], [ 145.674340271186793, 43.301941108295694 ], [ 145.674454448214419, 43.301977504758213 ] ] ], [ [ [ 145.619815005957889, 43.3020658379682 ], [ 145.619826939062136, 43.301973332803243 ], [ 145.619766938993166, 43.301982504988757 ], [ 145.619815005957889, 43.3020658379682 ] ] ], [ [ [ 145.615339999241769, 43.302035559593548 ], [ 145.615705836255529, 43.302242775084153 ], [ 145.615784162709133, 43.302188054035639 ], [ 145.615339999241769, 43.302035559593548 ] ] ], [ [ [ 145.674621114173306, 43.302250838405655 ], [ 145.674572502219348, 43.302148892157788 ], [ 145.674538611268076, 43.302199999730362 ], [ 145.674621114173306, 43.302250838405655 ] ] ], [ [ [ 145.620260271994084, 43.302125838037171 ], [ 145.620658884799923, 43.302378613182611 ], [ 145.620742217779252, 43.302358891949496 ], [ 145.620260271994084, 43.302125838037171 ] ] ], [ [ [ 145.67472055760777, 43.302305559454169 ], [ 145.674633332362532, 43.302320279557421 ], [ 145.674725279048516, 43.302351946485317 ], [ 145.67472055760777, 43.302305559454169 ] ] ], [ [ [ 145.674393890565739, 43.302473333377804 ], [ 145.67443749689312, 43.302259441320302 ], [ 145.674206667004228, 43.302344440743525 ], [ 145.674393890565739, 43.302473333377804 ] ] ], [ [ [ 145.67482833955637, 43.302597224882163 ], [ 145.674867223543743, 43.302529171384322 ], [ 145.674813891048416, 43.302543892386893 ], [ 145.67482833955637, 43.302597224882163 ] ] ], [ [ [ 145.6751202711838, 43.302655838196529 ], [ 145.675039999496562, 43.302636386760014 ], [ 145.675073890447834, 43.302718892363146 ], [ 145.6751202711838, 43.302655838196529 ] ] ], [ [ [ 145.674976666540147, 43.302811386736266 ], [ 145.674913605178858, 43.302745559060497 ], [ 145.674898884176287, 43.302816108177012 ], [ 145.674976666540147, 43.302811386736266 ] ] ], [ [ [ 145.675160271229743, 43.304037224738295 ], [ 145.673423890800109, 43.301948333448991 ], [ 145.672104448661571, 43.302383613413213 ], [ 145.672568611252586, 43.30376055910267 ], [ 145.675160271229743, 43.304037224738295 ] ] ], [ [ [ 145.61955221776077, 43.303279170897213 ], [ 145.619566393774221, 43.303199721190367 ], [ 145.619496109058332, 43.303224440855445 ], [ 145.61955221776077, 43.303279170897213 ] ] ], [ [ [ 145.620685836582311, 43.303456108013165 ], [ 145.620695005170546, 43.303355838101595 ], [ 145.620550557862089, 43.303378054054122 ], [ 145.620685836582311, 43.303456108013165 ] ] ], [ [ [ 145.619421945566501, 43.303508333443006 ], [ 145.619359441785036, 43.303410559150166 ], [ 145.619299441716066, 43.303428891830038 ], [ 145.619421945566501, 43.303508333443006 ] ] ], [ [ [ 145.61986972790578, 43.303620279252641 ], [ 145.620071387384769, 43.303583891783319 ], [ 145.619855278498449, 43.303581387171448 ], [ 145.61986972790578, 43.303620279252641 ] ] ], [ [ [ 145.675253890654744, 43.30379999977032 ], [ 145.675270829385454, 43.303702774963256 ], [ 145.675166393814152, 43.30374666727505 ], [ 145.675253890654744, 43.30379999977032 ] ] ], [ [ [ 145.61970306104763, 43.303865000069891 ], [ 145.61967693844008, 43.303771386940127 ], [ 145.619567781428145, 43.303777774824596 ], [ 145.61970306104763, 43.303865000069891 ] ] ], [ [ [ 145.675903060877772, 43.304130837868058 ], [ 145.675961387308348, 43.304023892288967 ], [ 145.675876393281101, 43.30403583798369 ], [ 145.675903060877772, 43.304130837868058 ] ] ], [ [ [ 145.675117781860308, 43.304228054581245 ], [ 145.675066938688474, 43.304167225337324 ], [ 145.675057223312365, 43.304181946339895 ], [ 145.675117781860308, 43.304228054581245 ] ] ], [ [ [ 145.675370829500366, 43.304692225266137 ], [ 145.675448611864113, 43.304585278787727 ], [ 145.675348884243817, 43.304616946614942 ], [ 145.675370829500366, 43.304692225266137 ] ] ], [ [ [ 145.616756938681988, 43.304660802054514 ], [ 145.616579533019262, 43.304617945761777 ], [ 145.616540829795667, 43.304638252453572 ], [ 145.616756938681988, 43.304660802054514 ] ] ], [ [ [ 145.616220271848192, 43.304903892400887 ], [ 145.616230829889105, 43.304801107984929 ], [ 145.616182503020241, 43.304807504862652 ], [ 145.616220271848192, 43.304903892400887 ] ] ], [ [ [ 145.617863332327147, 43.305120000387888 ], [ 145.617938884372165, 43.305015838210522 ], [ 145.617837223209449, 43.305044441148198 ], [ 145.617863332327147, 43.305120000387888 ] ] ], [ [ [ 145.676565005970474, 43.305260559027715 ], [ 145.676662217287685, 43.305124441240139 ], [ 145.676545550936567, 43.305211946174552 ], [ 145.676565005970474, 43.305260559027715 ] ] ], [ [ [ 145.678303891011979, 43.305338612986759 ], [ 145.678223605834887, 43.305234171120276 ], [ 145.678182217235758, 43.305314171212217 ], [ 145.678303891011979, 43.305338612986759 ] ] ], [ [ [ 145.676055836807564, 43.305391946381405 ], [ 145.676123890305462, 43.30528972134374 ], [ 145.676012217889706, 43.305309170981616 ], [ 145.676055836807564, 43.305391946381405 ] ] ], [ [ [ 145.676313332494487, 43.305435837793823 ], [ 145.676289169509801, 43.305345838140113 ], [ 145.676242775283981, 43.305399441331303 ], [ 145.676313332494487, 43.305435837793823 ] ] ], [ [ [ 145.676339999191782, 43.305601108004907 ], [ 145.676391114858234, 43.305484440754526 ], [ 145.676293890950433, 43.30554750481366 ], [ 145.676339999191782, 43.305601108004907 ] ] ], [ [ [ 145.616770829610232, 43.306028892119855 ], [ 145.616873605932369, 43.305910278736519 ], [ 145.616777223789995, 43.305910278736519 ], [ 145.616770829610232, 43.306028892119855 ] ] ], [ [ [ 145.676400829334966, 43.311142225033848 ], [ 145.676352217381123, 43.311018053840257 ], [ 145.676313332494487, 43.311078892077376 ], [ 145.676400829334966, 43.311142225033848 ] ] ], [ [ [ 145.676558884285214, 43.311285558981524 ], [ 145.676563890811053, 43.31119194585176 ], [ 145.676483605634076, 43.311263612825655 ], [ 145.676558884285214, 43.311285558981524 ] ] ], [ [ [ 145.678343060983707, 43.311370559304009 ], [ 145.678284721063164, 43.311305000525522 ], [ 145.678258053466607, 43.311397225102041 ], [ 145.678343060983707, 43.311370559304009 ] ] ], [ [ [ 145.676763060966664, 43.311438612801908 ], [ 145.67682138739724, 43.311275838209554 ], [ 145.67673138774353, 43.311319440939599 ], [ 145.676763060966664, 43.311438612801908 ] ] ], [ [ [ 145.677280829446886, 43.311718333434499 ], [ 145.677273605192909, 43.311621107728115 ], [ 145.67722250301631, 43.31169638727863 ], [ 145.677280829446886, 43.311718333434499 ] ] ], [ [ [ 145.677733060732294, 43.311766667497864 ], [ 145.6777136056985, 43.311676945734632 ], [ 145.677643060179207, 43.311713333203954 ], [ 145.677733060732294, 43.311766667497864 ] ] ], [ [ [ 145.618838832346455, 43.366368386791805 ], [ 145.618578196226963, 43.366075440729162 ], [ 145.618491218295276, 43.366274081184088 ], [ 145.618838832346455, 43.366368386791805 ] ] ], [ [ [ 145.624734448636104, 43.366799413862054 ], [ 145.624835667332377, 43.366828279401716 ], [ 145.624745278272144, 43.366781386951629 ], [ 145.624734448636104, 43.366799413862054 ] ] ], [ [ [ 145.626121945171803, 43.367985613345525 ], [ 145.626195836169131, 43.367962053805911 ], [ 145.62611263269207, 43.367955666820706 ], [ 145.626121945171803, 43.367985613345525 ] ] ], [ [ [ 145.625302775203068, 43.371010559489889 ], [ 145.625237781198848, 43.371152504884378 ], [ 145.625435550210682, 43.371135558959054 ], [ 145.625302775203068, 43.371010559489889 ] ] ], [ [ [ 145.625918884549037, 43.371402225032853 ], [ 145.625943606012811, 43.371312505068204 ], [ 145.625841945749357, 43.371307225148485 ], [ 145.625918884549037, 43.371402225032853 ] ] ], [ [ [ 145.634460829703698, 43.37415583852129 ], [ 145.634387781371174, 43.374059441090481 ], [ 145.634369727481157, 43.374120837806572 ], [ 145.634460829703698, 43.37415583852129 ] ] ], [ [ [ 145.640181115066639, 43.380474441042793 ], [ 145.640126394018012, 43.380389721308745 ], [ 145.640103060208276, 43.38044333349319 ], [ 145.640181115066639, 43.380474441042793 ] ] ], [ [ [ 145.642768339587406, 43.383794441260648 ], [ 145.642817781615463, 43.383720279567399 ], [ 145.642731672428908, 43.383734441191677 ], [ 145.642768339587406, 43.383794441260648 ] ] ], [ [ [ 145.645059727624471, 43.384386667310991 ], [ 145.645084448188868, 43.384291946216536 ], [ 145.645002217778256, 43.384359441235404 ], [ 145.645059727624471, 43.384386667310991 ] ] ], [ [ [ 145.643121114847759, 43.384507775413681 ], [ 145.643063890986014, 43.384408892256715 ], [ 145.643031114294672, 43.38446861353583 ], [ 145.643121114847759, 43.384507775413681 ] ] ], [ [ [ 145.643933060562517, 43.384499999875288 ], [ 145.643883891028963, 43.384428332901393 ], [ 145.643866938808401, 43.384503892141083 ], [ 145.643933060562517, 43.384499999875288 ] ] ], [ [ [ 145.643358053831321, 43.384522224821012 ], [ 145.643278611319033, 43.384475279310834 ], [ 145.643324162879935, 43.384535279379804 ], [ 145.643358053831321, 43.384522224821012 ] ] ], [ [ [ 145.645547781605046, 43.386437224998076 ], [ 145.645531114469577, 43.386520558876839 ], [ 145.645575278376555, 43.386499721585039 ], [ 145.645547781605046, 43.386437224998076 ] ] ], [ [ [ 145.646503332862721, 43.387040000096079 ], [ 145.64657888490774, 43.38698917131336 ], [ 145.646486393232635, 43.3870205594514 ], [ 145.646503332862721, 43.387040000096079 ] ] ], [ [ [ 145.671616938770853, 43.388303613221353 ], [ 145.671643060479028, 43.388196946432117 ], [ 145.671563605376264, 43.388199441151471 ], [ 145.671616938770853, 43.388303613221353 ] ] ], [ [ [ 145.669961945187765, 43.390899170860223 ], [ 145.670113060969129, 43.390927775596538 ], [ 145.670120829312964, 43.39088138676675 ], [ 145.669961945187765, 43.390899170860223 ] ] ], [ [ [ 145.64968639331255, 43.39148777534075 ], [ 145.649881673001005, 43.391528054176547 ], [ 145.649769727191369, 43.39144222557843 ], [ 145.64968639331255, 43.39148777534075 ] ] ], [ [ [ 145.650574448652037, 43.391628333081258 ], [ 145.650526108293434, 43.391876667374447 ], [ 145.650683605664085, 43.391771387339816 ], [ 145.650574448652037, 43.391628333081258 ] ] ], [ [ [ 145.651462218007168, 43.391800000170065 ], [ 145.651467497027511, 43.391731108504018 ], [ 145.651364720705487, 43.39178305424474 ], [ 145.651462218007168, 43.391800000170065 ] ] ], [ [ [ 145.652670271915667, 43.39218555931626 ], [ 145.652665005485801, 43.392115279097027 ], [ 145.652623332700841, 43.392144999892025 ], [ 145.652670271915667, 43.39218555931626 ] ] ], [ [ [ 145.654069999231297, 43.392215558901114 ], [ 145.654179441328324, 43.392124441390024 ], [ 145.654046666320824, 43.39218305380507 ], [ 145.654069999231297, 43.392215558901114 ] ] ], [ [ [ 145.651425836833027, 43.39221000019154 ], [ 145.651339999241713, 43.392168332802498 ], [ 145.651367223518719, 43.392250559615775 ], [ 145.651425836833027, 43.39221000019154 ] ] ], [ [ [ 145.652465836229567, 43.392229440836218 ], [ 145.652386666211896, 43.392178612952819 ], [ 145.652398339412002, 43.392241107741086 ], [ 145.652465836229567, 43.392229440836218 ] ] ], [ [ [ 145.654171672984489, 43.392263613275304 ], [ 145.654135278320609, 43.392324721309024 ], [ 145.654185836407351, 43.392311946439349 ], [ 145.654171672984489, 43.392263613275304 ] ] ], [ [ [ 145.653253890554765, 43.392376667049689 ], [ 145.653206938749349, 43.392297505125953 ], [ 145.653162775741635, 43.392335000559967 ], [ 145.653253890554765, 43.392376667049689 ] ] ], [ [ [ 145.651696666767975, 43.392466387014338 ], [ 145.65172277588556, 43.392397505240865 ], [ 145.651640829660778, 43.392407775498611 ], [ 145.651696666767975, 43.392466387014338 ] ] ], [ [ [ 145.666302217973112, 43.392675278841239 ], [ 145.66641805335064, 43.392573613181867 ], [ 145.666251387391753, 43.392669999820782 ], [ 145.666302217973112, 43.392675278841239 ] ] ], [ [ [ 145.652092217382119, 43.392876666724931 ], [ 145.652005005626734, 43.392836108200015 ], [ 145.65200360538222, 43.392901387289385 ], [ 145.652092217382119, 43.392876666724931 ] ] ], [ [ [ 145.655658612055504, 43.39318666753087 ], [ 145.655638884527093, 43.393099171589654 ], [ 145.655580271212671, 43.393170838563492 ], [ 145.655658612055504, 43.39318666753087 ] ] ], [ [ [ 145.664828053771885, 43.393638612831865 ], [ 145.66474221797921, 43.393586667091199 ], [ 145.664736938958754, 43.393612505512863 ], [ 145.664828053771885, 43.393638612831865 ] ] ], [ [ [ 145.664519441519246, 43.393672505581833 ], [ 145.664428339296592, 43.39362944154567 ], [ 145.664468884331768, 43.393684171587438 ], [ 145.664519441519246, 43.393672505581833 ] ] ], [ [ [ 145.650497496362505, 43.393894720864864 ], [ 145.650535278680309, 43.393794441060777 ], [ 145.650444162967915, 43.393839999816294 ], [ 145.650497496362505, 43.393894720864864 ] ] ], [ [ [ 145.663104448211925, 43.394135838098634 ], [ 145.663032775842112, 43.39408777473119 ], [ 145.663027781906749, 43.394147505003502 ], [ 145.663104448211925, 43.394135838098634 ] ] ], [ [ [ 145.678600271585424, 43.305311946289464 ], [ 145.67851055791607, 43.305217225194951 ], [ 145.678500829949485, 43.305265838048172 ], [ 145.678600271585424, 43.305311946289464 ] ] ], [ [ [ 145.678843332254132, 43.305536667083686 ], [ 145.67891749664534, 43.305425838231997 ], [ 145.678773061028096, 43.305439441377303 ], [ 145.678843332254132, 43.305536667083686 ] ] ], [ [ [ 145.678624720554581, 43.305771107750616 ], [ 145.678998884391149, 43.306072504742474 ], [ 145.679028053901789, 43.305780838415103 ], [ 145.678624720554581, 43.305771107750616 ] ] ], [ [ [ 145.679291945567002, 43.310888332930404 ], [ 145.679303890362462, 43.310786387581913 ], [ 145.679248053255264, 43.310813054279208 ], [ 145.679291945567002, 43.310888332930404 ] ] ], [ [ [ 145.678948053809791, 43.310965000134843 ], [ 145.678919169384358, 43.310865278809729 ], [ 145.67889221760197, 43.310950279132271 ], [ 145.678948053809791, 43.310965000134843 ] ] ], [ [ [ 145.679258884689943, 43.311611386956088 ], [ 145.679164162696111, 43.31160389200619 ], [ 145.679258884689943, 43.311625838162058 ], [ 145.679258884689943, 43.311611386956088 ] ] ], [ [ [ 145.678760829349017, 43.311805838368912 ], [ 145.678748612058939, 43.311701107820056 ], [ 145.678709727172304, 43.311713333203954 ], [ 145.678760829349017, 43.311805838368912 ] ] ], [ [ [ 145.678573332393512, 43.311895559232823 ], [ 145.678738611597851, 43.31197583811462 ], [ 145.678763060567007, 43.311878613307499 ], [ 145.678573332393512, 43.311895559232823 ] ] ], [ [ [ 145.679334162441819, 43.312199441051519 ], [ 145.679536108804541, 43.312133892165548 ], [ 145.679314720897878, 43.312155559531618 ], [ 145.679334162441819, 43.312199441051519 ] ] ], [ [ [ 145.679703605737018, 43.312209170816743 ], [ 145.679640557865582, 43.312206667104192 ], [ 145.67968916981954, 43.312250559415929 ], [ 145.679703605737018, 43.312209170816743 ] ] ], [ [ [ 145.680996393768737, 43.312420559161637 ], [ 145.681147223565745, 43.312369440797227 ], [ 145.680977223820037, 43.312291667426678 ], [ 145.680996393768737, 43.312420559161637 ] ] ], [ [ [ 145.680120557517853, 43.312546946284726 ], [ 145.679832502867839, 43.312328332786478 ], [ 145.679565278315067, 43.312503332762788 ], [ 145.680120557517853, 43.312546946284726 ] ] ], [ [ [ 145.679992775546339, 43.312721946260979 ], [ 145.680051114567505, 43.312639441557167 ], [ 145.679973332203645, 43.312641946169038 ], [ 145.679992775546339, 43.312721946260979 ] ] ], [ [ [ 145.680029441805459, 43.312862775596784 ], [ 145.679990557818201, 43.31278027898685 ], [ 145.679949169218958, 43.312870279539936 ], [ 145.680029441805459, 43.312862775596784 ] ] ], [ [ [ 145.680026938992228, 43.3132080541086 ], [ 145.680126666612523, 43.313118054454833 ], [ 145.680036666958813, 43.313142505222629 ], [ 145.680026938992228, 43.3132080541086 ] ] ], [ [ [ 145.680017223616119, 43.313548054499279 ], [ 145.680080557471911, 43.313458332736047 ], [ 145.680005278820772, 43.313467775617539 ], [ 145.680017223616119, 43.313548054499279 ] ] ], [ [ [ 145.680374448721977, 43.313963613230328 ], [ 145.680391387452801, 43.313883613138387 ], [ 145.680328053597009, 43.313888332780493 ], [ 145.680374448721977, 43.313963613230328 ] ] ], [ [ [ 145.680763332661854, 43.314272505172141 ], [ 145.680821672582283, 43.314133891765835 ], [ 145.680714720708011, 43.314141107925934 ], [ 145.680763332661854, 43.314272505172141 ] ] ], [ [ [ 145.680984448973277, 43.314804721261055 ], [ 145.680967223358834, 43.31472944081122 ], [ 145.680926109052848, 43.314804721261055 ], [ 145.680984448973277, 43.314804721261055 ] ] ], [ [ [ 145.681344162503251, 43.314809440903161 ], [ 145.681268884751375, 43.314756108407835 ], [ 145.681278611818698, 43.31483138705903 ], [ 145.681344162503251, 43.314809440903161 ] ] ], [ [ [ 145.681421945766374, 43.314933612996015 ], [ 145.681477781974195, 43.314838613111647 ], [ 145.681419442053766, 43.314860559267572 ], [ 145.681421945766374, 43.314933612996015 ] ] ], [ [ [ 145.680546938690441, 43.315487775240797 ], [ 145.68067833953387, 43.315395279069037 ], [ 145.680508053803806, 43.315395279069037 ], [ 145.680546938690441, 43.315487775240797 ] ] ], [ [ [ 145.680845836466347, 43.315669440992053 ], [ 145.68092360534024, 43.315584441568888 ], [ 145.680811673020457, 43.315633054422108 ], [ 145.680845836466347, 43.315669440992053 ] ] ], [ [ [ 145.68073138784348, 43.315701107919949 ], [ 145.68071944124938, 43.315606386825436 ], [ 145.680685278702867, 43.315623332750761 ], [ 145.68073138784348, 43.315701107919949 ] ] ], [ [ [ 145.679268611757152, 43.316607774729164 ], [ 145.679246666500603, 43.316476387375531 ], [ 145.679159169660124, 43.316563892309944 ], [ 145.679268611757152, 43.316607774729164 ] ] ], [ [ [ 145.679549169658685, 43.316746387236151 ], [ 145.679510271282197, 43.316671108584956 ], [ 145.679466666753456, 43.316714721207575 ], [ 145.679549169658685, 43.316746387236151 ] ] ], [ [ [ 145.680268612007012, 43.316943333368329 ], [ 145.680194448515181, 43.316884999743138 ], [ 145.68016306037714, 43.316921387212403 ], [ 145.680268612007012, 43.316943333368329 ] ] ], [ [ [ 145.680283333009584, 43.317086667316005 ], [ 145.680329441250933, 43.317008892146816 ], [ 145.680261387753035, 43.317025838072141 ], [ 145.680283333009584, 43.317086667316005 ] ] ], [ [ [ 145.68066583625955, 43.317268892445611 ], [ 145.680615005678192, 43.317205838278994 ], [ 145.680568611452486, 43.317232504976289 ], [ 145.68066583625955, 43.317268892445611 ] ] ], [ [ [ 145.700636666349283, 43.325498054291927 ], [ 145.700227496402022, 43.324947505523141 ], [ 145.699928053636995, 43.325563613070472 ], [ 145.700636666349283, 43.325498054291927 ] ] ], [ [ [ 145.748219727458604, 43.332631946207528 ], [ 145.74812861174621, 43.332437505586597 ], [ 145.748089727758952, 43.332607505332248 ], [ 145.748219727458604, 43.332631946207528 ] ] ], [ [ [ 145.748024162685169, 43.332929720730192 ], [ 145.748123605220371, 43.332759441295366 ], [ 145.747969441636656, 43.332771667578584 ], [ 145.748024162685169, 43.332929720730192 ] ] ], [ [ [ 145.774719727333718, 43.33349444101583 ], [ 145.774220271748277, 43.332597504871103 ], [ 145.773533605191915, 43.332714171222165 ], [ 145.774719727333718, 43.33349444101583 ] ] ], [ [ [ 145.747937496818167, 43.333448053984682 ], [ 145.74816888428677, 43.335715838415354 ], [ 145.749124720629538, 43.333290559312047 ], [ 145.747937496818167, 43.333448053984682 ] ] ], [ [ [ 145.773918611255112, 43.335024170729071 ], [ 145.771256393168187, 43.333610000301462 ], [ 145.770649999198326, 43.334385000067869 ], [ 145.770744448697542, 43.334974440917904 ], [ 145.77299805351754, 43.3351819459902 ], [ 145.772816782568611, 43.335656305993894 ], [ 145.773918611255112, 43.335024170729071 ] ] ], [ [ [ 145.775832217483071, 43.336091666897062 ], [ 145.77431610890153, 43.335024170729071 ], [ 145.77369944197585, 43.335446666830364 ], [ 145.775241114685855, 43.336622775021226 ], [ 145.775832217483071, 43.336091666897062 ] ] ], [ [ [ 145.779979169503235, 43.336134441351533 ], [ 145.779964720995281, 43.336056387392546 ], [ 145.779933605351744, 43.33607333331787 ], [ 145.779979169503235, 43.336134441351533 ] ] ], [ [ [ 145.777087496590866, 43.336615000382153 ], [ 145.776458339880605, 43.337383053785061 ], [ 145.777469999840832, 43.337901108249696 ], [ 145.777806108864979, 43.337031667077952 ], [ 145.777087496590866, 43.336615000382153 ] ] ], [ [ [ 145.75710472080641, 43.337764504828215 ], [ 145.759829195361249, 43.340006306046348 ], [ 145.76213508406704, 43.340732919588731 ], [ 145.75710472080641, 43.337764504828215 ] ] ], [ [ [ 145.761479584415497, 43.339851108242215 ], [ 145.763879636636148, 43.339651224924239 ], [ 145.76388464226261, 43.339574892267649 ], [ 145.761479584415497, 43.339851108242215 ] ] ], [ [ [ 145.767263890716208, 43.343612505612782 ], [ 145.767253332675295, 43.343511946119577 ], [ 145.767154448619067, 43.343511946119577 ], [ 145.767263890716208, 43.343612505612782 ] ] ], [ [ [ 145.76748888490431, 43.343781667190342 ], [ 145.76750722387942, 43.343699720965503 ], [ 145.767431672733665, 43.343706386740507 ], [ 145.76748888490431, 43.343781667190342 ] ] ], [ [ [ 145.774515836636738, 43.345788053775834 ], [ 145.774487223806545, 43.34571527883719 ], [ 145.774394720440228, 43.345716386801996 ], [ 145.774515836636738, 43.345788053775834 ] ] ], [ [ [ 145.775449169243984, 43.346374170731565 ], [ 145.775493332251699, 43.346307775583568 ], [ 145.775393060541546, 43.346319441589117 ], [ 145.775449169243984, 43.346374170731565 ] ] ], [ [ [ 145.775772217414101, 43.346381946269958 ], [ 145.775695278614421, 43.346345558800692 ], [ 145.775688884434658, 43.346396387583411 ], [ 145.775772217414101, 43.346381946269958 ] ] ], [ [ [ 145.775956939061643, 43.346635838373402 ], [ 145.775949169818546, 43.346543333208444 ], [ 145.7758905574035, 43.346579721577029 ], [ 145.775956939061643, 43.346635838373402 ] ] ], [ [ [ 145.775411387825443, 43.346754440964844 ], [ 145.775380271282643, 43.346689441564649 ], [ 145.775345005267923, 43.346721945761374 ], [ 145.775411387825443, 43.346754440964844 ] ] ], [ [ [ 145.775945278452014, 43.349536387594355 ], [ 145.775907497033586, 43.349458332736049 ], [ 145.775873605182937, 43.349514441438487 ], [ 145.775945278452014, 43.349536387594355 ] ] ], [ [ [ 145.77653778149363, 43.349721108342635 ], [ 145.77647778142466, 43.349658613554311 ], [ 145.776462217757285, 43.349679440953594 ], [ 145.77653778149363, 43.349721108342635 ] ] ], [ [ [ 145.776805837019992, 43.349918891743641 ], [ 145.777069169306856, 43.350156108617682 ], [ 145.777127496636808, 43.35009861316064 ], [ 145.776805837019992, 43.349918891743641 ] ] ], [ [ [ 145.77794500555774, 43.350955559151885 ], [ 145.777981387631144, 43.350898053802325 ], [ 145.777908339298619, 43.350913891762843 ], [ 145.77794500555774, 43.350955559151885 ] ] ], [ [ [ 145.779123332376116, 43.35159889187554 ], [ 145.779370829400477, 43.351709441038054 ], [ 145.779219728008229, 43.351506387609845 ], [ 145.779123332376116, 43.35159889187554 ] ] ], [ [ [ 145.779653332535418, 43.352106667089174 ], [ 145.779835550470466, 43.35208972116385 ], [ 145.779661114369105, 43.352024720864335 ], [ 145.779653332535418, 43.352106667089174 ] ] ], [ [ [ 145.781193605900398, 43.352713053864534 ], [ 145.781047781729967, 43.352780838465094 ], [ 145.781194721059705, 43.352771667178843 ], [ 145.781193605900398, 43.352713053864534 ] ] ], [ [ [ 145.780762502387802, 43.352835559513608 ], [ 145.78076639375422, 43.35274833336905 ], [ 145.780718053395617, 43.352827774982018 ], [ 145.780762502387802, 43.352835559513608 ] ] ], [ [ [ 145.78085500575412, 43.352999720860623 ], [ 145.780934162281937, 43.352950278832452 ], [ 145.780822217371565, 43.35296444135605 ], [ 145.78085500575412, 43.352999720860623 ] ] ], [ [ [ 145.781817223686062, 43.352844441218167 ], [ 145.781970557195677, 43.353148054139581 ], [ 145.782048884548544, 43.353115279246879 ], [ 145.781817223686062, 43.352844441218167 ] ] ], [ [ [ 145.782512503049702, 43.353244440778496 ], [ 145.782576393585828, 43.353145278831732 ], [ 145.782476108385822, 43.353162224757057 ], [ 145.782512503049702, 43.353244440778496 ] ] ], [ [ [ 145.782211672630751, 43.3533902793381 ], [ 145.782250830012003, 43.353294999764614 ], [ 145.782158339236162, 43.353327775556579 ], [ 145.782211672630751, 43.3533902793381 ] ] ], [ [ [ 145.78319722347328, 43.353486666876336 ], [ 145.783480000002214, 43.353896946586985 ], [ 145.783673606052275, 43.353804441422028 ], [ 145.78319722347328, 43.353486666876336 ] ] ], [ [ [ 145.784992775696196, 43.354088054320414 ], [ 145.785035551049987, 43.354008613606823 ], [ 145.784966666578612, 43.354016667035694 ], [ 145.784992775696196, 43.354088054320414 ] ] ], [ [ [ 145.78387944198289, 43.354200278919905 ], [ 145.783913332934162, 43.354115559185857 ], [ 145.783843060808749, 43.354144171116786 ], [ 145.78387944198289, 43.354200278919905 ] ] ], [ [ [ 145.783654162709581, 43.354266666873343 ], [ 145.783645005812559, 43.354171666989032 ], [ 145.783594162640725, 43.354240559554341 ], [ 145.783654162709581, 43.354266666873343 ] ] ], [ [ [ 145.786681387736053, 43.355481387456223 ], [ 145.786824720784466, 43.355446386741505 ], [ 145.786747781984786, 43.355361387318339 ], [ 145.786681387736053, 43.355481387456223 ] ] ], [ [ [ 145.790812502695076, 43.355801667513106 ], [ 145.790881388065827, 43.355718332735023 ], [ 145.790790271454057, 43.355728892574518 ], [ 145.790812502695076, 43.355801667513106 ] ] ], [ [ [ 145.789058611565906, 43.355951387546668 ], [ 145.789046938365686, 43.355875838199552 ], [ 145.788980557606806, 43.355928053736875 ], [ 145.789058611565906, 43.355951387546668 ] ] ], [ [ [ 145.790808611328544, 43.355899171110025 ], [ 145.791029727639966, 43.356211946324436 ], [ 145.791145550427018, 43.356132505610788 ], [ 145.790808611328544, 43.355899171110025 ] ] ], [ [ [ 145.789552217960704, 43.35622889224976 ], [ 145.789566393974042, 43.356106387499949 ], [ 145.789471672879586, 43.356215838590231 ], [ 145.789552217960704, 43.35622889224976 ] ] ], [ [ [ 145.807619441384304, 43.362141387015583 ], [ 145.807357781836345, 43.361659441230415 ], [ 145.806350271348151, 43.362011108526019 ], [ 145.806654163059306, 43.362169441366802 ], [ 145.807619441384304, 43.362141387015583 ] ] ], [ [ [ 145.80581000003167, 43.364841107731081 ], [ 145.805778884388133, 43.364785279617138 ], [ 145.805755278983156, 43.364833333092008 ], [ 145.80581000003167, 43.364841107731081 ] ] ], [ [ [ 145.808883890879088, 43.366306107840785 ], [ 145.808938611927601, 43.366252775345458 ], [ 145.808873605332792, 43.366268333616858 ], [ 145.808883890879088, 43.366306107840785 ] ] ], [ [ [ 145.809171387949391, 43.366557505224876 ], [ 145.809208053309248, 43.366462505340508 ], [ 145.809141672550368, 43.366457225420788 ], [ 145.809171387949391, 43.366557505224876 ] ] ], [ [ [ 145.811207781314238, 43.367709721126914 ], [ 145.811240272021109, 43.367626387248151 ], [ 145.811180557936609, 43.367652224770495 ], [ 145.811207781314238, 43.367709721126914 ] ] ], [ [ [ 145.811363891030965, 43.367924170764013 ], [ 145.811388611595362, 43.367838612861874 ], [ 145.811310557636261, 43.367826387477976 ], [ 145.811363891030965, 43.367924170764013 ] ] ], [ [ [ 145.811163332322053, 43.367943613207331 ], [ 145.811237781798354, 43.367912504758465 ], [ 145.81112693855755, 43.367842225438494 ], [ 145.811163332322053, 43.367943613207331 ] ] ], [ [ [ 145.811843332204148, 43.368083053989892 ], [ 145.811860271834234, 43.368016666935773 ], [ 145.811791114868242, 43.368033612861097 ], [ 145.811843332204148, 43.368083053989892 ] ] ], [ [ [ 145.811578884757864, 43.368081946025143 ], [ 145.81163111468436, 43.368036108479771 ], [ 145.811575005981922, 43.368059721079419 ], [ 145.811578884757864, 43.368081946025143 ] ] ], [ [ [ 145.811861114499038, 43.368692504755472 ], [ 145.811883332250204, 43.368613054149307 ], [ 145.811807782003712, 43.368671667463673 ], [ 145.811861114499038, 43.368692504755472 ] ] ], [ [ [ 145.807455278238649, 43.377537505251837 ], [ 145.807413605453689, 43.377471108305144 ], [ 145.807403332497984, 43.377548054299439 ], [ 145.807455278238649, 43.377537505251837 ] ] ], [ [ [ 145.807390271643953, 43.377801667613028 ], [ 145.807449999218306, 43.377743054298662 ], [ 145.807370557605282, 43.377776946149311 ], [ 145.807390271643953, 43.377801667613028 ] ] ], [ [ [ 145.807692217222211, 43.377900558863871 ], [ 145.807830271250168, 43.377954171048316 ], [ 145.807848339529414, 43.377911107911473 ], [ 145.807692217222211, 43.377900558863871 ] ] ], [ [ [ 145.80997306070833, 43.378982775135114 ], [ 145.810022775231118, 43.3789177748356 ], [ 145.80992500543482, 43.378916387181675 ], [ 145.80997306070833, 43.378982775135114 ] ] ], [ [ [ 145.719188053286189, 43.383986387162224 ], [ 145.719413332559384, 43.384267505341256 ], [ 145.719559169320405, 43.384096946217255 ], [ 145.719188053286189, 43.383986387162224 ] ] ], [ [ [ 145.700105278535943, 43.384768333292129 ], [ 145.70032666644272, 43.38497666753932 ], [ 145.700443890373435, 43.384831945937719 ], [ 145.700105278535943, 43.384768333292129 ] ] ], [ [ [ 145.700903060827727, 43.385244721267043 ], [ 145.701071114440538, 43.38512361316441 ], [ 145.700871945184304, 43.385127505430205 ], [ 145.700903060827727, 43.385244721267043 ] ] ], [ [ [ 145.706588884169832, 43.385352774810883 ], [ 145.706504162637202, 43.385307225048564 ], [ 145.706505550291126, 43.385339999941209 ], [ 145.706588884169832, 43.385352774810883 ] ] ], [ [ [ 145.706871387304886, 43.385372505037253 ], [ 145.706851672366952, 43.385298333451487 ], [ 145.706807496768761, 43.385325559527132 ], [ 145.706871387304886, 43.385372505037253 ] ] ], [ [ [ 145.706471672829593, 43.385438892091372 ], [ 145.706410557601316, 43.385389441070004 ], [ 145.706370271570904, 43.385432225417048 ], [ 145.706471672829593, 43.385438892091372 ] ] ], [ [ [ 145.687446393536447, 43.386180278796985 ], [ 145.68736167290308, 43.386094441205671 ], [ 145.687370829800102, 43.386205000260702 ], [ 145.687446393536447, 43.386180278796985 ] ] ], [ [ [ 145.690759727979298, 43.386163332871661 ], [ 145.690956393522924, 43.38617110841011 ], [ 145.690767781408113, 43.386077505172864 ], [ 145.690759727979298, 43.386163332871661 ] ] ], [ [ [ 145.680302502958284, 43.38885305402539 ], [ 145.680245278197162, 43.388809999881744 ], [ 145.680236108709664, 43.388840000365917 ], [ 145.680302502958284, 43.38885305402539 ] ] ], [ [ [ 145.680006666474696, 43.388964999835025 ], [ 145.680051114567505, 43.388849170752792 ], [ 145.679948054059651, 43.388875278971113 ], [ 145.680006666474696, 43.388964999835025 ] ] ], [ [ [ 145.680396108893433, 43.388967505346272 ], [ 145.680405278381045, 43.388891946106583 ], [ 145.680351945885718, 43.388914171052306 ], [ 145.680396108893433, 43.388967505346272 ] ] ], [ [ [ 145.783589753264664, 43.389047919126313 ], [ 145.783031504500514, 43.389182414536947 ], [ 145.785718079825756, 43.389909440868166 ], [ 145.783589753264664, 43.389047919126313 ] ] ], [ [ [ 145.7799750056422, 43.392227505495157 ], [ 145.780037223439308, 43.39250110803988 ], [ 145.780159727289742, 43.392400838128367 ], [ 145.7799750056422, 43.392227505495157 ] ] ], [ [ [ 145.781081672681239, 43.392885279532209 ], [ 145.780426666757421, 43.392432225367088 ], [ 145.780246939045128, 43.392633892040635 ], [ 145.781081672681239, 43.392885279532209 ] ] ], [ [ [ 145.781758611271016, 43.39271083803493 ], [ 145.781752217990629, 43.392615838150562 ], [ 145.78168194586533, 43.392643054333632 ], [ 145.781758611271016, 43.39271083803493 ] ] ], [ [ [ 145.772091672692682, 43.393157225525727 ], [ 145.77223221784277, 43.393075000511033 ], [ 145.772040829520847, 43.393103613341225 ], [ 145.772091672692682, 43.393157225525727 ] ] ], [ [ [ 145.781418884274217, 43.393126108083607 ], [ 145.780955278363535, 43.393067505561078 ], [ 145.781447496205146, 43.393181946090124 ], [ 145.781418884274217, 43.393126108083607 ] ] ], [ [ [ 145.783457496266578, 43.393920559286528 ], [ 145.783262502562593, 43.393467225432289 ], [ 145.782918611704758, 43.393693892359408 ], [ 145.783457496266578, 43.393920559286528 ] ] ], [ [ [ 145.783814448877934, 43.394091108518012 ], [ 145.783578611563826, 43.394031108449042 ], [ 145.783559170019885, 43.394063613545086 ], [ 145.783814448877934, 43.394091108518012 ] ] ], [ [ [ 145.783284448718518, 43.394146946524529 ], [ 145.783344162803019, 43.39406610826444 ], [ 145.783285550387973, 43.394061108033895 ], [ 145.783284448718518, 43.394146946524529 ] ] ], [ [ [ 145.750913605278811, 43.397421387087491 ], [ 145.751250829462379, 43.397530838177829 ], [ 145.750906938604544, 43.397356386787976 ], [ 145.750913605278811, 43.397421387087491 ] ] ], [ [ [ 145.763278340023589, 43.398222504964792 ], [ 145.763360271859256, 43.398163892549746 ], [ 145.763196393798694, 43.398179440928629 ], [ 145.763278340023589, 43.398222504964792 ] ] ], [ [ [ 145.812341672630282, 43.368632775382423 ], [ 145.812389999499032, 43.368541387175469 ], [ 145.812313060699353, 43.36858305456451 ], [ 145.812341672630282, 43.368632775382423 ] ] ], [ [ [ 145.812155278243722, 43.368625838012179 ], [ 145.812026393703263, 43.3688630539869 ], [ 145.812208885032192, 43.368787505539103 ], [ 145.812155278243722, 43.368625838012179 ] ] ], [ [ [ 145.814723332815788, 43.369011387265857 ], [ 145.814788339410484, 43.368918891993417 ], [ 145.814732502303286, 43.368929441041018 ], [ 145.814723332815788, 43.369011387265857 ] ] ], [ [ [ 145.813203605362332, 43.369222225225656 ], [ 145.813247781859786, 43.369151945905742 ], [ 145.813164448880343, 43.369191107783536 ], [ 145.813203605362332, 43.369222225225656 ] ] ], [ [ [ 145.89010046696319, 43.381549414174287 ], [ 145.890299389805136, 43.38108072079882 ], [ 145.88996700397422, 43.38112244124784 ], [ 145.89010046696319, 43.381549414174287 ] ] ], [ [ [ 145.890770077876937, 43.381446667529872 ], [ 145.89101968830812, 43.381189748308429 ], [ 145.890817522510815, 43.381193467904382 ], [ 145.890770077876937, 43.381446667529872 ] ] ], [ [ [ 145.891947885786522, 43.38162255873425 ], [ 145.891412113778188, 43.381303838101815 ], [ 145.891483968710418, 43.381701108219715 ], [ 145.891947885786522, 43.38162255873425 ] ] ], [ [ [ 145.81542306022618, 43.381568892590508 ], [ 145.815586938286742, 43.381515279506687 ], [ 145.81539693851812, 43.381524440900421 ], [ 145.81542306022618, 43.381568892590508 ] ] ], [ [ [ 145.814855550243578, 43.381714441568363 ], [ 145.814591114488508, 43.381667774848097 ], [ 145.814588611675276, 43.381804171425529 ], [ 145.814855550243578, 43.381714441568363 ] ] ], [ [ [ 145.815916393227099, 43.381760000323936 ], [ 145.816023060915654, 43.381779440968614 ], [ 145.815930557549336, 43.38172222520069 ], [ 145.815916393227099, 43.381760000323936 ] ] ], [ [ [ 145.890738392063327, 43.381975775561784 ], [ 145.890365550230172, 43.381780639764884 ], [ 145.890285031229382, 43.381844027579973 ], [ 145.890738392063327, 43.381975775561784 ] ] ], [ [ [ 145.816213332279631, 43.382146667434938 ], [ 145.816351387206964, 43.382341946224017 ], [ 145.816431945777822, 43.382297775122368 ], [ 145.816213332279631, 43.382146667434938 ] ] ], [ [ [ 145.89015747049109, 43.385563225162855 ], [ 145.894155693530593, 43.384606306036346 ], [ 145.892250558017054, 43.38177217084916 ], [ 145.890583994655799, 43.382272081491521 ], [ 145.891356303650696, 43.384481170769561 ], [ 145.89015747049109, 43.385563225162855 ] ] ], [ [ [ 145.894417172314775, 43.38418817074762 ], [ 145.894759973194368, 43.383820278782991 ], [ 145.894554772185188, 43.383615387140594 ], [ 145.894417172314775, 43.38418817074762 ] ] ], [ [ [ 145.869920051669283, 43.38497219790878 ], [ 145.87050875417583, 43.384719919189081 ], [ 145.869967197728215, 43.384691693966658 ], [ 145.869920051669283, 43.38497219790878 ] ] ], [ [ [ 145.894132113306568, 43.385004891862422 ], [ 145.894306419905547, 43.384798359856575 ], [ 145.894068222770443, 43.384939441002587 ], [ 145.894132113306568, 43.385004891862422 ] ] ], [ [ [ 145.817215836241985, 43.384944441233131 ], [ 145.817313606038283, 43.384871667193863 ], [ 145.817208053509034, 43.384868891886015 ], [ 145.817215836241985, 43.384944441233131 ] ] ], [ [ [ 145.817482502315784, 43.385286946235738 ], [ 145.817533332897142, 43.38522555941222 ], [ 145.817433060287726, 43.385233333151973 ], [ 145.817482502315784, 43.385286946235738 ] ] ], [ [ [ 145.891915719734811, 43.385909586458411 ], [ 145.891987781511034, 43.385830251864775 ], [ 145.891923332495935, 43.385852838337996 ], [ 145.891915719734811, 43.385909586458411 ] ] ], [ [ [ 145.889866419300006, 43.387127000510816 ], [ 145.889791387962418, 43.38717377514979 ], [ 145.889887561461933, 43.38717819801559 ], [ 145.889866419300006, 43.387127000510816 ] ] ], [ [ [ 145.876865615655788, 43.388912224919409 ], [ 145.876764968029079, 43.388729225473526 ], [ 145.876690920549777, 43.388809053794944 ], [ 145.876865615655788, 43.388912224919409 ] ] ], [ [ [ 145.87566946787183, 43.388967640244573 ], [ 145.875780505366265, 43.389013135148218 ], [ 145.875755939485202, 43.38894997306295 ], [ 145.87566946787183, 43.388967640244573 ] ] ], [ [ [ 145.876698274306136, 43.389060252428862 ], [ 145.876752671598638, 43.389001640013817 ], [ 145.876687638923613, 43.388965505254021 ], [ 145.876698274306136, 43.389060252428862 ] ] ], [ [ [ 145.877363190758842, 43.389095108352763 ], [ 145.877216134517198, 43.389056747770837 ], [ 145.877236303612676, 43.389110171097684 ], [ 145.877363190758842, 43.389095108352763 ] ] ], [ [ [ 145.877592502592051, 43.389430505113864 ], [ 145.877424837486387, 43.389445027366264 ], [ 145.877482554176709, 43.389498586490731 ], [ 145.877592502592051, 43.389430505113864 ] ] ], [ [ [ 145.877893138757486, 43.389639892467244 ], [ 145.8778178852873, 43.389483748576311 ], [ 145.877785719235703, 43.389620585821547 ], [ 145.877893138757486, 43.389639892467244 ] ] ], [ [ [ 145.875268663418296, 43.38968874813736 ], [ 145.875367716547089, 43.389528864865383 ], [ 145.875166588567367, 43.389391864842878 ], [ 145.875268663418296, 43.38968874813736 ] ] ], [ [ [ 145.877030725787563, 43.389623720858197 ], [ 145.877408274672348, 43.389570468402553 ], [ 145.876998028236585, 43.389578865372528 ], [ 145.877030725787563, 43.389623720858197 ] ] ], [ [ [ 145.876347781525055, 43.389695386932715 ], [ 145.8768956674013, 43.389602027411797 ], [ 145.876340336937233, 43.389555440731158 ], [ 145.876347781525055, 43.389695386932715 ] ] ], [ [ [ 145.875476277308508, 43.389818558979471 ], [ 145.875903605467215, 43.390244721616796 ], [ 145.876047755999366, 43.38973219798271 ], [ 145.875476277308508, 43.389818558979471 ] ] ], [ [ [ 145.876428105372952, 43.390638801839373 ], [ 145.876349779818611, 43.390448640192744 ], [ 145.876354915846832, 43.390648721361572 ], [ 145.876428105372952, 43.390638801839373 ] ] ], [ [ [ 145.835711166637225, 43.390640720992621 ], [ 145.835840855171455, 43.390572413885934 ], [ 145.835703968463577, 43.390609919212579 ], [ 145.835711166637225, 43.390640720992621 ] ] ], [ [ [ 145.837807781304264, 43.391332000171815 ], [ 145.837930751902832, 43.391289468534296 ], [ 145.837790440576555, 43.391271000056747 ], [ 145.837807781304264, 43.391332000171815 ] ] ], [ [ [ 145.836370168248891, 43.391533946534594 ], [ 145.836407950566695, 43.391638640211227 ], [ 145.836466743745405, 43.391607135161337 ], [ 145.836370168248891, 43.391533946534594 ] ] ], [ [ [ 145.858380855891937, 43.396090108072201 ], [ 145.858269804907764, 43.396016865486104 ], [ 145.858259299926885, 43.396065306568801 ], [ 145.858380855891937, 43.396090108072201 ] ] ], [ [ [ 145.857562308254046, 43.396548747926545 ], [ 145.85744494133121, 43.396442613535953 ], [ 145.857356640496732, 43.396508612982245 ], [ 145.857562308254046, 43.396548747926545 ] ] ], [ [ [ 145.908753021335087, 43.414796387043793 ], [ 145.908799441641122, 43.414501386929658 ], [ 145.908656355006997, 43.414758558860569 ], [ 145.908753021335087, 43.414796387043793 ] ] ], [ [ [ 145.909147562010503, 43.415083386789036 ], [ 145.909141283843383, 43.415200838248268 ], [ 145.909207587260539, 43.415155559181869 ], [ 145.909147562010503, 43.415083386789036 ] ] ], [ [ [ 145.908919169284445, 43.4155350811792 ], [ 145.908939999381687, 43.415354505406242 ], [ 145.908819467744365, 43.415349198506874 ], [ 145.908919169284445, 43.4155350811792 ] ] ], [ [ [ 145.908283800057461, 43.415623414389245 ], [ 145.908220584012952, 43.41602838720047 ], [ 145.90850503148215, 43.415842892135913 ], [ 145.908283800057461, 43.415623414389245 ] ] ], [ [ [ 145.899207781713926, 43.41641455878505 ], [ 145.899104915459702, 43.416190441435901 ], [ 145.898987249961806, 43.416302054496384 ], [ 145.899207781713926, 43.41641455878505 ] ] ], [ [ [ 145.899581633485809, 43.416238467931123 ], [ 145.90016778191773, 43.416439891787718 ], [ 145.900211024919031, 43.416342505102705 ], [ 145.899581633485809, 43.416238467931123 ] ] ], [ [ [ 145.900817301977099, 43.416751612996734 ], [ 145.900721088907289, 43.416568467860657 ], [ 145.900736912478692, 43.416740000051107 ], [ 145.900817301977099, 43.416751612996734 ] ] ], [ [ [ 145.904891413408222, 43.416783171106601 ], [ 145.904891802814632, 43.416651838611642 ], [ 145.904816666256352, 43.41674966686378 ], [ 145.904891413408222, 43.416783171106601 ] ] ], [ [ [ 145.905155446267031, 43.416517532058606 ], [ 145.905380635608026, 43.417154108175737 ], [ 145.90523933862471, 43.416483468437491 ], [ 145.905155446267031, 43.416517532058606 ] ] ], [ [ [ 145.905742191848844, 43.416797224812228 ], [ 145.90564780800014, 43.416843135202669 ], [ 145.905734915434209, 43.416935613388034 ], [ 145.905742191848844, 43.416797224812228 ] ] ], [ [ [ 145.938250388744677, 43.416853026845899 ], [ 145.938415278542493, 43.41690453191876 ], [ 145.938391724398684, 43.416830135502494 ], [ 145.938250388744677, 43.416853026845899 ] ] ], [ [ [ 145.904920219592668, 43.416932999958135 ], [ 145.904838780585465, 43.417150134970939 ], [ 145.904939273528839, 43.417085414360542 ], [ 145.904920219592668, 43.416932999958135 ] ] ], [ [ [ 145.906056834955166, 43.417844864848803 ], [ 145.90599247677153, 43.417934135152393 ], [ 145.906102139202517, 43.417912027118518 ], [ 145.906056834955166, 43.417844864848803 ] ] ], [ [ [ 145.907289169659634, 43.418305027255371 ], [ 145.907377249260776, 43.418281505487244 ], [ 145.907281504737853, 43.418262359820233 ], [ 145.907289169659634, 43.418305027255371 ] ] ], [ [ [ 145.892478859012272, 43.420798305897279 ], [ 145.893148948365479, 43.421268305987724 ], [ 145.893435083862187, 43.421104640167187 ], [ 145.892478859012272, 43.420798305897279 ] ] ], [ [ [ 145.893635836824615, 43.42125400047189 ], [ 145.893600894565793, 43.421181198553654 ], [ 145.893548196991901, 43.421268865366017 ], [ 145.893635836824615, 43.42125400047189 ] ] ], [ [ [ 145.929621413497557, 43.421246973169445 ], [ 145.929673695584711, 43.421300333543741 ], [ 145.929684162794047, 43.421262224772022 ], [ 145.929621413497557, 43.421246973169445 ] ] ], [ [ [ 145.931859000492636, 43.421277468280721 ], [ 145.931811945265281, 43.421349865504055 ], [ 145.931906056619368, 43.421361305779783 ], [ 145.931859000492636, 43.421277468280721 ] ] ], [ [ [ 145.932986226033677, 43.422265306099177 ], [ 145.933193916366349, 43.42205194644032 ], [ 145.933088858464203, 43.422019667074153 ], [ 145.932986226033677, 43.422265306099177 ] ] ], [ [ [ 145.933959727759429, 43.422265467977127 ], [ 145.933781698866483, 43.422280170993247 ], [ 145.933960894180132, 43.422480000351925 ], [ 145.933959727759429, 43.422265467977127 ] ] ], [ [ [ 145.9345323602804, 43.42276230653539 ], [ 145.934608780171288, 43.422501946507793 ], [ 145.934476808258296, 43.42251805426497 ], [ 145.9345323602804, 43.42276230653539 ] ] ], [ [ [ 145.93613530470077, 43.422649721307778 ], [ 145.936070362857095, 43.422719972748723 ], [ 145.936162580239056, 43.422703559222043 ], [ 145.93613530470077, 43.422649721307778 ] ] ], [ [ [ 145.935649000800936, 43.422871441064331 ], [ 145.935465745947567, 43.422784134880089 ], [ 145.935410998818725, 43.422857586108876 ], [ 145.935649000800936, 43.422871441064331 ] ] ], [ [ [ 145.892562580498861, 43.423329468480347 ], [ 145.892627885668617, 43.423042892315777 ], [ 145.892461192730025, 43.423085973439072 ], [ 145.892562580498861, 43.423329468480347 ] ] ], [ [ [ 145.886855421640576, 43.424884972763437 ], [ 145.887092723950218, 43.425060441286519 ], [ 145.887384642987058, 43.424965026814675 ], [ 145.886855421640576, 43.424884972763437 ] ] ], [ [ [ 145.887307885850419, 43.425549891914159 ], [ 145.88731708141836, 43.425443027274071 ], [ 145.887213942669518, 43.425536694363132 ], [ 145.887307885850419, 43.425549891914159 ] ] ], [ [ [ 145.888420725835999, 43.4250251707752 ], [ 145.887005446544322, 43.425221026929023 ], [ 145.888437223898904, 43.426066531745221 ], [ 145.888420725835999, 43.4250251707752 ] ] ], [ [ [ 145.940456588500979, 43.436561802585288 ], [ 145.940527275213753, 43.436543504978943 ], [ 145.940478715420568, 43.436535838258521 ], [ 145.940456588500979, 43.436561802585288 ] ] ], [ [ [ 145.940294811256763, 43.4373669997874 ], [ 145.940224746874719, 43.437422027504738 ], [ 145.94028830106447, 43.437411107936441 ], [ 145.940294811256763, 43.4373669997874 ] ] ], [ [ [ 145.887136471471194, 43.462178414602306 ], [ 145.891301607783134, 43.461463721573637 ], [ 145.889181970471782, 43.459956721325796 ], [ 145.892455031474697, 43.455246558981685 ], [ 145.893914837999546, 43.45442438707596 ], [ 145.893675226230926, 43.453556170780814 ], [ 145.891895057810871, 43.452923775611907 ], [ 145.892941218462624, 43.451141973123754 ], [ 145.897925031914838, 43.4486483059747 ], [ 145.905094772605821, 43.447646532261842 ], [ 145.917114227939464, 43.44659505391877 ], [ 145.926629780040457, 43.447962865194256 ], [ 145.933221750383609, 43.454344252085718 ], [ 145.933324188560618, 43.455242440986012 ], [ 145.931941607719182, 43.455966198281601 ], [ 145.935062891939083, 43.457320505337236 ], [ 145.93719944190093, 43.456870107769419 ], [ 145.942797911394678, 43.457100198415617 ], [ 145.949975187505061, 43.454325838466843 ], [ 145.9500518547095, 43.452214054035551 ], [ 145.948471802531799, 43.451415386810822 ], [ 145.940908832376863, 43.450690973010182 ], [ 145.937447249191337, 43.449046801868576 ], [ 145.934379830764783, 43.443640279175725 ], [ 145.934150362449486, 43.440366919597807 ], [ 145.936672580375443, 43.436965440802624 ], [ 145.939908585712828, 43.437383864773722 ], [ 145.941189389379019, 43.43524222554845 ], [ 145.943818663500679, 43.434706333030988 ], [ 145.94453571994768, 43.433878945956735 ], [ 145.944396938368186, 43.431701802396447 ], [ 145.945684383527691, 43.429834504958592 ], [ 145.949031996529584, 43.429975613084252 ], [ 145.948766277441905, 43.428819919503837 ], [ 145.950805421832911, 43.427848559063932 ], [ 145.950940414568663, 43.4268540815508 ], [ 145.955531244971212, 43.42502138732732 ], [ 145.953875641647755, 43.424342306552376 ], [ 145.952686808949238, 43.424937135240782 ], [ 145.949512606821486, 43.423354251997296 ], [ 145.94454674383735, 43.42265125195388 ], [ 145.941094422769538, 43.423095667231451 ], [ 145.939196860446941, 43.422516667510365 ], [ 145.936922113464902, 43.423212224764541 ], [ 145.934039415786629, 43.422850414015556 ], [ 145.933530051470825, 43.42229619781142 ], [ 145.932018780342673, 43.424243135612357 ], [ 145.92636055719413, 43.424381197734249 ], [ 145.920357755206396, 43.426731838503713 ], [ 145.912252282516988, 43.426173252493754 ], [ 145.908564577393463, 43.42466891873579 ], [ 145.908690245958269, 43.422307720824847 ], [ 145.906519689032621, 43.42092025216806 ], [ 145.905380440455133, 43.417330973345884 ], [ 145.898766445715069, 43.416761505539228 ], [ 145.900065887830692, 43.418017720841306 ], [ 145.901511633455243, 43.418462892448701 ], [ 145.901851555604935, 43.417803081447232 ], [ 145.904828170383894, 43.419103440871254 ], [ 145.904747172943871, 43.4207795865089 ], [ 145.903449610411371, 43.422680972748879 ], [ 145.901512775594256, 43.422549468483339 ], [ 145.900581192168488, 43.423472694509428 ], [ 145.902226108848026, 43.425712135007188 ], [ 145.899645576182593, 43.427446359761859 ], [ 145.896164526272059, 43.427733252487769 ], [ 145.89519167295748, 43.426130505018932 ], [ 145.894089493535489, 43.42586674825202 ], [ 145.894464577378471, 43.424732170753259 ], [ 145.892840946752472, 43.423355946320044 ], [ 145.892385226996794, 43.424451108332164 ], [ 145.893258274449977, 43.42746919804523 ], [ 145.890986783013773, 43.428565198225499 ], [ 145.896618443786338, 43.429918837984133 ], [ 145.89956007763567, 43.434567667464023 ], [ 145.900321750348667, 43.437697720973233 ], [ 145.899815745900128, 43.44013869414556 ], [ 145.896803280547147, 43.44633438722235 ], [ 145.89285905280326, 43.44878197310976 ], [ 145.887649078742129, 43.448318919382814 ], [ 145.885619468064192, 43.451139333613526 ], [ 145.882438910427595, 43.45248864043856 ], [ 145.874280362448985, 43.451109252190406 ], [ 145.872306355054434, 43.449150441539814 ], [ 145.870460388636161, 43.451201278916074 ], [ 145.866209727696969, 43.451294224748835 ], [ 145.866301750825301, 43.45224400056037 ], [ 145.862635524210305, 43.454458919243905 ], [ 145.863044746318224, 43.455857586258787 ], [ 145.862903838741317, 43.456548919397278 ], [ 145.86353538225228, 43.456778027084454 ], [ 145.869321828939405, 43.457094027267715 ], [ 145.872624253706476, 43.455775586074594 ], [ 145.877336834327593, 43.455809973451665 ], [ 145.88479905253439, 43.457672251773147 ], [ 145.888872775458367, 43.459968252433043 ], [ 145.889185524592449, 43.461156612987452 ], [ 145.887136471471194, 43.462178414602306 ] ] ], [ [ [ 145.884468144289599, 43.44711755912823 ], [ 145.884441996501096, 43.447060414406792 ], [ 145.884426303331452, 43.447090892430936 ], [ 145.884468144289599, 43.44711755912823 ] ] ], [ [ [ 145.884619779879131, 43.447391837963096 ], [ 145.884750466660876, 43.447391837963096 ], [ 145.884625005839553, 43.447349918763905 ], [ 145.884619779879131, 43.447391837963096 ] ] ], [ [ [ 145.884112606311874, 43.447784197782653 ], [ 145.884170117057465, 43.447654667529036 ], [ 145.883929610463383, 43.447799414311703 ], [ 145.884112606311874, 43.447784197782653 ] ] ], [ [ [ 145.872530051520812, 43.44866472130002 ], [ 145.872518494333235, 43.44852383800486 ], [ 145.872448222207822, 43.44860755949145 ], [ 145.872530051520812, 43.44866472130002 ] ] ], [ [ [ 145.872677976507589, 43.448830693881575 ], [ 145.872532411341922, 43.448779973017508 ], [ 145.872659584472444, 43.448860505508094 ], [ 145.872677976507589, 43.448830693881575 ] ] ], [ [ [ 145.872636614888052, 43.449107775003995 ], [ 145.872603747365247, 43.448948441217738 ], [ 145.872475667718049, 43.449026360278481 ], [ 145.872636614888052, 43.449107775003995 ] ] ], [ [ [ 145.909168780614891, 43.451895613092233 ], [ 145.909372437488173, 43.452113919022338 ], [ 145.909695031500632, 43.451596721611565 ], [ 145.909168780614891, 43.451895613092233 ] ] ], [ [ [ 145.86425474635962, 43.452159748473775 ], [ 145.86395671822811, 43.4519845317609 ], [ 145.86425474635962, 43.452205468207978 ], [ 145.86425474635962, 43.452159748473775 ] ] ], [ [ [ 145.864479584965011, 43.452601613273998 ], [ 145.864416834769258, 43.452514000420933 ], [ 145.864375005502325, 43.452536864784634 ], [ 145.864479584965011, 43.452601613273998 ] ] ], [ [ [ 145.910950168515683, 43.452909945837519 ], [ 145.911275252750897, 43.452845387105071 ], [ 145.910759416014457, 43.452422225505472 ], [ 145.910950168515683, 43.452909945837519 ] ] ], [ [ [ 145.911871672339998, 43.453910838214767 ], [ 145.911873721894949, 43.454026586358054 ], [ 145.911920051369407, 43.453998891735637 ], [ 145.911871672339998, 43.453910838214767 ] ] ], [ [ [ 145.862336277497434, 43.454085251833078 ], [ 145.862587249502099, 43.45401097322798 ], [ 145.862571555433078, 43.453953838399116 ], [ 145.862336277497434, 43.454085251833078 ] ] ], [ [ [ 145.862171555872806, 43.45401097322798 ], [ 145.862242140062904, 43.454090973319921 ], [ 145.862312723353625, 43.45401097322798 ], [ 145.862171555872806, 43.45401097322798 ] ] ], [ [ [ 145.893992671624687, 43.454648505324428 ], [ 145.893874474627523, 43.454659171283879 ], [ 145.893989169664678, 43.454690865191424 ], [ 145.893992671624687, 43.454648505324428 ] ] ], [ [ [ 145.862447522735124, 43.454633081052009 ], [ 145.862358637341458, 43.454808278879113 ], [ 145.862478910873165, 43.454796865583035 ], [ 145.862447522735124, 43.454633081052009 ] ] ], [ [ [ 145.86213596520281, 43.455032774842834 ], [ 145.862669584234141, 43.455694504997552 ], [ 145.862389493980118, 43.455154748093321 ], [ 145.86213596520281, 43.455032774842834 ] ] ], [ [ [ 145.931548222672518, 43.45600972097202 ], [ 145.931506614638693, 43.455898532391529 ], [ 145.931363216839145, 43.455943054228726 ], [ 145.931548222672518, 43.45600972097202 ] ] ], [ [ [ 145.862818780862199, 43.456011918915067 ], [ 145.862808301062387, 43.45620236025087 ], [ 145.86285014291991, 43.456229026948222 ], [ 145.862818780862199, 43.456011918915067 ] ] ], [ [ [ 145.862552943963351, 43.456607892440445 ], [ 145.862686199208952, 43.45666164042251 ], [ 145.862615965754344, 43.456577837996974 ], [ 145.862552943963351, 43.456607892440445 ] ] ], [ [ [ 145.9330284698882, 43.456681000128242 ], [ 145.932896860401911, 43.456777080997654 ], [ 145.933053164372268, 43.456725946445431 ], [ 145.9330284698882, 43.456681000128242 ] ] ], [ [ [ 145.862898105563318, 43.456788198416803 ], [ 145.862706160561061, 43.456768801838905 ], [ 145.862899921294456, 43.456858946283489 ], [ 145.862898105563318, 43.456788198416803 ] ] ], [ [ [ 145.863105862445764, 43.456884171367562 ], [ 145.863103606046707, 43.45677746860548 ], [ 145.863042632911402, 43.456817054063947 ], [ 145.863105862445764, 43.456884171367562 ] ] ], [ [ [ 145.933808520247226, 43.456850306496619 ], [ 145.933887081423791, 43.456930414507212 ], [ 145.933934227482837, 43.456924693919632 ], [ 145.933808520247226, 43.456850306496619 ] ] ], [ [ [ 145.938702891625326, 43.45714944079424 ], [ 145.938759338472892, 43.457218532109721 ], [ 145.938787055578359, 43.457158837810312 ], [ 145.938702891625326, 43.45714944079424 ] ] ], [ [ [ 145.936295862464249, 43.45717119809251 ], [ 145.93623752254382, 43.457244802206048 ], [ 145.9363296104234, 43.457216441186006 ], [ 145.936295862464249, 43.45717119809251 ] ] ], [ [ [ 145.868804227733108, 43.457303332782772 ], [ 145.868592282707823, 43.457249973307796 ], [ 145.868546886729632, 43.457288892368638 ], [ 145.868804227733108, 43.457303332782772 ] ] ], [ [ [ 145.938329052444033, 43.457262532340167 ], [ 145.938429921303964, 43.457399721220327 ], [ 145.938537833654323, 43.457365559573077 ], [ 145.938329052444033, 43.457262532340167 ] ] ], [ [ [ 145.939012048867085, 43.457349721612502 ], [ 145.93932741862568, 43.457426558788825 ], [ 145.939396834596437, 43.457416748084597 ], [ 145.939263112602703, 43.457294558996864 ], [ 145.939012048867085, 43.457349721612502 ] ] ], [ [ [ 145.935356251689882, 43.457548532039311 ], [ 145.93548194543564, 43.457542802458534 ], [ 145.935434811967184, 43.457497026966394 ], [ 145.935356251689882, 43.457548532039311 ] ] ], [ [ [ 145.882442113812658, 43.457913694561512 ], [ 145.882952048298534, 43.457895135252443 ], [ 145.882316004580161, 43.457859387201097 ], [ 145.882442113812658, 43.457913694561512 ] ] ], [ [ [ 145.881454162679688, 43.458009359944185 ], [ 145.881417781505547, 43.458067865339899 ], [ 145.881524720789457, 43.458071027356198 ], [ 145.881454162679688, 43.458009359944185 ] ] ], [ [ [ 145.892222243761694, 43.461028359771149 ], [ 145.892308559792355, 43.461302667384359 ], [ 145.892426225290251, 43.461205532509496 ], [ 145.892222243761694, 43.461028359771149 ] ] ], [ [ [ 145.891829999954666, 43.46113122512611 ], [ 145.89188491525681, 43.461279802121339 ], [ 145.891955524627974, 43.461159801983456 ], [ 145.891829999954666, 43.46113122512611 ] ] ], [ [ [ 145.891696640387863, 43.461508387302388 ], [ 145.89182216596032, 43.461605532069825 ], [ 145.891845694023687, 43.461439802305222 ], [ 145.891696640387863, 43.461508387302388 ] ] ], [ [ [ 145.886847561565901, 43.462075801956871 ], [ 145.886775135564221, 43.46198953179163 ], [ 145.886715226326828, 43.462025892281247 ], [ 145.886847561565901, 43.462075801956871 ] ] ], [ [ [ 145.889169585008517, 43.462145694568335 ], [ 145.889149441993368, 43.462464972780424 ], [ 145.88928836566572, 43.462101170932442 ], [ 145.889169585008517, 43.462145694568335 ] ] ], [ [ [ 145.890104111915434, 43.462502693944316 ], [ 145.89024530457732, 43.462662694128198 ], [ 145.890331608017505, 43.462474108093772 ], [ 145.890104111915434, 43.462502693944316 ] ] ], [ [ [ 145.937958053321722, 43.466388026886079 ], [ 145.937848079725313, 43.466290775099367 ], [ 145.937824526480881, 43.466376586610352 ], [ 145.937958053321722, 43.466388026886079 ] ] ], [ [ [ 146.014110219611098, 43.339478919316832 ], [ 146.013483942530115, 43.339211720844389 ], [ 146.012983450026354, 43.33949333275126 ], [ 146.013461893851513, 43.339803224739171 ], [ 146.014110219611098, 43.339478919316832 ] ] ], [ [ [ 146.013964059993555, 43.341183613033479 ], [ 146.014040803640341, 43.340473919336091 ], [ 146.013559753579898, 43.341068640105846 ], [ 146.013964059993555, 43.341183613033479 ] ] ], [ [ [ 146.002386056671412, 43.360549864884547 ], [ 146.002472048946061, 43.360418053950184 ], [ 146.002279299949919, 43.360492667103074 ], [ 146.002386056671412, 43.360549864884547 ] ] ], [ [ [ 146.004200362456913, 43.360470171461429 ], [ 146.00414308643451, 43.36055180202419 ], [ 146.004238417269335, 43.360529774929319 ], [ 146.004200362456913, 43.360470171461429 ] ] ], [ [ [ 146.002209688826269, 43.360911640559948 ], [ 146.002222386354219, 43.360998774973666 ], [ 146.002276328589915, 43.360953054340143 ], [ 146.002209688826269, 43.360911640559948 ] ] ], [ [ [ 146.001027755726568, 43.361863251887712 ], [ 146.001042528889798, 43.361942559501699 ], [ 146.001124915782384, 43.361872360221412 ], [ 146.001027755726568, 43.361863251887712 ] ] ], [ [ [ 145.998059882357893, 43.362114694237903 ], [ 145.998089947593144, 43.36193741448028 ], [ 145.997994357753555, 43.361947639771927 ], [ 145.998059882357893, 43.362114694237903 ] ] ], [ [ [ 146.008516303384908, 43.362274775360788 ], [ 146.008506938744404, 43.362122865478 ], [ 146.008432749172243, 43.36213386508598 ], [ 146.008516303384908, 43.362274775360788 ] ] ], [ [ [ 145.998771724535686, 43.362329865131358 ], [ 145.998861919342289, 43.362293532520653 ], [ 145.998737755343313, 43.362285054611732 ], [ 145.998771724535686, 43.362329865131358 ] ] ], [ [ [ 146.001696588726759, 43.362433973349368 ], [ 146.001579921476377, 43.362483053850042 ], [ 146.00167341049962, 43.362547027123753 ], [ 146.001696588726759, 43.362433973349368 ] ] ], [ [ [ 145.997800466618401, 43.362465694236562 ], [ 145.997796782995351, 43.362552108293357 ], [ 145.997840751749436, 43.362518387313912 ], [ 145.997800466618401, 43.362465694236562 ] ] ], [ [ [ 146.009103138898922, 43.363537972999211 ], [ 146.008922191706006, 43.363470279230171 ], [ 146.008934526807138, 43.363561135038537 ], [ 146.009103138898922, 43.363537972999211 ] ] ], [ [ [ 146.009664811382095, 43.363756305908964 ], [ 146.009631607512802, 43.363844108518947 ], [ 146.009714616736346, 43.363801081355007 ], [ 146.009664811382095, 43.363756305908964 ] ] ], [ [ [ 146.008430894770186, 43.363856838422521 ], [ 146.008401478845371, 43.363798865425451 ], [ 146.008293864170696, 43.363861108403569 ], [ 146.008430894770186, 43.363856838422521 ] ] ], [ [ [ 146.00867897455521, 43.364164107987335 ], [ 146.00856094663061, 43.364254225452328 ], [ 146.008728559575502, 43.364226359958707 ], [ 146.00867897455521, 43.364164107987335 ] ] ], [ [ [ 146.00884985653579, 43.364220838121355 ], [ 146.009092580858123, 43.364323775422065 ], [ 146.009153773428125, 43.364300054004445 ], [ 146.00884985653579, 43.364220838121355 ] ] ], [ [ [ 146.01055396839115, 43.36415480180284 ], [ 146.010049753593421, 43.36427050497997 ], [ 146.009974552283893, 43.364453252615704 ], [ 146.01055396839115, 43.36415480180284 ] ] ], [ [ [ 146.009273838317199, 43.364325558777693 ], [ 146.009345719329644, 43.364269252224403 ], [ 146.00922403386221, 43.364276333486146 ], [ 146.009273838317199, 43.364325558777693 ] ] ], [ [ [ 146.010821750523519, 43.364608532258103 ], [ 146.010751672651736, 43.364664026723631 ], [ 146.01085180226903, 43.3646652255199 ], [ 146.010821750523519, 43.364608532258103 ] ] ], [ [ [ 145.997584383812409, 43.364909225080851 ], [ 145.997692749421049, 43.364990612826659 ], [ 145.997704720296838, 43.36495919860829 ], [ 145.997584383812409, 43.364909225080851 ] ] ], [ [ [ 145.988788585225166, 43.365199224964442 ], [ 145.989064720260785, 43.364814720722961 ], [ 145.988873216825709, 43.364864532372451 ], [ 145.988788585225166, 43.365199224964442 ] ] ], [ [ [ 145.990727198001991, 43.365323468103725 ], [ 145.990593060521519, 43.365254107890905 ], [ 145.990622995355125, 43.365351667245818 ], [ 145.990727198001991, 43.365323468103725 ] ] ], [ [ [ 145.989729662793934, 43.365510000086601 ], [ 145.989834227867505, 43.365495973360623 ], [ 145.989711776177728, 43.365467721158552 ], [ 145.989729662793934, 43.365510000086601 ] ] ], [ [ [ 145.99002863791145, 43.366165532113769 ], [ 145.990007807814209, 43.365998505526761 ], [ 145.989926549570782, 43.366091532298526 ], [ 145.99002863791145, 43.366165532113769 ] ] ], [ [ [ 145.996039221732872, 43.366230468561469 ], [ 145.99606138732338, 43.366337838620495 ], [ 145.996132048855202, 43.366311386861184 ], [ 145.996039221732872, 43.366230468561469 ] ] ], [ [ [ 146.012852022203219, 43.36674846816743 ], [ 146.011995278559425, 43.366575171507122 ], [ 146.011805226630031, 43.366749559045104 ], [ 146.012397716181795, 43.367113973331357 ], [ 146.012852022203219, 43.36674846816743 ] ] ], [ [ [ 146.012897496422511, 43.367180081595677 ], [ 146.013042528290271, 43.367027892023771 ], [ 146.012846588499428, 43.367093748477885 ], [ 146.012897496422511, 43.367180081595677 ] ] ], [ [ [ 145.992854227740622, 43.367191252074804 ], [ 145.992845109514406, 43.367097585885062 ], [ 145.992792917359452, 43.367147441601333 ], [ 145.992854227740622, 43.367191252074804 ] ] ], [ [ [ 146.012542502534643, 43.367125721175285 ], [ 146.012596614742165, 43.367171694518277 ], [ 146.012621192314327, 43.367151359947457 ], [ 146.012542502534643, 43.367125721175285 ] ] ], [ [ [ 145.99326658848247, 43.367262306610314 ], [ 145.993349247869673, 43.367350081341328 ], [ 145.993390336994594, 43.367327359969863 ], [ 145.99326658848247, 43.367262306610314 ] ] ], [ [ [ 146.012182022782326, 43.367416721104973 ], [ 146.012256939006761, 43.36764519836737 ], [ 146.012671114580485, 43.367488468118495 ], [ 146.012182022782326, 43.367416721104973 ] ] ], [ [ [ 146.012965304405498, 43.367775532614928 ], [ 146.012993527829281, 43.367630505243767 ], [ 146.012861996584093, 43.367777171179682 ], [ 146.012965304405498, 43.367775532614928 ] ] ], [ [ [ 146.012914500803731, 43.368010775477046 ], [ 146.013244162588194, 43.36790302680339 ], [ 146.013023605655007, 43.367804387362753 ], [ 146.012914500803731, 43.368010775477046 ] ] ], [ [ [ 146.013368754664498, 43.368048694491847 ], [ 146.013448832997369, 43.368094837806666 ], [ 146.01348379953788, 43.368046946209745 ], [ 146.013368754664498, 43.368048694491847 ] ] ], [ [ [ 146.012908948389395, 43.368771721537883 ], [ 146.013375498680489, 43.368306081360743 ], [ 146.012582697733478, 43.368528360495588 ], [ 146.012908948389395, 43.368771721537883 ] ] ], [ [ [ 146.012382023012151, 43.368587505309279 ], [ 146.012449610661179, 43.368524532081665 ], [ 146.012350194206306, 43.368539360103568 ], [ 146.012382023012151, 43.368587505309279 ] ] ], [ [ [ 146.013860441006727, 43.368971279301263 ], [ 146.013748170541817, 43.369031252390528 ], [ 146.013888196783, 43.36903433346788 ], [ 146.013860441006727, 43.368971279301263 ] ] ], [ [ [ 146.013369610819041, 43.369416108266932 ], [ 146.013477392767641, 43.369195000049388 ], [ 146.013199363759782, 43.36926422536385 ], [ 146.013369610819041, 43.369416108266932 ] ] ], [ [ [ 146.017132165617113, 43.37833880209422 ], [ 146.01868758806188, 43.377532441169365 ], [ 146.021328079427462, 43.378356107748345 ], [ 146.0223290788241, 43.377851892051353 ], [ 146.022367327890038, 43.376983306134832 ], [ 146.021025525008099, 43.377013441517306 ], [ 146.020129947739065, 43.376596747841802 ], [ 146.021523060540972, 43.374906505331126 ], [ 146.019496354673265, 43.375118135593652 ], [ 146.018903553956079, 43.375973333302852 ], [ 146.016681945215737, 43.375085946159629 ], [ 146.016914422662694, 43.374444135088936 ], [ 146.015832865594462, 43.37394777497002 ], [ 146.015067522748154, 43.372559306267135 ], [ 146.014407197334435, 43.372764000058737 ], [ 146.013474694801516, 43.371818387208975 ], [ 146.014190505687452, 43.370819531796144 ], [ 146.013277392537816, 43.370633775028864 ], [ 146.012711478851884, 43.369955613361014 ], [ 146.013359584277623, 43.370052134898287 ], [ 146.012162437346774, 43.368819667094101 ], [ 146.011940051192596, 43.367371892598953 ], [ 146.010862087815326, 43.367509505059786 ], [ 146.01022085590796, 43.366545278941658 ], [ 146.011042411778021, 43.36531330576463 ], [ 146.007922139295488, 43.364093504911466 ], [ 146.009165745203177, 43.362866946552515 ], [ 146.007675446265011, 43.362206000606591 ], [ 146.007434863228582, 43.360819000496633 ], [ 146.005961802495335, 43.360284135004974 ], [ 146.001027133395723, 43.363499748214963 ], [ 145.998166588717254, 43.362524667279729 ], [ 145.997876108595733, 43.363791134853159 ], [ 145.999043449295982, 43.364960505323211 ], [ 145.997558858354864, 43.365811135375736 ], [ 145.996327885223877, 43.365547278784049 ], [ 145.99666686038745, 43.366475441188811 ], [ 145.995113864313566, 43.366674306474238 ], [ 145.994949856750623, 43.368148666727734 ], [ 145.993209999542046, 43.36794244139071 ], [ 145.990968612012011, 43.365901919238354 ], [ 145.989856549939987, 43.366795865137249 ], [ 145.987639338884605, 43.366448865323036 ], [ 145.988029688719394, 43.367397667168746 ], [ 145.986133605781447, 43.369044440948358 ], [ 145.990131309912158, 43.372433413771205 ], [ 145.989770505504566, 43.373087693942068 ], [ 145.991700661056825, 43.373506000101997 ], [ 145.99263891025771, 43.37521755924314 ], [ 145.993587223771556, 43.37518450556064 ], [ 145.995048417950329, 43.372862305850902 ], [ 145.998655472772043, 43.371895973520509 ], [ 146.000318715836215, 43.372048387023597 ], [ 146.000929882508217, 43.373788252326165 ], [ 146.001923942735971, 43.373913053944477 ], [ 146.001502048281054, 43.373344864973717 ], [ 146.001877911836345, 43.371762864864479 ], [ 146.004763138408293, 43.371038693880791 ], [ 146.009921478793444, 43.37457991922804 ], [ 146.011020635594036, 43.373398801813437 ], [ 146.012453747542622, 43.37369019834415 ], [ 146.01255922183077, 43.374638613481409 ], [ 146.014189299696568, 43.374865306488857 ], [ 146.015449169843464, 43.376134505303355 ], [ 146.015525304649259, 43.377112532417584 ], [ 146.014497950620125, 43.37794313546749 ], [ 146.017132165617113, 43.37833880209422 ] ] ], [ [ [ 146.013999532852381, 43.369901252041302 ], [ 146.013941166851509, 43.369468865196154 ], [ 146.01369569330177, 43.369680694208853 ], [ 146.013999532852381, 43.369901252041302 ] ] ], [ [ [ 146.013497249798434, 43.370159892565141 ], [ 146.013475913382877, 43.370066945833059 ], [ 146.013402308370019, 43.370149694253143 ], [ 146.013497249798434, 43.370159892565141 ] ] ], [ [ [ 146.014089104428763, 43.370328586495248 ], [ 146.014169467846841, 43.370287919152304 ], [ 146.014101024942534, 43.370273279088735 ], [ 146.014089104428763, 43.370328586495248 ] ] ], [ [ [ 146.013548274633308, 43.370512505048225 ], [ 146.013480025982631, 43.370599973110416 ], [ 146.013578300298491, 43.370607892540363 ], [ 146.013548274633308, 43.370512505048225 ] ] ], [ [ [ 145.987088365635714, 43.370710801962105 ], [ 145.986991724488689, 43.370602532580961 ], [ 145.986916782183926, 43.370632918874264 ], [ 145.987088365635714, 43.370710801962105 ] ] ], [ [ [ 145.987897327399878, 43.371604559003345 ], [ 145.987759000877418, 43.371481721504438 ], [ 145.987798300351415, 43.371569468356427 ], [ 145.987897327399878, 43.371604559003345 ] ] ], [ [ [ 146.004104162876956, 43.371634613446815 ], [ 146.004200051291491, 43.371710170887866 ], [ 146.004180635827879, 43.371639558818742 ], [ 146.004104162876956, 43.371634613446815 ] ] ], [ [ [ 146.004059248036015, 43.371965586442855 ], [ 146.003704188497636, 43.371605891798652 ], [ 146.003869363380545, 43.372040251756403 ], [ 146.004059248036015, 43.371965586442855 ] ] ], [ [ [ 145.987828196514215, 43.371789505481445 ], [ 145.987992308398475, 43.372024802302974 ], [ 145.988239052690346, 43.371866865163838 ], [ 145.987828196514215, 43.371789505481445 ] ] ], [ [ [ 146.002242243385012, 43.372159332787135 ], [ 146.002049195813925, 43.372290053743143 ], [ 146.002328858889882, 43.372429559276895 ], [ 146.002242243385012, 43.372159332787135 ] ] ], [ [ [ 146.014497612474997, 43.372399000313806 ], [ 146.014604228002895, 43.372419360065578 ], [ 146.014570362232575, 43.372354278827061 ], [ 146.014497612474997, 43.372399000313806 ] ] ], [ [ [ 146.001894616743357, 43.372645748202899 ], [ 146.001923086581314, 43.372404639962326 ], [ 146.001818858753495, 43.372623414439204 ], [ 146.001894616743357, 43.372645748202899 ] ] ], [ [ [ 146.016193410997289, 43.372925775504314 ], [ 146.016096912842386, 43.372722559298836 ], [ 146.016126782924857, 43.37293058597794 ], [ 146.016193410997289, 43.372925775504314 ] ] ], [ [ [ 145.997733644292452, 43.373046135370998 ], [ 145.997734254032821, 43.372812108392282 ], [ 145.997636743241287, 43.372801197817182 ], [ 145.997733644292452, 43.373046135370998 ] ] ], [ [ [ 145.989833579456331, 43.373279892553171 ], [ 145.989664305463521, 43.373322306379521 ], [ 145.989840803710308, 43.373336558835263 ], [ 145.989833579456331, 43.373279892553171 ] ] ], [ [ [ 146.017818559678972, 43.373258171227803 ], [ 146.017970609855979, 43.373341945774371 ], [ 146.017982087903192, 43.373316414021474 ], [ 146.017818559678972, 43.373258171227803 ] ] ], [ [ [ 145.990293527824178, 43.373476135415501 ], [ 145.990234188756972, 43.373565224955314 ], [ 145.990340699963554, 43.373539225554964 ], [ 145.990293527824178, 43.373476135415501 ] ] ], [ [ [ 146.016108028462895, 43.373527748407014 ], [ 146.016072282210189, 43.373624135045986 ], [ 146.016155693430733, 43.373587108158688 ], [ 146.016108028462895, 43.373527748407014 ] ] ], [ [ [ 146.018795109207076, 43.373618134769288 ], [ 146.018655187287209, 43.373595306378434 ], [ 146.018671945254255, 43.373640305755657 ], [ 146.018795109207076, 43.373618134769288 ] ] ], [ [ [ 146.017570998802739, 43.373569198160112 ], [ 146.017436938663991, 43.37369308157065 ], [ 146.017498832705201, 43.373726721611092 ], [ 146.017570998802739, 43.373569198160112 ] ] ], [ [ [ 146.00110386445192, 43.374488639839001 ], [ 146.00118269722384, 43.374581946299941 ], [ 146.001208974514725, 43.374524386991027 ], [ 146.00110386445192, 43.374488639839001 ] ] ], [ [ [ 146.001976056649823, 43.374412801809513 ], [ 146.001331776940106, 43.374587171361043 ], [ 146.001980505596066, 43.374692197786885 ], [ 146.001976056649823, 43.374412801809513 ] ] ], [ [ [ 146.012463087002061, 43.37479713517979 ], [ 146.012548248303233, 43.374741504916699 ], [ 146.012450725820486, 43.374748198570671 ], [ 146.012463087002061, 43.37479713517979 ] ] ], [ [ [ 146.017564811467082, 43.374890278863461 ], [ 146.017337197553843, 43.374837865475286 ], [ 146.017551387286858, 43.374953000280925 ], [ 146.017564811467082, 43.374890278863461 ] ] ], [ [ [ 146.019778170726227, 43.374965586292944 ], [ 146.020062969830406, 43.374765414292597 ], [ 146.019740219335858, 43.374864081612259 ], [ 146.019778170726227, 43.374965586292944 ] ] ], [ [ [ 146.001484837955104, 43.375011135155944 ], [ 146.001707950761443, 43.374798694604237 ], [ 146.001491114323699, 43.374761558898967 ], [ 146.001484837955104, 43.375011135155944 ] ] ], [ [ [ 146.011625278583892, 43.375001053755796 ], [ 146.01191756184619, 43.374999999750344 ], [ 146.011916743463075, 43.374819973463161 ], [ 146.011625278583892, 43.375001053755796 ] ] ], [ [ [ 146.019459221665898, 43.375014360124794 ], [ 146.019457223372342, 43.3749275323799 ], [ 146.019332502693032, 43.37500794615994 ], [ 146.019459221665898, 43.375014360124794 ] ] ], [ [ [ 145.991030310900328, 43.375161053939678 ], [ 145.990884475038683, 43.374991919341767 ], [ 145.990863799624776, 43.375074720821885 ], [ 145.991030310900328, 43.375161053939678 ] ] ], [ [ [ 145.99439891048155, 43.375129108221927 ], [ 145.994537690262405, 43.375143919156699 ], [ 145.994538339572841, 43.375075919618155 ], [ 145.99439891048155, 43.375129108221927 ] ] ], [ [ [ 146.01922272335014, 43.375140586269197 ], [ 146.01925130920074, 43.375288081380006 ], [ 146.019315472231483, 43.375266802521082 ], [ 146.01922272335014, 43.375140586269197 ] ] ], [ [ [ 145.993531776970144, 43.375471613224533 ], [ 145.993335887541321, 43.375491252619383 ], [ 145.993532334549741, 43.375548748076426 ], [ 145.993531776970144, 43.375471613224533 ] ] ], [ [ [ 145.993314746278656, 43.375816505027842 ], [ 145.993260557628787, 43.375952225315132 ], [ 145.993398663817516, 43.375857000600263 ], [ 145.993314746278656, 43.375816505027842 ] ] ], [ [ [ 145.994486328181665, 43.375997441428922 ], [ 145.994589636902447, 43.376031171401621 ], [ 145.994601088869331, 43.375977559217176 ], [ 145.994486328181665, 43.375997441428922 ] ] ], [ [ [ 145.994967976291264, 43.376040973112595 ], [ 145.995007444837938, 43.376125387077138 ], [ 145.995026693027626, 43.376090360282092 ], [ 145.994967976291264, 43.376040973112595 ] ] ], [ [ [ 146.020652606732597, 43.37664227961767 ], [ 146.020533695673748, 43.376677747979841 ], [ 146.020671479005728, 43.376713919611859 ], [ 146.020652606732597, 43.37664227961767 ] ] ], [ [ [ 145.993548079880156, 43.376952080774061 ], [ 145.993158196793502, 43.376837170798979 ], [ 145.993095472678078, 43.376920108076717 ], [ 145.993548079880156, 43.376952080774061 ] ] ], [ [ [ 145.994073112184537, 43.377337441170141 ], [ 145.993998300281532, 43.376755918850733 ], [ 145.99366328033625, 43.377028667039497 ], [ 145.994073112184537, 43.377337441170141 ] ] ], [ [ [ 146.017800635291223, 43.378034694545704 ], [ 146.017857444565607, 43.378123802071968 ], [ 146.017887664484306, 43.378107973104647 ], [ 146.017800635291223, 43.378034694545704 ] ] ], [ [ [ 146.017398079857685, 43.378598278987567 ], [ 146.017478806601844, 43.378665918797253 ], [ 146.017471192941343, 43.378586891771818 ], [ 146.017398079857685, 43.378598278987567 ] ] ], [ [ [ 146.016969830793187, 43.378753613488641 ], [ 146.016931672558826, 43.378837693804712 ], [ 146.016989610482369, 43.37877569454281 ], [ 146.016969830793187, 43.378753613488641 ] ] ], [ [ [ 146.016702581059462, 43.379267468119338 ], [ 146.016588145027072, 43.379241332921367 ], [ 146.016641555763385, 43.379306865619526 ], [ 146.016702581059462, 43.379267468119338 ] ] ], [ [ [ 146.014558144942612, 43.379681360406607 ], [ 146.014588105856546, 43.379434000079186 ], [ 146.014456640261869, 43.379479531855054 ], [ 146.014558144942612, 43.379681360406607 ] ] ], [ [ [ 146.015431724794439, 43.379934864902282 ], [ 146.015271088789859, 43.379740279490477 ], [ 146.015165667561632, 43.379786919231094 ], [ 146.015431724794439, 43.379934864902282 ] ] ], [ [ [ 146.020582969528618, 43.381946972974617 ], [ 146.020657107839384, 43.382065359728756 ], [ 146.020645382478619, 43.381964505257884 ], [ 146.020582969528618, 43.381946972974617 ] ] ], [ [ [ 145.942842865805801, 43.417530505028935 ], [ 145.942996199315303, 43.417410225201877 ], [ 145.942754552380848, 43.417515252527039 ], [ 145.942842865805801, 43.417530505028935 ] ] ], [ [ [ 145.956169558578495, 43.42549072102014 ], [ 145.956253255783281, 43.425376748138603 ], [ 145.956121361212013, 43.425445693763947 ], [ 145.956169558578495, 43.42549072102014 ] ] ], [ [ [ 145.957119558321097, 43.426039919007223 ], [ 145.957059467420663, 43.425969135167634 ], [ 145.957027612534489, 43.426005865278626 ], [ 145.957119558321097, 43.426039919007223 ] ] ], [ [ [ 145.95467724965556, 43.426129198304011 ], [ 145.954570271700845, 43.425942505342505 ], [ 145.954475965193865, 43.426001505365321 ], [ 145.95467724965556, 43.426129198304011 ] ] ], [ [ [ 145.955721218659505, 43.426416532597045 ], [ 145.955782243955582, 43.426476892394817 ], [ 145.95577686061381, 43.426417558723529 ], [ 145.955721218659505, 43.426416532597045 ] ] ], [ [ [ 145.947646834633929, 43.434236802386692 ], [ 145.947557781966225, 43.4341990812228 ], [ 145.947563190489063, 43.434258865454467 ], [ 145.947646834633929, 43.434236802386692 ] ] ], [ [ [ 145.947674162332873, 43.434431332939823 ], [ 145.946749027046167, 43.434301225321462 ], [ 145.946481504817825, 43.434431667487615 ], [ 145.947674162332873, 43.434431332939823 ] ] ], [ [ [ 145.946506743391637, 43.45090050515438 ], [ 145.946409688556514, 43.450838441141286 ], [ 145.946386912326375, 43.4508949194651 ], [ 145.946506743391637, 43.45090050515438 ] ] ], [ [ [ 145.954871698370312, 43.451866775431483 ], [ 145.954929973539606, 43.45165066744454 ], [ 145.954553384231531, 43.451706386740511 ], [ 145.954871698370312, 43.451866775431483 ] ] ], [ [ [ 145.951677301966129, 43.454799135471887 ], [ 145.951871024927982, 43.454684721023227 ], [ 145.951666834756793, 43.454780081535716 ], [ 145.951677301966129, 43.454799135471887 ] ] ], [ [ [ 145.951173332683311, 43.4553593600466 ], [ 145.951464811951723, 43.455163838440569 ], [ 145.950982308586845, 43.454891252129755 ], [ 145.951173332683311, 43.4553593600466 ] ] ], [ [ [ 145.951869338699225, 43.45528569387983 ], [ 145.951767249459181, 43.455276134985809 ], [ 145.951788832288912, 43.455316413821606 ], [ 145.951869338699225, 43.45528569387983 ] ] ], [ [ [ 145.951088806303574, 43.455493667498899 ], [ 145.951032308194613, 43.455444747976912 ], [ 145.951024163034845, 43.455492892283303 ], [ 145.951088806303574, 43.455493667498899 ] ] ], [ [ [ 145.944099558647849, 43.457304838247865 ], [ 145.944084500399526, 43.45717494646675 ], [ 145.943988053506018, 43.457238468280877 ], [ 145.944099558647849, 43.457304838247865 ] ] ], [ [ [ 145.944856393907685, 43.457406306056328 ], [ 145.944689078638248, 43.457277559112242 ], [ 145.944670415007863, 43.457442224978877 ], [ 145.944856393907685, 43.457406306056328 ] ] ], [ [ [ 145.940813164296287, 43.457653053945478 ], [ 145.940946666855325, 43.457349865504057 ], [ 145.940546134896408, 43.457475721127821 ], [ 145.940813164296287, 43.457653053945478 ] ] ], [ [ [ 145.941488559649542, 43.457618748406674 ], [ 145.941692749820731, 43.457332693848912 ], [ 145.941433579596151, 43.457349865504057 ], [ 145.941488559649542, 43.457618748406674 ] ] ], [ [ [ 145.94558021955163, 43.457622306124676 ], [ 145.945965524189774, 43.457920586066336 ], [ 145.94639916918652, 43.457723666913864 ], [ 145.94558021955163, 43.457622306124676 ] ] ], [ [ [ 145.946783280424256, 43.457868026988024 ], [ 145.946613670984334, 43.457815027241907 ], [ 145.946594279802298, 43.457898081431495 ], [ 145.946783280424256, 43.457868026988024 ] ] ], [ [ [ 145.947191633787043, 43.457857612838723 ], [ 145.947686004605657, 43.458242532566999 ], [ 145.94791481191919, 43.458025027033557 ], [ 145.947832334195027, 43.457926505404089 ], [ 145.947191633787043, 43.457857612838723 ] ] ], [ [ [ 146.021834383350324, 43.374462838289503 ], [ 146.02165269781392, 43.374449252231386 ], [ 146.021678469685753, 43.374502865315151 ], [ 146.021834383350324, 43.374462838289503 ] ] ], [ [ [ 146.022004643000059, 43.375835441152844 ], [ 146.022159921743196, 43.375611865195594 ], [ 146.02197011622809, 43.375660801804713 ], [ 146.022004643000059, 43.375835441152844 ] ] ], [ [ [ 146.021238832506242, 43.376025775469316 ], [ 146.021110505545607, 43.375881640225657 ], [ 146.021133138783512, 43.376038251764101 ], [ 146.021238832506242, 43.376025775469316 ] ] ], [ [ [ 146.020707327781111, 43.376187946616596 ], [ 146.020749221799292, 43.376125225199132 ], [ 146.020704889719013, 43.376155333601957 ], [ 146.020707327781111, 43.376187946616596 ] ] ], [ [ [ 146.021362113370969, 43.376592225151228 ], [ 146.02142697787292, 43.376526026954764 ], [ 146.021337833474377, 43.376553081259885 ], [ 146.021362113370969, 43.376592225151228 ] ] ], [ [ [ 146.023342411523231, 43.376443026724473 ], [ 146.02339143986319, 43.376800613357773 ], [ 146.023664772611369, 43.376599054602877 ], [ 146.023342411523231, 43.376443026724473 ] ] ], [ [ [ 146.022697808057615, 43.37682266743235 ], [ 146.022535719647976, 43.376837640245071 ], [ 146.022587588046918, 43.376898468589616 ], [ 146.022697808057615, 43.37682266743235 ] ] ], [ [ [ 146.021855304279029, 43.378648441372661 ], [ 146.021856912266912, 43.378762387274492 ], [ 146.021897522952486, 43.378760360202648 ], [ 146.021855304279029, 43.378648441372661 ] ] ], [ [ [ 146.0223036055271, 43.378652468536757 ], [ 146.022361335707274, 43.378786972940588 ], [ 146.02239313843279, 43.378717279079353 ], [ 146.0223036055271, 43.378652468536757 ] ] ], [ [ [ 146.02264686056435, 43.379346108436323 ], [ 146.022369026709384, 43.379129360132026 ], [ 146.021920310873838, 43.379423054430561 ], [ 146.02264686056435, 43.379346108436323 ] ] ], [ [ [ 146.023226834251204, 43.381212252043952 ], [ 146.022983579328866, 43.379817532153538 ], [ 146.022388300979514, 43.379902413765535 ], [ 146.022471893862985, 43.380933107876785 ], [ 146.023226834251204, 43.381212252043952 ] ] ], [ [ [ 146.022389143644205, 43.380619306535948 ], [ 146.021720441045659, 43.380457801786292 ], [ 146.021452969179336, 43.380637721054143 ], [ 146.021915109195106, 43.380875080920418 ], [ 146.022389143644205, 43.380619306535948 ] ] ], [ [ [ 146.020898300616295, 43.381132359870662 ], [ 146.020777172728572, 43.381067864990143 ], [ 146.020695031350783, 43.381103468250615 ], [ 146.020898300616295, 43.381132359870662 ] ] ], [ [ [ 146.022503139008791, 43.381342333581983 ], [ 146.022320660270452, 43.381318081564359 ], [ 146.022419947222943, 43.381395000579005 ], [ 146.022503139008791, 43.381342333581983 ] ] ], [ [ [ 146.021391050856437, 43.381301945928215 ], [ 146.021432801882497, 43.38137374780041 ], [ 146.021466004852414, 43.381316747869789 ], [ 146.021391050856437, 43.381301945928215 ] ] ], [ [ [ 146.02264469499687, 43.381600586498053 ], [ 146.022527301993591, 43.38216366731956 ], [ 146.023016225618449, 43.381632026796751 ], [ 146.02264469499687, 43.381600586498053 ] ] ], [ [ [ 146.020461829050305, 43.382568306482312 ], [ 146.020848858588124, 43.38188013536012 ], [ 146.020260725352387, 43.38250905374997 ], [ 146.020461829050305, 43.382568306482312 ] ] ], [ [ [ 146.0219999998003, 43.38247835988858 ], [ 146.021483384250928, 43.382158532190658 ], [ 146.021253022009546, 43.38218777544563 ], [ 146.021512165254421, 43.382860918896483 ], [ 146.0219999998003, 43.38247835988858 ] ] ], [ [ [ 146.038030946770959, 43.397503000563177 ], [ 146.038276692815316, 43.397358505590717 ], [ 146.037936718504966, 43.397503000563177 ], [ 146.038030946770959, 43.397503000563177 ] ] ], [ [ [ 146.036890414860977, 43.398116197904358 ], [ 146.036983916474696, 43.3981590811768 ], [ 146.036952022917717, 43.398093532290829 ], [ 146.036890414860977, 43.398116197904358 ] ] ], [ [ [ 146.034375524610937, 43.398242558947118 ], [ 146.034481192253452, 43.398224000537368 ], [ 146.034380025717837, 43.398207306422194 ], [ 146.034375524610937, 43.398242558947118 ] ] ], [ [ [ 146.037396886956913, 43.398306667119186 ], [ 146.037229830692354, 43.398397171292572 ], [ 146.037381088566576, 43.398387197811076 ], [ 146.037396886956913, 43.398306667119186 ] ] ], [ [ [ 146.034531633428287, 43.398452667556739 ], [ 146.034922749485531, 43.398249748127569 ], [ 146.034787301692745, 43.398183892572774 ], [ 146.034531633428287, 43.398452667556739 ] ] ], [ [ [ 146.036520414885445, 43.398915532426031 ], [ 146.036793138792518, 43.398563468529403 ], [ 146.036462113635821, 43.398720134926464 ], [ 146.036520414885445, 43.398915532426031 ] ] ], [ [ [ 146.045357275617903, 43.399574279529531 ], [ 146.045204967335508, 43.399341694164036 ], [ 146.045191504484478, 43.399557919062886 ], [ 146.045357275617903, 43.399574279529531 ] ] ], [ [ [ 146.038306860573357, 43.39976594574199 ], [ 146.038396743315275, 43.399730225569613 ], [ 146.038313475986342, 43.399725252318717 ], [ 146.038306860573357, 43.39976594574199 ] ] ], [ [ [ 146.045349856211033, 43.399837802472746 ], [ 146.045158002939615, 43.399850197828528 ], [ 146.045252697953856, 43.399933586565908 ], [ 146.045349856211033, 43.399837802472746 ] ] ], [ [ [ 146.043110362653238, 43.400447532028124 ], [ 146.042858002994649, 43.399897666744096 ], [ 146.042693358711745, 43.400352441312293 ], [ 146.043110362653238, 43.400447532028124 ] ] ], [ [ [ 146.03983805348355, 43.400479332955001 ], [ 146.039662995950721, 43.400324027232216 ], [ 146.039570362182644, 43.400452279549256 ], [ 146.03983805348355, 43.400479332955001 ] ] ], [ [ [ 146.0451682228354, 43.400590613266331 ], [ 146.04500027174538, 43.400652251900055 ], [ 146.045182502270791, 43.400629468475358 ], [ 146.0451682228354, 43.400590613266331 ] ] ], [ [ [ 146.039769247253162, 43.400800135518011 ], [ 146.039681633500777, 43.400594748349135 ], [ 146.039586108412323, 43.400630838142831 ], [ 146.039769247253162, 43.400800135518011 ] ] ], [ [ [ 146.044070558010048, 43.401317613517222 ], [ 146.044323086741201, 43.401573279083721 ], [ 146.04441461704107, 43.401425999810215 ], [ 146.044070558010048, 43.401317613517222 ] ] ], [ [ [ 146.040206445471313, 43.401299892376301 ], [ 146.04025778147161, 43.401788721572416 ], [ 146.04041530492259, 43.401427999902467 ], [ 146.040206445471313, 43.401299892376301 ] ] ], [ [ [ 146.045853164492087, 43.401859224823511 ], [ 146.04596291775465, 43.401943640586694 ], [ 146.046034475011197, 43.401874775001033 ], [ 146.045853164492087, 43.401859224823511 ] ] ], [ [ [ 146.04106374759408, 43.401741197798231 ], [ 146.040954642742804, 43.402143946586023 ], [ 146.041140855466324, 43.401993748113171 ], [ 146.04106374759408, 43.401741197798231 ] ] ], [ [ [ 146.037058144717776, 43.402786837742553 ], [ 146.0371669123233, 43.402827918773596 ], [ 146.037092826173193, 43.402759054087255 ], [ 146.037058144717776, 43.402786837742553 ] ] ], [ [ [ 146.036778858457751, 43.402865414207668 ], [ 146.036921555685467, 43.402824585886094 ], [ 146.036755161321821, 43.4028374677751 ], [ 146.036778858457751, 43.402865414207668 ] ] ], [ [ [ 146.036616523633825, 43.402887945822215 ], [ 146.036582476200465, 43.402999171274928 ], [ 146.0366690269542, 43.40296146809743 ], [ 146.036616523633825, 43.402887945822215 ] ] ], [ [ [ 146.036192360189489, 43.403122108598609 ], [ 146.036236912603613, 43.402876081066438 ], [ 146.035772360606188, 43.402964720945306 ], [ 146.036192360189489, 43.403122108598609 ] ] ], [ [ [ 146.046579338266042, 43.40303405417842 ], [ 146.046537755413283, 43.403186694310648 ], [ 146.046626160569076, 43.40313153259433 ], [ 146.046579338266042, 43.40303405417842 ] ] ], [ [ [ 146.047617197276054, 43.403314441208636 ], [ 146.04748863739087, 43.40346410818222 ], [ 146.047657055229138, 43.403375026736285 ], [ 146.047617197276054, 43.403314441208636 ] ] ], [ [ [ 146.047119584401457, 43.403355171504131 ], [ 146.046970466913649, 43.40345177487967 ], [ 146.047133165063656, 43.403497586344713 ], [ 146.047119584401457, 43.403355171504131 ] ] ], [ [ [ 146.047145693519155, 43.403660081247892 ], [ 146.047244772728277, 43.403743333288389 ], [ 146.047271555438101, 43.403648891882995 ], [ 146.047145693519155, 43.403660081247892 ] ] ], [ [ [ 146.048270946846856, 43.403899081477618 ], [ 146.048728443662867, 43.403805586159024 ], [ 146.048373942603575, 43.403457333589245 ], [ 146.048270946846856, 43.403899081477618 ] ] ], [ [ [ 146.03603442305041, 43.403915081316143 ], [ 146.035957665014394, 43.403874612723371 ], [ 146.035946497233226, 43.403913838453036 ], [ 146.03603442305041, 43.403915081316143 ] ] ], [ [ [ 146.036306471566604, 43.403938693915734 ], [ 146.036172022920709, 43.404005080969853 ], [ 146.036312554580945, 43.403987197950983 ], [ 146.036306471566604, 43.403938693915734 ] ] ], [ [ [ 146.03565136132147, 43.403962134744916 ], [ 146.035647782019737, 43.40406255933982 ], [ 146.035711970231432, 43.4040056943075 ], [ 146.03565136132147, 43.403962134744916 ] ] ], [ [ [ 146.035873890467883, 43.404164359897436 ], [ 146.035898144284147, 43.404084440744498 ], [ 146.035828663562143, 43.40413458604246 ], [ 146.035873890467883, 43.404164359897436 ] ] ], [ [ [ 146.049091828225528, 43.404156135597361 ], [ 146.049330142272424, 43.404124224953193 ], [ 146.049019856381392, 43.404062387569297 ], [ 146.049091828225528, 43.404156135597361 ] ] ], [ [ [ 146.035799389730187, 43.404275053850824 ], [ 146.035905187774347, 43.404243748450369 ], [ 146.035776692640411, 43.404244054219873 ], [ 146.035799389730187, 43.404275053850824 ] ] ], [ [ [ 146.02542596533624, 43.405427802151507 ], [ 146.025492918063946, 43.405497919593472 ], [ 146.025559610887512, 43.405448251835537 ], [ 146.02542596533624, 43.405427802151507 ] ] ], [ [ [ 146.025164668215098, 43.405422468272434 ], [ 146.025048858917899, 43.405498135430776 ], [ 146.025169363575401, 43.40555089235994 ], [ 146.025164668215098, 43.405422468272434 ] ] ], [ [ [ 146.034557055463893, 43.405686413897058 ], [ 146.034438170485373, 43.405521306463299 ], [ 146.034390725851495, 43.405642748214404 ], [ 146.034557055463893, 43.405686413897058 ] ] ], [ [ [ 146.02306724955406, 43.406264532282478 ], [ 146.022882891232598, 43.406161225360449 ], [ 146.022873838656892, 43.406281891895958 ], [ 146.02306724955406, 43.406264532282478 ] ] ], [ [ [ 146.052221776513989, 43.406515748003528 ], [ 146.052199143275971, 43.406645666764291 ], [ 146.052284915216887, 43.406671252476485 ], [ 146.052221776513989, 43.406515748003528 ] ] ], [ [ [ 146.0301616729231, 43.406759748463799 ], [ 146.030087301687786, 43.406853386774571 ], [ 146.030176808513033, 43.406899892516208 ], [ 146.0301616729231, 43.406759748463799 ] ] ], [ [ [ 146.025834357369831, 43.407290919540458 ], [ 146.025739610195046, 43.407034135217316 ], [ 146.025664642709216, 43.407087081004136 ], [ 146.025834357369831, 43.407290919540458 ] ] ], [ [ [ 146.030488366045461, 43.407435802120744 ], [ 146.030203280956812, 43.407363135100752 ], [ 146.030479000505693, 43.407513026904837 ], [ 146.030488366045461, 43.407435802120744 ] ] ], [ [ [ 146.023386419847611, 43.407449081510094 ], [ 146.023516303534734, 43.40755669438613 ], [ 146.023551724232902, 43.407466306225217 ], [ 146.023386419847611, 43.407449081510094 ] ] ], [ [ [ 146.027068689468592, 43.40753433274341 ], [ 146.027210116853553, 43.407549414374159 ], [ 146.027170920801495, 43.407506639919688 ], [ 146.027068689468592, 43.40753433274341 ] ] ], [ [ [ 146.022784279670987, 43.407767586305226 ], [ 146.022536328488968, 43.40761694626525 ], [ 146.02260719776416, 43.407840747952321 ], [ 146.022784279670987, 43.407767586305226 ] ] ], [ [ [ 146.025686498033679, 43.407743999785907 ], [ 146.025760194777376, 43.407851973290121 ], [ 146.02578219129532, 43.407807748229175 ], [ 146.025686498033679, 43.407743999785907 ] ] ], [ [ [ 146.02382564154027, 43.407780081485726 ], [ 146.023700803949168, 43.40788027945149 ], [ 146.023875719389139, 43.407855838576268 ], [ 146.02382564154027, 43.407780081485726 ] ] ], [ [ [ 146.023017522440909, 43.407783171556275 ], [ 146.023083449941396, 43.40787297335919 ], [ 146.023112580781117, 43.407844468447649 ], [ 146.023017522440909, 43.407783171556275 ] ] ], [ [ [ 146.025408053538968, 43.407863640194989 ], [ 146.025485524737405, 43.407946802303229 ], [ 146.025509104961429, 43.407866946102843 ], [ 146.025408053538968, 43.407863640194989 ] ] ], [ [ [ 146.023146082325979, 43.407918774931659 ], [ 146.02341722342635, 43.408252775045696 ], [ 146.023605836440424, 43.407810892259022 ], [ 146.023146082325979, 43.407918774931659 ] ] ], [ [ [ 146.024567664965957, 43.408190747904882 ], [ 146.024432411426801, 43.408230252424403 ], [ 146.024467561428992, 43.408318198026564 ], [ 146.024567664965957, 43.408190747904882 ] ] ], [ [ [ 146.026818170722208, 43.408253387484024 ], [ 146.026596057062534, 43.408211667034948 ], [ 146.026550660184967, 43.408297413794799 ], [ 146.026818170722208, 43.408253387484024 ] ] ], [ [ [ 146.027279973492114, 43.408365000544507 ], [ 146.027189052932613, 43.4082519998301 ], [ 146.027176082910046, 43.408313532343811 ], [ 146.027279973492114, 43.408365000544507 ] ] ], [ [ [ 146.022542528415102, 43.408505613143689 ], [ 146.022261050507268, 43.408420108301527 ], [ 146.022258494634002, 43.408471667333743 ], [ 146.022542528415102, 43.408505613143689 ] ] ], [ [ [ 146.022153449322445, 43.408773973540235 ], [ 146.022065771718189, 43.408883000150524 ], [ 146.022154188565082, 43.408898224773395 ], [ 146.022153449322445, 43.408773973540235 ] ] ], [ [ [ 146.023610920307874, 43.408890225303821 ], [ 146.023529779875616, 43.408820919050356 ], [ 146.023513994975019, 43.408848775550723 ], [ 146.023610920307874, 43.408890225303821 ] ] ], [ [ [ 146.052276588393966, 43.40901377506583 ], [ 146.052494059753258, 43.409042919395404 ], [ 146.052443644658638, 43.408938586346835 ], [ 146.052276588393966, 43.40901377506583 ] ] ], [ [ [ 146.054279196028233, 43.409083748616297 ], [ 146.054165641331451, 43.408955559251808 ], [ 146.054171581353557, 43.409118667492692 ], [ 146.054279196028233, 43.409083748616297 ] ] ], [ [ [ 146.054683138216433, 43.40951869403267 ], [ 146.054983358895129, 43.409378054453839 ], [ 146.054824500850259, 43.409286080788149 ], [ 146.054683138216433, 43.40951869403267 ] ] ], [ [ [ 146.024520829173071, 43.409407359761985 ], [ 146.024487470620443, 43.409473081317799 ], [ 146.024557522411897, 43.409447748315074 ], [ 146.024520829173071, 43.409407359761985 ] ] ], [ [ [ 146.055595939301384, 43.40959369389401 ], [ 146.055595576874566, 43.409331305895194 ], [ 146.055443190351184, 43.409549108204942 ], [ 146.055595939301384, 43.40959369389401 ] ] ], [ [ [ 146.053757172855398, 43.409738640326168 ], [ 146.053697859868521, 43.409855359737207 ], [ 146.053783280174457, 43.409813891997658 ], [ 146.053757172855398, 43.409738640326168 ] ] ], [ [ [ 146.020866251476491, 43.413058613564317 ], [ 146.020963644456856, 43.413207053862607 ], [ 146.021007911785887, 43.413148972946885 ], [ 146.020866251476491, 43.413058613564317 ] ] ], [ [ [ 146.056084500499423, 43.413751837977088 ], [ 146.056344162653204, 43.413637333596228 ], [ 146.056077392257976, 43.413675694178096 ], [ 146.056084500499423, 43.413751837977088 ] ] ], [ [ [ 146.056447301402045, 43.413949441513694 ], [ 146.056513747811437, 43.41402383792996 ], [ 146.056545305022041, 43.413993467824469 ], [ 146.056447301402045, 43.413949441513694 ] ] ], [ [ [ 146.05832433130297, 43.413982198419887 ], [ 146.058375913717668, 43.414076639825225 ], [ 146.058444577855198, 43.414018504950207 ], [ 146.05832433130297, 43.413982198419887 ] ] ], [ [ [ 146.056955887804179, 43.414083306499549 ], [ 146.057034136916059, 43.414022774931311 ], [ 146.056965887366005, 43.414034613606702 ], [ 146.056955887804179, 43.414083306499549 ] ] ], [ [ [ 146.060706134480711, 43.414287225075554 ], [ 146.060630077915903, 43.414152612753071 ], [ 146.060607859265474, 43.414302053996778 ], [ 146.060706134480711, 43.414287225075554 ] ] ], [ [ [ 146.060738859011281, 43.41464450504003 ], [ 146.060883139045814, 43.414481802393425 ], [ 146.060682334822104, 43.414588891864014 ], [ 146.060738859011281, 43.41464450504003 ] ] ], [ [ [ 146.060536134735003, 43.41476153201927 ], [ 146.060157392449923, 43.415000134748595 ], [ 146.060749274059958, 43.414901586139479 ], [ 146.060536134735003, 43.41476153201927 ] ] ], [ [ [ 146.059967911589979, 43.41509710774551 ], [ 146.060046108541201, 43.415140080950152 ], [ 146.060054941682438, 43.415070081319357 ], [ 146.059967911589979, 43.41509710774551 ] ] ], [ [ [ 146.065677003990686, 43.415600559018742 ], [ 146.065797664231013, 43.41558789206772 ], [ 146.065694889707629, 43.415539504944377 ], [ 146.065677003990686, 43.415600559018742 ] ] ], [ [ [ 146.063488248384147, 43.416274359873967 ], [ 146.063680998279665, 43.416233107971721 ], [ 146.063569143301493, 43.416142198204057 ], [ 146.063488248384147, 43.416274359873967 ] ] ], [ [ [ 146.061893670356767, 43.41640644150425 ], [ 146.06183830089708, 43.416470081129489 ], [ 146.061939973751009, 43.416447278819021 ], [ 146.061893670356767, 43.41640644150425 ] ] ], [ [ [ 146.026873358518856, 43.416880775427614 ], [ 146.026835446698669, 43.416978000234678 ], [ 146.026917690599134, 43.416924306211911 ], [ 146.026873358518856, 43.416880775427614 ] ] ], [ [ [ 146.038765498629004, 43.424370585734096 ], [ 146.038848832507824, 43.424226197780968 ], [ 146.038716938835819, 43.424270694437155 ], [ 146.038765498629004, 43.424370585734096 ] ] ], [ [ [ 146.058944720522618, 43.425319197822887 ], [ 146.058763138408267, 43.425180802052523 ], [ 146.058716445607615, 43.425201251736553 ], [ 146.058944720522618, 43.425319197822887 ] ] ], [ [ [ 146.038066666943337, 43.425485639850592 ], [ 146.038014162723584, 43.425562171257354 ], [ 146.038103410544181, 43.425554532415902 ], [ 146.038066666943337, 43.425485639850592 ] ] ], [ [ [ 146.061389104823547, 43.426647721315476 ], [ 146.061228443637901, 43.426504026739622 ], [ 146.06112182900938, 43.426528613305038 ], [ 146.061389104823547, 43.426647721315476 ] ] ], [ [ [ 146.061460142271926, 43.427770468232666 ], [ 146.061533410938296, 43.427729801789098 ], [ 146.061435161803502, 43.427727639818897 ], [ 146.061460142271926, 43.427770468232666 ] ] ], [ [ [ 146.046384694398284, 43.428913667531901 ], [ 146.04642508385075, 43.428971279001473 ], [ 146.046507055256598, 43.42890505382536 ], [ 146.046384694398284, 43.428913667531901 ] ] ], [ [ [ 146.059426615046391, 43.429462693748462 ], [ 146.059394772750693, 43.42957050537467 ], [ 146.059501167045369, 43.429501892498479 ], [ 146.059426615046391, 43.429462693748462 ] ] ], [ [ [ 146.046171582053034, 43.431318837794322 ], [ 146.046430803538897, 43.431364134847115 ], [ 146.046532723706378, 43.431180027436483 ], [ 146.046171582053034, 43.431318837794322 ] ] ], [ [ [ 146.047957471060613, 43.431596667152633 ], [ 146.048038858806422, 43.43164400027058 ], [ 146.04804050546511, 43.43161597289901 ], [ 146.047957471060613, 43.431596667152633 ] ] ], [ [ [ 146.047281919225384, 43.431820171164134 ], [ 146.047381607275497, 43.431837865325406 ], [ 146.04728953288577, 43.431786171394833 ], [ 146.047281919225384, 43.431820171164134 ] ] ], [ [ [ 146.065035965437687, 43.437312586306973 ], [ 146.064718105456336, 43.437224892514962 ], [ 146.065052502171397, 43.437337198053399 ], [ 146.065035965437687, 43.437312586306973 ] ] ], [ [ [ 146.058448365799677, 43.521502053976803 ], [ 146.058496030767401, 43.52160894649586 ], [ 146.058531024287504, 43.52153746837962 ], [ 146.058448365799677, 43.521502053976803 ] ] ], [ [ [ 146.060902476268438, 43.524735613158214 ], [ 146.061027301269064, 43.524560721100556 ], [ 146.060892995615404, 43.524614054495203 ], [ 146.060902476268438, 43.524735613158214 ] ] ], [ [ [ 146.082780168570139, 43.412772774843859 ], [ 146.081977392342992, 43.411837586035915 ], [ 146.081332555053564, 43.412611027277251 ], [ 146.082780168570139, 43.412772774843859 ] ] ], [ [ [ 146.082081050900001, 43.412910613034512 ], [ 146.082122243446975, 43.412707440895872 ], [ 146.081868689488601, 43.412808108307729 ], [ 146.082081050900001, 43.412910613034512 ] ] ], [ [ [ 146.084137885854943, 43.41289746854352 ], [ 146.084752139899479, 43.41347980205137 ], [ 146.08517438329136, 43.413404107913436 ], [ 146.084964305258609, 43.412464694090545 ], [ 146.084137885854943, 43.41289746854352 ] ] ], [ [ [ 146.083851945511014, 43.413161720836911 ], [ 146.083917418853957, 43.412838441540998 ], [ 146.083401024537807, 43.413041467989501 ], [ 146.083851945511014, 43.413161720836911 ] ] ], [ [ [ 146.086715498421654, 43.413841504881702 ], [ 146.086633358842619, 43.413921360182769 ], [ 146.086724331562777, 43.413908667151418 ], [ 146.086715498421654, 43.413841504881702 ] ] ], [ [ [ 146.073119856196627, 43.414754198047945 ], [ 146.073009779178165, 43.41464308141326 ], [ 146.07305569406526, 43.414786775089738 ], [ 146.073119856196627, 43.414754198047945 ] ] ], [ [ [ 146.07159591362074, 43.414876000427228 ], [ 146.071947444219404, 43.414693467729535 ], [ 146.071578144815703, 43.414634170930412 ], [ 146.07159591362074, 43.414876000427228 ] ] ], [ [ [ 146.072405888021535, 43.414919387320026 ], [ 146.072738910572411, 43.414893667608851 ], [ 146.072676083034935, 43.414781639960893 ], [ 146.072405888021535, 43.414919387320026 ] ] ], [ [ [ 146.078268002766322, 43.41479686548314 ], [ 146.078126523220703, 43.415233864951063 ], [ 146.078352048908073, 43.415098134771256 ], [ 146.078268002766322, 43.41479686548314 ] ] ], [ [ [ 146.072196134644059, 43.415026532548609 ], [ 146.072263721393824, 43.414985413746024 ], [ 146.072210219825934, 43.414979891908672 ], [ 146.072196134644059, 43.415026532548609 ] ] ], [ [ [ 146.075998144498953, 43.41545672145071 ], [ 146.076033916831989, 43.414606441234469 ], [ 146.075517134008692, 43.414890802368802 ], [ 146.075998144498953, 43.41545672145071 ] ] ], [ [ [ 146.077463942307304, 43.415244748546456 ], [ 146.077773670618626, 43.415102586415401 ], [ 146.077454967972585, 43.414965748270845 ], [ 146.077463942307304, 43.415244748546456 ] ] ], [ [ [ 146.066204448276835, 43.415803441575747 ], [ 146.066439000459695, 43.414939108553199 ], [ 146.065688366025483, 43.4147272795405 ], [ 146.066204448276835, 43.415803441575747 ] ] ], [ [ [ 146.076516109031331, 43.41547455950348 ], [ 146.076625109561292, 43.415311135600575 ], [ 146.076529273307528, 43.415286639866679 ], [ 146.076516109031331, 43.41547455950348 ] ] ], [ [ [ 146.077017911847292, 43.415510080925685 ], [ 146.076879247179704, 43.415432224817494 ], [ 146.076905083802785, 43.415558171272778 ], [ 146.077017911847292, 43.415510080925685 ] ] ], [ [ [ 146.077712943897382, 43.415617531923715 ], [ 146.077653086820646, 43.415439467957242 ], [ 146.077560946780409, 43.415554838385276 ], [ 146.077712943897382, 43.415617531923715 ] ] ], [ [ [ 146.087016640905404, 43.415816613046445 ], [ 146.086745161660019, 43.415396197976349 ], [ 146.086218444026144, 43.416002586550292 ], [ 146.087016640905404, 43.415816613046445 ] ] ], [ [ [ 146.065954747014189, 43.415878252579432 ], [ 146.065960505373255, 43.415968468070503 ], [ 146.066024811396119, 43.415877360451987 ], [ 146.065954747014189, 43.415878252579432 ] ] ], [ [ [ 146.074821361816589, 43.41598477547717 ], [ 146.074916912985373, 43.415994586181398 ], [ 146.074882606547249, 43.41595446832423 ], [ 146.074821361816589, 43.41598477547717 ] ] ], [ [ [ 146.066313138540636, 43.416139413903011 ], [ 146.066343553612342, 43.416072252532615 ], [ 146.066245330557763, 43.416114360589461 ], [ 146.066313138540636, 43.416139413903011 ] ] ], [ [ [ 146.097965913796088, 43.416200639747899 ], [ 146.098239689010597, 43.416009108433798 ], [ 146.097906640379279, 43.416093107810866 ], [ 146.097965913796088, 43.416200639747899 ] ] ], [ [ [ 146.068740920457344, 43.416124306191932 ], [ 146.069032437497185, 43.416356252139508 ], [ 146.068901893707562, 43.415939278774886 ], [ 146.068740920457344, 43.416124306191932 ] ] ], [ [ [ 146.065885810382042, 43.416551946415382 ], [ 146.065784837200681, 43.416887198385666 ], [ 146.06600972796673, 43.416614891764027 ], [ 146.065885810382042, 43.416551946415382 ] ] ], [ [ [ 146.072237496263597, 43.41681517078365 ], [ 146.072104448761479, 43.416753198501453 ], [ 146.072152282801767, 43.416859667439894 ], [ 146.072237496263597, 43.41681517078365 ] ] ], [ [ [ 146.090427639024483, 43.417211973254155 ], [ 146.090493138447755, 43.417313441062618 ], [ 146.090515836436907, 43.417284170827998 ], [ 146.090427639024483, 43.417211973254155 ] ] ], [ [ [ 146.089984162639212, 43.417363278792436 ], [ 146.09041053122121, 43.417769468386439 ], [ 146.090539389681226, 43.417475837939719 ], [ 146.089984162639212, 43.417363278792436 ] ] ], [ [ [ 146.070336303377871, 43.417799252133932 ], [ 146.070267612260636, 43.417748468317313 ], [ 146.070190557448427, 43.417799225154283 ], [ 146.070336303377871, 43.417799252133932 ] ] ], [ [ [ 146.095596977218861, 43.417891748305692 ], [ 146.095664694370384, 43.417726639972614 ], [ 146.09553238701028, 43.417825918831284 ], [ 146.095596977218861, 43.417891748305692 ] ] ], [ [ [ 146.068503138808978, 43.417937666790067 ], [ 146.068672243729225, 43.417761585828714 ], [ 146.068364967869115, 43.417828505281477 ], [ 146.068503138808978, 43.417937666790067 ] ] ], [ [ [ 146.073115446820566, 43.418033054282205 ], [ 146.073380336733294, 43.418177586126887 ], [ 146.073423579734595, 43.418054838560124 ], [ 146.073115446820566, 43.418033054282205 ] ] ], [ [ [ 146.074479636526235, 43.418261721301576 ], [ 146.074761244835713, 43.418111838490745 ], [ 146.07448596595475, 43.41799908149261 ], [ 146.074479636526235, 43.418261721301576 ] ] ], [ [ [ 146.073688170173114, 43.418143838167737 ], [ 146.073543644623669, 43.418080171562849 ], [ 146.073573501216288, 43.41823950534905 ], [ 146.073688170173114, 43.418143838167737 ] ] ], [ [ [ 146.071934279943207, 43.418405414078791 ], [ 146.072008948854091, 43.418453468452981 ], [ 146.072025330904467, 43.418382054188612 ], [ 146.071934279943207, 43.418405414078791 ] ] ], [ [ [ 146.073359637037811, 43.418397865169482 ], [ 146.0733666148775, 43.4184907210701 ], [ 146.073439104731051, 43.418430774960484 ], [ 146.073359637037811, 43.418397865169482 ] ] ], [ [ [ 146.0727837219913, 43.418454306621129 ], [ 146.072715836666703, 43.418518305975226 ], [ 146.072794227871555, 43.4184932517623 ], [ 146.0727837219913, 43.418454306621129 ] ] ], [ [ [ 146.092962969965242, 43.418521748580019 ], [ 146.091888391636189, 43.418718225266048 ], [ 146.09302058323351, 43.418733667524918 ], [ 146.092962969965242, 43.418521748580019 ] ] ], [ [ [ 146.09518619928383, 43.418660774775105 ], [ 146.093547639012513, 43.418709080959502 ], [ 146.093009026945197, 43.418924838210899 ], [ 146.095558105822079, 43.41961536016089 ], [ 146.09518619928383, 43.418660774775105 ] ] ], [ [ [ 146.097656860875645, 43.419250198538009 ], [ 146.09776910436085, 43.419236532440209 ], [ 146.097694033453081, 43.419217694341285 ], [ 146.097656860875645, 43.419250198538009 ] ] ], [ [ [ 146.09754527839209, 43.420562278826253 ], [ 146.097599441860893, 43.41963569383239 ], [ 146.097720310743966, 43.418516586471469 ], [ 146.095976692570503, 43.419909000500127 ], [ 146.09754527839209, 43.420562278826253 ] ] ], [ [ [ 146.09793566779706, 43.41977430633932 ], [ 146.09787783329557, 43.419737613100551 ], [ 146.097831050562718, 43.419740107819905 ], [ 146.09793566779706, 43.41977430633932 ] ] ], [ [ [ 146.089237522993471, 43.421417945981602 ], [ 146.089262802036842, 43.421934387062493 ], [ 146.089550077873923, 43.421787252579804 ], [ 146.089237522993471, 43.421417945981602 ] ] ], [ [ [ 146.099277807924636, 43.447961387608132 ], [ 146.101544889984893, 43.445908694031175 ], [ 146.100415667948937, 43.441861613522804 ], [ 146.101599882628648, 43.439969865317209 ], [ 146.102557976269736, 43.439822000585025 ], [ 146.102310660908415, 43.438859613580462 ], [ 146.105258443422599, 43.438972000057902 ], [ 146.105759999824272, 43.437606278806868 ], [ 146.107244162688175, 43.437081559466549 ], [ 146.108287366369041, 43.438147748020299 ], [ 146.10932583691806, 43.437787386978471 ], [ 146.108634059514429, 43.436355999929617 ], [ 146.107115810546361, 43.436445585895228 ], [ 146.106223695667154, 43.435768414380959 ], [ 146.107208911062571, 43.434776053871929 ], [ 146.106160077625645, 43.433799640141444 ], [ 146.106475641637758, 43.432874531834329 ], [ 146.107558144792733, 43.432615667379309 ], [ 146.10703224374322, 43.431809532184332 ], [ 146.108275837060432, 43.431195775464857 ], [ 146.107171555922719, 43.430514135219312 ], [ 146.106623773468527, 43.431660775324701 ], [ 146.10593741897685, 43.431747000523842 ], [ 146.106117781610465, 43.432155774769342 ], [ 146.101937275884779, 43.43206725180238 ], [ 146.101554253726022, 43.431451531862876 ], [ 146.099511555214235, 43.432538081067776 ], [ 146.097382437249848, 43.431923225376693 ], [ 146.096831335397951, 43.430976721298805 ], [ 146.095714253310348, 43.431494171419047 ], [ 146.093539753756772, 43.430828774728354 ], [ 146.093400025191158, 43.429527945858183 ], [ 146.092216199917857, 43.429030640551787 ], [ 146.092437911580532, 43.428015865340058 ], [ 146.091005745718803, 43.427640305755688 ], [ 146.089785356709058, 43.425673081048046 ], [ 146.090171024673282, 43.42407189210428 ], [ 146.092175939967888, 43.423787198220793 ], [ 146.091915421659564, 43.422816891786283 ], [ 146.087237003585074, 43.421549108504735 ], [ 146.085338806341042, 43.419886639756783 ], [ 146.084967833299061, 43.418871721552875 ], [ 146.085886497963656, 43.418310801802249 ], [ 146.085293217008484, 43.416845306166124 ], [ 146.086439688940686, 43.414946640375319 ], [ 146.084919610751626, 43.414300251755378 ], [ 146.083776303533796, 43.414696252030581 ], [ 146.084078053959161, 43.413528585775794 ], [ 146.080812943862497, 43.413458640104352 ], [ 146.081025084040562, 43.41229486521604 ], [ 146.080130998746768, 43.412571694528253 ], [ 146.079406354719708, 43.41370294633407 ], [ 146.080568832785616, 43.413662440869132 ], [ 146.081642749213643, 43.414880693989005 ], [ 146.081709389876664, 43.416320720824785 ], [ 146.079144915505594, 43.417125279508184 ], [ 146.078407055941057, 43.41600750494257 ], [ 146.076820414430813, 43.415700864903158 ], [ 146.076940920886955, 43.418008251879485 ], [ 146.075685836932053, 43.418532694228645 ], [ 146.072375499030272, 43.418786468520864 ], [ 146.069653255693424, 43.4176307479608 ], [ 146.06861247658469, 43.418465892587051 ], [ 146.066250051998509, 43.416957027145259 ], [ 146.06207705561178, 43.41690838731239 ], [ 146.060296251371028, 43.41625141457132 ], [ 146.059716549279528, 43.415114360339601 ], [ 146.057974357430794, 43.414999135601818 ], [ 146.05825069931052, 43.414303278873376 ], [ 146.056908222836341, 43.414505504925273 ], [ 146.0543113359995, 43.413244721067201 ], [ 146.053689052807727, 43.411017973600792 ], [ 146.054782022272661, 43.410075135159502 ], [ 146.052867664211476, 43.410281053827759 ], [ 146.050331945662947, 43.407701774817212 ], [ 146.050197613029582, 43.406864945760788 ], [ 146.051854500584909, 43.406176440990123 ], [ 146.050074253923867, 43.404739135502894 ], [ 146.048853021350055, 43.40528325232043 ], [ 146.049029000688051, 43.404635306074681 ], [ 146.047111088506085, 43.403903026803391 ], [ 146.046132411182043, 43.402966306450026 ], [ 146.042025057210822, 43.40181730652364 ], [ 146.041244746947655, 43.402311694429329 ], [ 146.040183721401831, 43.402335360088955 ], [ 146.039405576706145, 43.404126000214887 ], [ 146.036679442002878, 43.403166332760236 ], [ 146.036537976846375, 43.405438027443154 ], [ 146.035406497511985, 43.405662107920136 ], [ 146.035474863973946, 43.406633945900069 ], [ 146.034615304552858, 43.407084505345836 ], [ 146.029015161420716, 43.408822170906603 ], [ 146.02464922178433, 43.408406837905432 ], [ 146.024990894914026, 43.410111027102403 ], [ 146.024259104873977, 43.411548775056076 ], [ 146.026612969712914, 43.41318027924666 ], [ 146.027689363773334, 43.415254640189687 ], [ 146.027148222812457, 43.419374919217319 ], [ 146.029531854311813, 43.419481693925206 ], [ 146.029656083061923, 43.417892532514543 ], [ 146.031501970339832, 43.417005747917074 ], [ 146.034743773606465, 43.417276441155025 ], [ 146.038041828567657, 43.418663252407327 ], [ 146.040576588438967, 43.421386640581147 ], [ 146.038787782030681, 43.422356775245134 ], [ 146.039235524799778, 43.42425863992446 ], [ 146.042924136439979, 43.425942505342505 ], [ 146.043341555868324, 43.427021027198805 ], [ 146.046477587171125, 43.427720134976425 ], [ 146.046907496384051, 43.428636973117989 ], [ 146.046497133935759, 43.4291657214211 ], [ 146.047523060740787, 43.429924108011335 ], [ 146.046821996937751, 43.431043000434272 ], [ 146.04726169886851, 43.431601108004884 ], [ 146.049384967642368, 43.429861802080666 ], [ 146.053153138706534, 43.429121224764856 ], [ 146.052938443554467, 43.426872306312077 ], [ 146.055907249520146, 43.425427441123702 ], [ 146.055259169275473, 43.423689171218427 ], [ 146.057861529386287, 43.422234586157401 ], [ 146.061411581579364, 43.422952505054241 ], [ 146.063366082678726, 43.424526467922306 ], [ 146.063104915959229, 43.426238440751604 ], [ 146.061688806593338, 43.426636306220701 ], [ 146.061610725654646, 43.427803333057568 ], [ 146.060800194573517, 43.428158801787447 ], [ 146.062338391403841, 43.429969838537374 ], [ 146.060861283721465, 43.432668225558302 ], [ 146.063682891352528, 43.433700864903187 ], [ 146.066387197711151, 43.432190585727142 ], [ 146.068983721221912, 43.432347135212297 ], [ 146.071266808516611, 43.433081775203902 ], [ 146.071691724693551, 43.432821279378686 ], [ 146.069577807969608, 43.431560251804342 ], [ 146.069535422022341, 43.430478171330719 ], [ 146.068303280672012, 43.430257224991124 ], [ 146.068095472528171, 43.429206171128044 ], [ 146.069533747484684, 43.427353946327742 ], [ 146.068986938996204, 43.4264128022092 ], [ 146.070765382516583, 43.425226278969774 ], [ 146.07045513529647, 43.42396780187272 ], [ 146.071122139974932, 43.423426721166436 ], [ 146.074554086002422, 43.423494639765977 ], [ 146.075870894926084, 43.426680252491849 ], [ 146.077528105337933, 43.427030108552856 ], [ 146.079096549966039, 43.425702586005684 ], [ 146.08172014217098, 43.425684135514587 ], [ 146.082527133520557, 43.42421480247134 ], [ 146.086492775921101, 43.42518105386273 ], [ 146.087649610741096, 43.426169279288956 ], [ 146.086652826467002, 43.427768531992342 ], [ 146.088600219324803, 43.433248973561433 ], [ 146.085988520653927, 43.435280053731674 ], [ 146.084133501659949, 43.435305468572665 ], [ 146.083759026657958, 43.436877225403805 ], [ 146.081968611362527, 43.436911135240848 ], [ 146.082817950887943, 43.439588720942879 ], [ 146.083449247984618, 43.440597919458583 ], [ 146.084990245303743, 43.440684387474676 ], [ 146.087490194217253, 43.442404640362042 ], [ 146.092071893802995, 43.442720694504601 ], [ 146.093661854711058, 43.444553640538231 ], [ 146.093167664656221, 43.445795667236439 ], [ 146.095656667021785, 43.446043532083479 ], [ 146.097341244702875, 43.447791000254597 ], [ 146.099277807924636, 43.447961387608132 ] ] ], [ [ [ 146.09121810533145, 43.426920413746245 ], [ 146.091065109967076, 43.426934107723071 ], [ 146.091232891984532, 43.42699217155166 ], [ 146.09121810533145, 43.426920413746245 ] ] ], [ [ [ 146.091471478526046, 43.427181252213188 ], [ 146.091404772212627, 43.427057613418299 ], [ 146.091402580564818, 43.427175108044992 ], [ 146.091471478526046, 43.427181252213188 ] ] ], [ [ [ 146.091734863873057, 43.42742669428668 ], [ 146.091645887647815, 43.427325198599192 ], [ 146.091632087551034, 43.427374694586661 ], [ 146.091734863873057, 43.42742669428668 ] ] ], [ [ [ 146.091771854787453, 43.427672135460853 ], [ 146.091684720373678, 43.427708054383345 ], [ 146.091778974720114, 43.427688612839404 ], [ 146.091771854787453, 43.427672135460853 ] ] ], [ [ [ 146.092750116624757, 43.42822980236366 ], [ 146.092669921379979, 43.428310413994552 ], [ 146.092775356997322, 43.428253865523629 ], [ 146.092750116624757, 43.42822980236366 ] ] ], [ [ [ 146.09296333239206, 43.428489892594655 ], [ 146.092917496645327, 43.428325467746333 ], [ 146.092744423016939, 43.428423081060487 ], [ 146.09296333239206, 43.428489892594655 ] ] ], [ [ [ 146.105705187944295, 43.429034252229144 ], [ 146.105073747855386, 43.428534107763028 ], [ 146.104812334721601, 43.429212585992218 ], [ 146.105705187944295, 43.429034252229144 ] ] ], [ [ [ 146.097864357854064, 43.428694224858759 ], [ 146.098489921772625, 43.42930661281008 ], [ 146.099105887227097, 43.429092838563804 ], [ 146.097864357854064, 43.428694224858759 ] ] ], [ [ [ 146.094225913994933, 43.429185721444071 ], [ 146.094149078617306, 43.429020360401466 ], [ 146.094053527448523, 43.429130252159553 ], [ 146.094225913994933, 43.429185721444071 ] ] ], [ [ [ 146.101166834781793, 43.429227027305615 ], [ 146.10128683491962, 43.429047386827619 ], [ 146.101226199929329, 43.429019054585865 ], [ 146.101166834781793, 43.429227027305615 ] ] ], [ [ [ 146.093334668760122, 43.42929917092016 ], [ 146.093172139682679, 43.429255532217212 ], [ 146.093175227055212, 43.429305892453158 ], [ 146.093334668760122, 43.42929917092016 ] ] ], [ [ [ 146.093985161885939, 43.429470918947914 ], [ 146.094078806491893, 43.429279027005634 ], [ 146.093921776768752, 43.429320278907937 ], [ 146.093985161885939, 43.429470918947914 ] ] ], [ [ [ 146.093755382405107, 43.429401440923925 ], [ 146.093701388008867, 43.429485387241016 ], [ 146.093763553645317, 43.429474667322211 ], [ 146.093755382405107, 43.429401440923925 ] ] ], [ [ [ 146.108174577894601, 43.42973966695223 ], [ 146.108081581699821, 43.429583027534875 ], [ 146.108032087510992, 43.429723387424531 ], [ 146.108174577894601, 43.42973966695223 ] ] ], [ [ [ 146.082623501273702, 43.429948108218809 ], [ 146.082303968553447, 43.429893946548589 ], [ 146.082655005424385, 43.430010747797951 ], [ 146.082623501273702, 43.429948108218809 ] ] ], [ [ [ 146.093777638827191, 43.429974387308278 ], [ 146.094033695598796, 43.430200305999506 ], [ 146.094122528831804, 43.430053891873797 ], [ 146.093777638827191, 43.429974387308278 ] ] ], [ [ [ 146.101701698474812, 43.430461279364692 ], [ 146.101353994491433, 43.430757225565685 ], [ 146.101644448532625, 43.43080555872973 ], [ 146.101701698474812, 43.430461279364692 ] ] ], [ [ [ 146.108149662177311, 43.430793999743457 ], [ 146.108350219986846, 43.430575054395433 ], [ 146.108148690010239, 43.43047805441887 ], [ 146.108149662177311, 43.430793999743457 ] ] ], [ [ [ 146.111814162993369, 43.430809360164005 ], [ 146.112182581061461, 43.430877838141896 ], [ 146.112104863448849, 43.430612225174229 ], [ 146.111814162993369, 43.430809360164005 ] ] ], [ [ [ 146.101657977034165, 43.431044666878051 ], [ 146.101736004912823, 43.430902694503914 ], [ 146.101515057673964, 43.430949468243512 ], [ 146.101657977034165, 43.431044666878051 ] ] ], [ [ [ 146.10688289153245, 43.430949532095383 ], [ 146.106903501295733, 43.431029748024628 ], [ 146.106923307065131, 43.431006441194484 ], [ 146.10688289153245, 43.430949532095383 ] ] ], [ [ [ 146.102955524278173, 43.431078558728643 ], [ 146.103048417950276, 43.430982946406004 ], [ 146.102843799701759, 43.431018332929909 ], [ 146.102955524278173, 43.431078558728643 ] ] ], [ [ [ 146.103485446196601, 43.431150360600839 ], [ 146.103345421753943, 43.431068053747822 ], [ 146.103327223972428, 43.431093054001394 ], [ 146.103485446196601, 43.431150360600839 ] ] ], [ [ [ 146.108449947607141, 43.431157802490759 ], [ 146.108522361018345, 43.431113919172219 ], [ 146.108458780748265, 43.43111319791592 ], [ 146.108449947607141, 43.431157802490759 ] ] ], [ [ [ 146.109609195308281, 43.431193027136658 ], [ 146.109367587944007, 43.43105522491885 ], [ 146.109483138236442, 43.431323170727921 ], [ 146.109609195308281, 43.431193027136658 ] ] ], [ [ [ 146.103753501722849, 43.431162081465061 ], [ 146.103659727614513, 43.431216279108185 ], [ 146.103757911998173, 43.431213225010481 ], [ 146.103753501722849, 43.431162081465061 ] ] ], [ [ [ 146.108191478853882, 43.431505667452768 ], [ 146.108493306620971, 43.431596306524511 ], [ 146.108542386222325, 43.431455801843924 ], [ 146.108191478853882, 43.431505667452768 ] ] ], [ [ [ 146.071373994214696, 43.431830891982258 ], [ 146.071457976504576, 43.431834027018908 ], [ 146.071426808700494, 43.431775865164241 ], [ 146.071373994214696, 43.431830891982258 ] ] ], [ [ [ 146.082867003509591, 43.431897000246522 ], [ 146.082668637347865, 43.431925135536744 ], [ 146.082952580297501, 43.431943532068544 ], [ 146.082867003509591, 43.431897000246522 ] ] ], [ [ [ 146.10026736704549, 43.431952440752696 ], [ 146.100233773769787, 43.432035135213482 ], [ 146.100287587402363, 43.431993305946492 ], [ 146.10026736704549, 43.431952440752696 ] ] ], [ [ [ 146.069027976859843, 43.432432694013812 ], [ 146.069092554477947, 43.43250422519003 ], [ 146.069134383744995, 43.432467720808859 ], [ 146.069027976859843, 43.432432694013812 ] ] ], [ [ [ 146.106689727948719, 43.434044919437667 ], [ 146.107010440579529, 43.433937414480283 ], [ 146.106645836536359, 43.434011891835496 ], [ 146.106689727948719, 43.434044919437667 ] ] ], [ [ [ 146.107662775516815, 43.435063054516547 ], [ 146.10789097219083, 43.43492525229874 ], [ 146.107612606836483, 43.434973107922758 ], [ 146.107662775516815, 43.435063054516547 ] ] ], [ [ [ 146.10774538274336, 43.436288747727701 ], [ 146.107727497026531, 43.436375586264489 ], [ 146.107770972952267, 43.436332774937796 ], [ 146.10774538274336, 43.436288747727701 ] ] ], [ [ [ 146.110695524179278, 43.436472197733906 ], [ 146.110621970427815, 43.436594694389782 ], [ 146.110737561189694, 43.436518135103995 ], [ 146.110695524179278, 43.436472197733906 ] ] ], [ [ [ 146.109626393943131, 43.436547387352221 ], [ 146.109675913312913, 43.436856837773007 ], [ 146.10997108879485, 43.436786278763918 ], [ 146.109626393943131, 43.436547387352221 ] ] ], [ [ [ 146.109259299677092, 43.438644559598913 ], [ 146.109479078696722, 43.438803000358348 ], [ 146.109867496787729, 43.438589693759525 ], [ 146.109259299677092, 43.438644559598913 ] ] ], [ [ [ 146.109978197036298, 43.438686748594762 ], [ 146.110004889814036, 43.43874066744803 ], [ 146.110025745991607, 43.438707693805213 ], [ 146.109978197036298, 43.438686748594762 ] ] ], [ [ [ 146.108271555388114, 43.439065694126668 ], [ 146.108382891457495, 43.438874413723397 ], [ 146.108045965848873, 43.438754999943455 ], [ 146.108271555388114, 43.439065694126668 ] ] ], [ [ [ 146.109883021784185, 43.438994305942629 ], [ 146.109991114898207, 43.43887522491184 ], [ 146.109715615683285, 43.438915000127338 ], [ 146.109883021784185, 43.438994305942629 ] ] ], [ [ [ 146.10553002519066, 43.439144532294506 ], [ 146.105371166246528, 43.439074919372217 ], [ 146.105398806909534, 43.439158027521103 ], [ 146.10553002519066, 43.439144532294506 ] ] ], [ [ [ 146.109425615799751, 43.439532801997359 ], [ 146.109468637567716, 43.439370747761984 ], [ 146.109303605677042, 43.43948661281712 ], [ 146.109425615799751, 43.439532801997359 ] ] ], [ [ [ 146.106022529016627, 43.439568559041959 ], [ 146.105957976579589, 43.439392864789056 ], [ 146.105893838729799, 43.439439946096797 ], [ 146.106022529016627, 43.439568559041959 ] ] ], [ [ [ 146.082050777921268, 43.44118746822727 ], [ 146.082100219949325, 43.441092972862577 ], [ 146.082029221171751, 43.441136305796022 ], [ 146.082050777921268, 43.44118746822727 ] ] ], [ [ [ 146.102145524696425, 43.442811532326516 ], [ 146.102509688971168, 43.442715332746559 ], [ 146.10251791147266, 43.442682386982767 ], [ 146.102145524696425, 43.442811532326516 ] ] ], [ [ [ 146.101474941615493, 43.443297586214783 ], [ 146.101498949017468, 43.443400802305348 ], [ 146.101560660496261, 43.443354198537577 ], [ 146.101474941615493, 43.443297586214783 ] ] ], [ [ [ 146.092795473032879, 43.445332946258645 ], [ 146.092959415844575, 43.445158775457287 ], [ 146.092922826927065, 43.445071837995101 ], [ 146.092795473032879, 43.445332946258645 ] ] ], [ [ [ 146.101762775931547, 43.446020865570631 ], [ 146.102028832264978, 43.445789864810592 ], [ 146.101688469447481, 43.445872505312025 ], [ 146.101762775931547, 43.446020865570631 ] ] ], [ [ [ 146.091764162885966, 43.446491468206887 ], [ 146.092016328291152, 43.446374027539491 ], [ 146.092000946286817, 43.446262053850887 ], [ 146.091764162885966, 43.446491468206887 ] ] ], [ [ [ 146.101316303904468, 43.446698559591027 ], [ 146.101347470809287, 43.446758135179948 ], [ 146.101367275679422, 43.446733838196224 ], [ 146.101316303904468, 43.446698559591027 ] ] ], [ [ [ 146.102581218348746, 43.446864559152232 ], [ 146.102351387606632, 43.446818946437418 ], [ 146.102337444517616, 43.446846918950314 ], [ 146.102581218348746, 43.446864559152232 ] ] ], [ [ [ 146.102481050959909, 43.447364612786828 ], [ 146.102516834984158, 43.447440467903448 ], [ 146.102553501243278, 43.447397721327945 ], [ 146.102481050959909, 43.447364612786828 ] ] ], [ [ [ 146.10023238701524, 43.447654802427337 ], [ 146.100284643022064, 43.447703468340535 ], [ 146.100281607810075, 43.447671197967566 ], [ 146.10023238701524, 43.447654802427337 ] ] ], [ [ [ 146.100556808450165, 43.447731198036536 ], [ 146.100458832709137, 43.447772135176081 ], [ 146.100586328696295, 43.447796774801475 ], [ 146.100556808450165, 43.447731198036536 ] ] ], [ [ [ 146.100253216213105, 43.447946225038436 ], [ 146.100291024611238, 43.448034081607773 ], [ 146.10031092031295, 43.447961224830806 ], [ 146.100253216213105, 43.447946225038436 ] ] ], [ [ [ 146.096273553381934, 43.448098305792371 ], [ 146.096160531983173, 43.448144467992961 ], [ 146.096272917561237, 43.448127081399832 ], [ 146.096273553381934, 43.448098305792371 ] ] ], [ [ [ 146.099706393335509, 43.448448559353722 ], [ 146.099715109564841, 43.448526802170363 ], [ 146.099796743724937, 43.448509108009091 ], [ 146.099706393335509, 43.448448559353722 ] ] ], [ [ [ 146.096576108700674, 43.448812586032204 ], [ 146.096492917814089, 43.448708252084316 ], [ 146.096462022504511, 43.448803865306331 ], [ 146.096576108700674, 43.448812586032204 ] ] ], [ [ [ 146.100453838773774, 43.449062000411175 ], [ 146.100490414201431, 43.449105945782946 ], [ 146.10049654937643, 43.449057440848378 ], [ 146.100453838773774, 43.449062000411175 ] ] ], [ [ [ 146.098730699962061, 43.449436027550803 ], [ 146.09884311251983, 43.449494414235971 ], [ 146.09886878096961, 43.449466613493598 ], [ 146.098730699962061, 43.449436027550803 ] ] ], [ [ [ 146.114636549437364, 43.457641892459549 ], [ 146.114535719248238, 43.45751146827979 ], [ 146.114484253745445, 43.457659946349622 ], [ 146.114636549437364, 43.457641892459549 ] ] ], [ [ [ 146.113167911570031, 43.473354170958373 ], [ 146.113065965322221, 43.473106748577777 ], [ 146.112925330239932, 43.473117026929401 ], [ 146.113167911570031, 43.473354170958373 ] ] ], [ [ [ 146.141736782926387, 43.405831333349511 ], [ 146.142124863771642, 43.40620902702517 ], [ 146.142282554496433, 43.405854505281354 ], [ 146.141736782926387, 43.405831333349511 ] ] ], [ [ [ 146.150662749386584, 43.406426559538261 ], [ 146.150628715443077, 43.406899333137858 ], [ 146.150902917835538, 43.406543278949357 ], [ 146.150662749386584, 43.406426559538261 ] ] ], [ [ [ 146.156994136670278, 43.406761000320103 ], [ 146.157086056376556, 43.40673302690783 ], [ 146.157004772952064, 43.406723892493801 ], [ 146.156994136670278, 43.406761000320103 ] ] ], [ [ [ 146.157012282291134, 43.407001000595869 ], [ 146.157446394036015, 43.407018306249995 ], [ 146.157464253672515, 43.40688766713231 ], [ 146.157012282291134, 43.407001000595869 ] ] ], [ [ [ 146.151914448293383, 43.407381802328473 ], [ 146.152032826953587, 43.407122360508708 ], [ 146.15187258035553, 43.407225775349445 ], [ 146.151914448293383, 43.407381802328473 ] ] ], [ [ [ 146.148849441848483, 43.407512667176036 ], [ 146.148851970742044, 43.407241080911319 ], [ 146.148568585372118, 43.407203224849127 ], [ 146.148849441848483, 43.407512667176036 ] ] ], [ [ [ 146.154835031711514, 43.407563279222131 ], [ 146.154886199538623, 43.407389864750598 ], [ 146.154750609653092, 43.407430972761347 ], [ 146.154835031711514, 43.407563279222131 ] ] ], [ [ [ 146.158333332417556, 43.407960972920705 ], [ 146.158219636527178, 43.407308000364083 ], [ 146.157107522294496, 43.407657306039994 ], [ 146.157517950393299, 43.408098107841568 ], [ 146.158333332417556, 43.407960972920705 ] ] ], [ [ [ 146.15490622564198, 43.407824441444973 ], [ 146.155043216671288, 43.407683747906788 ], [ 146.154789883046874, 43.407730053998932 ], [ 146.15490622564198, 43.407824441444973 ] ] ], [ [ [ 146.154004941275161, 43.407963107911257 ], [ 146.153973164629974, 43.407787721226498 ], [ 146.153830635575559, 43.408036279450926 ], [ 146.154004941275161, 43.407963107911257 ] ] ], [ [ [ 146.146684059621862, 43.408420198233728 ], [ 146.146538910842196, 43.40790327961281 ], [ 146.146335135258482, 43.408233360481347 ], [ 146.146684059621862, 43.408420198233728 ] ] ], [ [ [ 146.157093449703098, 43.408465081598422 ], [ 146.157102113771657, 43.408289505156688 ], [ 146.157018248393683, 43.408277108002324 ], [ 146.157093449703098, 43.408465081598422 ] ] ], [ [ [ 146.15966491540371, 43.408495775459812 ], [ 146.159281750252717, 43.408338865346536 ], [ 146.159236303912508, 43.408516892440787 ], [ 146.15966491540371, 43.408495775459812 ] ] ], [ [ [ 146.155701698474786, 43.408496198141222 ], [ 146.155773255731333, 43.408548586348331 ], [ 146.155793112762126, 43.40850738750612 ], [ 146.155701698474786, 43.408496198141222 ] ] ], [ [ [ 146.15523783355934, 43.408474305944651 ], [ 146.155286471593513, 43.408609224935958 ], [ 146.155325914059858, 43.408587170861438 ], [ 146.15523783355934, 43.408474305944651 ] ] ], [ [ [ 146.158237950321336, 43.408635252215277 ], [ 146.158216160647498, 43.408564387436684 ], [ 146.158191361842, 43.408601054595181 ], [ 146.158237950321336, 43.408635252215277 ] ] ], [ [ [ 146.158709299394786, 43.408822838203605 ], [ 146.159112606661665, 43.408705197886718 ], [ 146.1590637734746, 43.408627224866677 ], [ 146.158709299394786, 43.408822838203605 ] ] ], [ [ [ 146.155582697483737, 43.40907605401685 ], [ 146.155008300492796, 43.408836026761378 ], [ 146.155245887887645, 43.409162747762764 ], [ 146.155582697483737, 43.40907605401685 ] ] ], [ [ [ 146.147970077557261, 43.409063946444121 ], [ 146.14812396864636, 43.408857721107097 ], [ 146.147855771926515, 43.408920586416116 ], [ 146.147970077557261, 43.409063946444121 ] ] ], [ [ [ 146.154578105295514, 43.410917171290578 ], [ 146.158764500681286, 43.409131468442695 ], [ 146.156843190860741, 43.408657441188154 ], [ 146.15701053131113, 43.408023468608349 ], [ 146.156314526194592, 43.407472306501916 ], [ 146.156070583291012, 43.409276504806996 ], [ 146.154848053894739, 43.409271000056776 ], [ 146.153081724242384, 43.407348720767004 ], [ 146.152475109938564, 43.407496027020215 ], [ 146.152687522611245, 43.40853455872309 ], [ 146.151354616722415, 43.408731919442687 ], [ 146.151527690350804, 43.406813224850623 ], [ 146.15088442237834, 43.407879306385041 ], [ 146.149957522621776, 43.406274135243336 ], [ 146.149450660219941, 43.406529747749801 ], [ 146.149170505214784, 43.408585387505809 ], [ 146.150690855898461, 43.408951306357892 ], [ 146.151736108235013, 43.410500332824256 ], [ 146.153224890016872, 43.410557197856576 ], [ 146.153420777646943, 43.411567918924504 ], [ 146.154338365823151, 43.411703999839915 ], [ 146.154578105295514, 43.410917171290578 ] ] ], [ [ [ 146.159966912243362, 43.40894522514219 ], [ 146.159283968880231, 43.409867666959428 ], [ 146.15992258106246, 43.409875748267325 ], [ 146.159966912243362, 43.40894522514219 ] ] ], [ [ [ 146.158338222930865, 43.409765721610938 ], [ 146.158285446216496, 43.409831640118284 ], [ 146.158333553650778, 43.409816000008561 ], [ 146.158338222930865, 43.409765721610938 ] ] ], [ [ [ 146.160336887037829, 43.409914080970225 ], [ 146.160228028600841, 43.409855919115557 ], [ 146.160184916001299, 43.409889026757355 ], [ 146.160336887037829, 43.409914080970225 ] ] ], [ [ [ 146.150733527830198, 43.410070505449653 ], [ 146.150935615386516, 43.409931441483025 ], [ 146.150773605217864, 43.409935838268495 ], [ 146.150733527830198, 43.410070505449653 ] ] ], [ [ [ 146.150595005255468, 43.410360640231545 ], [ 146.150624253906358, 43.4102940004679 ], [ 146.150565576740178, 43.410311919459673 ], [ 146.150595005255468, 43.410360640231545 ] ] ], [ [ [ 146.150751244474577, 43.411046694349636 ], [ 146.150486004725508, 43.411043999980791 ], [ 146.150749078907097, 43.411086640436281 ], [ 146.150751244474577, 43.411046694349636 ] ] ], [ [ [ 146.15480802866773, 43.41145036044594 ], [ 146.154886588945146, 43.411542612901428 ], [ 146.154899195641519, 43.411512387586811 ], [ 146.15480802866773, 43.41145036044594 ] ] ], [ [ [ 146.150893501933751, 43.411556054168727 ], [ 146.150915136024878, 43.41167544096902 ], [ 146.15096756200353, 43.411573667390996 ], [ 146.150893501933751, 43.411556054168727 ] ] ], [ [ [ 146.15448688706033, 43.411989720749204 ], [ 146.154459000882412, 43.41181689173635 ], [ 146.154413475401725, 43.411858891874544 ], [ 146.15448688706033, 43.411989720749204 ] ] ], [ [ [ 146.154362139401428, 43.412087171286089 ], [ 146.154440557585872, 43.41237153242048 ], [ 146.15462474683477, 43.412224558916421 ], [ 146.154362139401428, 43.412087171286089 ] ] ], [ [ [ 146.156391244660426, 43.413613279429455 ], [ 146.156355472327391, 43.413542359792245 ], [ 146.156271439675379, 43.413575775002187 ], [ 146.156391244660426, 43.413613279429455 ] ] ], [ [ [ 146.16442141351763, 43.413528531816439 ], [ 146.164576808273296, 43.413847081577728 ], [ 146.164640414623591, 43.413494108466523 ], [ 146.16442141351763, 43.413528531816439 ] ] ], [ [ [ 146.15533177674024, 43.414041666989533 ], [ 146.155119558321189, 43.413930667266641 ], [ 146.155365939286867, 43.414148081069243 ], [ 146.15533177674024, 43.414041666989533 ] ] ], [ [ [ 146.163638470039587, 43.414746225558019 ], [ 146.163915576342902, 43.414969532617988 ], [ 146.163922697174939, 43.414877558952355 ], [ 146.163638470039587, 43.414746225558019 ] ] ], [ [ [ 146.156571283538028, 43.416468224928792 ], [ 146.156576860234054, 43.416394694559699 ], [ 146.156535005786054, 43.416430532543188 ], [ 146.156571283538028, 43.416468224928792 ] ] ], [ [ [ 146.156874383845889, 43.416546467745434 ], [ 146.156905693742942, 43.416602305751951 ], [ 146.156998884191353, 43.416569413947457 ], [ 146.156874383845889, 43.416546467745434 ] ] ], [ [ [ 146.156225304454438, 43.416524251792964 ], [ 146.15623596591729, 43.416625081082771 ], [ 146.156300362771731, 43.416579748057075 ], [ 146.156225304454438, 43.416524251792964 ] ] ], [ [ [ 146.156671218901806, 43.416831613088618 ], [ 146.156593721623153, 43.416668225158617 ], [ 146.156628689962304, 43.416819613434598 ], [ 146.156671218901806, 43.416831613088618 ] ] ], [ [ [ 146.15574522656118, 43.416927720937736 ], [ 146.155259532401715, 43.416549306005834 ], [ 146.155138715679414, 43.416904108338088 ], [ 146.15574522656118, 43.416927720937736 ] ] ], [ [ [ 146.163896497225778, 43.416904639837412 ], [ 146.163771828707127, 43.416751774874683 ], [ 146.16382871532312, 43.41692919852386 ], [ 146.163896497225778, 43.416904639837412 ] ] ], [ [ [ 146.156981413961262, 43.416766973417282 ], [ 146.157284552939927, 43.416826279209602 ], [ 146.157281581579923, 43.416756225619508 ], [ 146.156981413961262, 43.416766973417282 ] ] ], [ [ [ 146.153536938579009, 43.416994586431201 ], [ 146.15387077771436, 43.416710639884286 ], [ 146.153375083993069, 43.416807225273374 ], [ 146.153536938579009, 43.416994586431201 ] ] ], [ [ [ 146.156778274198132, 43.416881721514414 ], [ 146.156738754390176, 43.417013413738232 ], [ 146.156766056908168, 43.41703483828735 ], [ 146.156778274198132, 43.416881721514414 ] ] ], [ [ [ 146.16738944156964, 43.422774585878585 ], [ 146.16845902686282, 43.422380252047162 ], [ 146.167545641218567, 43.422135747966536 ], [ 146.166710440834322, 43.421499865226792 ], [ 146.166790609998884, 43.417886694115793 ], [ 146.164298884486129, 43.418209892472703 ], [ 146.163238274427044, 43.417598892175306 ], [ 146.163727082039372, 43.412915559305759 ], [ 146.162738339502994, 43.411572748283845 ], [ 146.161870946986824, 43.411635333004369 ], [ 146.161682022807327, 43.413057251990779 ], [ 146.160353060445573, 43.413040865443747 ], [ 146.159866743955263, 43.413780108165611 ], [ 146.157700829329997, 43.413676080886603 ], [ 146.155974616635376, 43.414573197794994 ], [ 146.153958884295207, 43.41421097335791 ], [ 146.154926938827316, 43.415920892135603 ], [ 146.155715745885118, 43.415567972983752 ], [ 146.161703164969254, 43.418324108171248 ], [ 146.163379999487574, 43.422402504871854 ], [ 146.16730891087775, 43.423693666929353 ], [ 146.16738944156964, 43.422774585878585 ] ] ], [ [ [ 146.16413822240122, 43.417745693908842 ], [ 146.164076977670561, 43.417508720751016 ], [ 146.164053475687524, 43.417650559126173 ], [ 146.16413822240122, 43.417745693908842 ] ] ], [ [ [ 146.164261439414076, 43.417978000484482 ], [ 146.16437399496408, 43.418046224853583 ], [ 146.164375161384783, 43.417966775146738 ], [ 146.164261439414076, 43.417978000484482 ] ] ], [ [ [ 146.161534721050771, 43.420651027523093 ], [ 146.161381776947678, 43.420720838296234 ], [ 146.161581555944281, 43.420705748571606 ], [ 146.161534721050771, 43.420651027523093 ] ] ], [ [ [ 146.16177708204691, 43.420899640606081 ], [ 146.161910336393134, 43.420710559045233 ], [ 146.161663994997525, 43.420798000127775 ], [ 146.16177708204691, 43.420899640606081 ] ] ], [ [ [ 146.161361581771757, 43.421855694584792 ], [ 146.161731893811975, 43.421610053761128 ], [ 146.16164797627323, 43.421440359784924 ], [ 146.161361581771757, 43.421855694584792 ] ] ], [ [ [ 146.163107755818487, 43.422085224953321 ], [ 146.163016393691805, 43.422077108571898 ], [ 146.16310852024219, 43.422135918837739 ], [ 146.163107755818487, 43.422085224953321 ] ] ], [ [ [ 146.115747755354846, 43.458233198503478 ], [ 146.115753942690503, 43.458114864809318 ], [ 146.115681945665415, 43.458148892457586 ], [ 146.115747755354846, 43.458233198503478 ] ] ], [ [ [ 146.11906053131861, 43.460189838190672 ], [ 146.119038884637007, 43.460286224829588 ], [ 146.119102801253462, 43.460221693976166 ], [ 146.11906053131861, 43.460189838190672 ] ] ], [ [ [ 146.120616005024772, 43.460309251970557 ], [ 146.120571140545849, 43.460396252385294 ], [ 146.120682165449807, 43.460397720978222 ], [ 146.120616005024772, 43.460309251970557 ] ] ], [ [ [ 146.123299026229233, 43.460319945809033 ], [ 146.123396523530914, 43.460377918806103 ], [ 146.123387249721986, 43.460339333393676 ], [ 146.123299026229233, 43.460319945809033 ] ] ], [ [ [ 146.121097664825584, 43.460389386960799 ], [ 146.121045498750959, 43.460503946200333 ], [ 146.121141439326152, 43.460466198056736 ], [ 146.121097664825584, 43.460389386960799 ] ] ], [ [ [ 146.120573916753074, 43.460519802147303 ], [ 146.120539143566816, 43.460469802539535 ], [ 146.12050085582996, 43.460495171515106 ], [ 146.120573916753074, 43.460519802147303 ] ] ], [ [ [ 146.121489299791506, 43.46052650479453 ], [ 146.121446278023541, 43.460596919012744 ], [ 146.121531309822217, 43.460569414147301 ], [ 146.121489299791506, 43.46052650479453 ] ] ], [ [ [ 146.120587055848091, 43.460628531981342 ], [ 146.120764720515581, 43.460522440758211 ], [ 146.120526419958537, 43.460598251808051 ], [ 146.120587055848091, 43.460628531981342 ] ] ], [ [ [ 146.122997223643097, 43.460462559399787 ], [ 146.122927833752669, 43.46069817098396 ], [ 146.123087366289155, 43.460677667340633 ], [ 146.122997223643097, 43.460462559399787 ] ] ], [ [ [ 146.120873410779495, 43.460679973202389 ], [ 146.120971581673302, 43.460709640038033 ], [ 146.120964577753284, 43.460672468359917 ], [ 146.120873410779495, 43.460679973202389 ] ] ], [ [ [ 146.119289585046545, 43.460914919288257 ], [ 146.119403450009372, 43.460898225173139 ], [ 146.119281996567111, 43.460860468036344 ], [ 146.119289585046545, 43.460914919288257 ] ] ], [ [ [ 146.123495615330512, 43.4612121982845 ], [ 146.12336852044109, 43.461080613080014 ], [ 146.123362671250447, 43.461172802582951 ], [ 146.123495615330512, 43.4612121982845 ] ] ], [ [ [ 146.124398028346491, 43.461493748138139 ], [ 146.124264616618916, 43.461258586214967 ], [ 146.124199026364181, 43.461248919402294 ], [ 146.124398028346491, 43.461493748138139 ] ] ], [ [ [ 146.124633579676129, 43.461476107936221 ], [ 146.124780803191697, 43.46132172132053 ], [ 146.124448689855285, 43.461342892260859 ], [ 146.124633579676129, 43.461476107936221 ] ] ], [ [ [ 146.125412165938883, 43.461577892306025 ], [ 146.125459804826278, 43.46149466724529 ], [ 146.125359662618507, 43.461502558796212 ], [ 146.125412165938883, 43.461577892306025 ] ] ], [ [ [ 146.125480751835426, 43.461732278921716 ], [ 146.125289467834818, 43.461710053975992 ], [ 146.125502528918787, 43.461778414142657 ], [ 146.125480751835426, 43.461732278921716 ] ] ], [ [ [ 146.124248806537366, 43.461867865209967 ], [ 146.124385252577554, 43.461951054297856 ], [ 146.124381555464538, 43.461915612915391 ], [ 146.124248806537366, 43.461867865209967 ] ] ], [ [ [ 146.130145446255483, 43.463451586621602 ], [ 146.12996769075653, 43.463572198298493 ], [ 146.130176108640626, 43.463586225024414 ], [ 146.130145446255483, 43.463451586621602 ] ] ], [ [ [ 146.133992165905966, 43.464253360104635 ], [ 146.134103644967468, 43.464381613320938 ], [ 146.134085187281698, 43.464268802363506 ], [ 146.133992165905966, 43.464253360104635 ] ] ], [ [ [ 146.133116328755705, 43.464574053849674 ], [ 146.132976134341334, 43.46465864048406 ], [ 146.133165252774347, 43.464645531965914 ], [ 146.133116328755705, 43.464574053849674 ] ] ], [ [ [ 146.142635965577483, 43.465850198128294 ], [ 146.142962697370763, 43.466254027001924 ], [ 146.142821114403091, 43.465748748306282 ], [ 146.142635965577483, 43.465850198128294 ] ] ], [ [ [ 146.143072775288488, 43.46617666731953 ], [ 146.143171945329186, 43.466169693976383 ], [ 146.143063190314138, 43.466143531798707 ], [ 146.143072775288488, 43.46617666731953 ] ] ], [ [ [ 146.144242917376914, 43.466341639854988 ], [ 146.143281244434093, 43.466143467946836 ], [ 146.143192386919281, 43.46638691892133 ], [ 146.143715356178973, 43.466601505255426 ], [ 146.144242917376914, 43.466341639854988 ] ] ], [ [ [ 146.144600051651196, 43.466562225566406 ], [ 146.144902165402755, 43.46684619819365 ], [ 146.145055135586176, 43.466712225289143 ], [ 146.144600051651196, 43.466562225566406 ] ] ], [ [ [ 146.145406471931324, 43.466885306112147 ], [ 146.14545247675062, 43.466802359841211 ], [ 146.145370972992168, 43.466802865260206 ], [ 146.145406471931324, 43.466885306112147 ] ] ], [ [ [ 146.145252282267165, 43.46697555937476 ], [ 146.145205031886917, 43.467073865166924 ], [ 146.145307859470336, 43.467064081442345 ], [ 146.145252282267165, 43.46697555937476 ] ] ], [ [ [ 146.145837418961946, 43.467174198030989 ], [ 146.145601361313993, 43.467129838071742 ], [ 146.145605187929277, 43.467176919379483 ], [ 146.145837418961946, 43.467174198030989 ] ] ], [ [ [ 146.14583082962929, 43.467403559326954 ], [ 146.145925356470229, 43.467431612778853 ], [ 146.145897664545714, 43.467391306064087 ], [ 146.14583082962929, 43.467403559326954 ] ] ], [ [ [ 146.146046614759598, 43.467498945919772 ], [ 146.146078559578086, 43.467597107820438 ], [ 146.146101919468151, 43.467569892536687 ], [ 146.146046614759598, 43.467498945919772 ] ] ], [ [ [ 146.146630142567233, 43.467653225516131 ], [ 146.146757496461419, 43.467642359907131 ], [ 146.146686977921831, 43.467604332973735 ], [ 146.146630142567233, 43.467653225516131 ] ] ], [ [ [ 146.148155135551292, 43.468338279588124 ], [ 146.148254915332245, 43.46836758579559 ], [ 146.14820805345903, 43.468325108117426 ], [ 146.148155135551292, 43.468338279588124 ] ] ], [ [ [ 146.14853192001226, 43.468548972757048 ], [ 146.148419299711122, 43.468583802600563 ], [ 146.14851038844381, 43.468628198532713 ], [ 146.14853192001226, 43.468548972757048 ] ] ], [ [ [ 146.14943102442237, 43.468803441325917 ], [ 146.149434837547915, 43.468922999896677 ], [ 146.149469000993804, 43.468864667170806 ], [ 146.14943102442237, 43.468803441325917 ] ] ], [ [ [ 146.1523061345207, 43.470007747759496 ], [ 146.152450751800984, 43.470288387499238 ], [ 146.152630505593493, 43.470204612952671 ], [ 146.1523061345207, 43.470007747759496 ] ] ], [ [ [ 146.152921088237804, 43.470438837782297 ], [ 146.152773942963222, 43.470258558785645 ], [ 146.152695278364604, 43.470385838036179 ], [ 146.152921088237804, 43.470438837782297 ] ] ], [ [ [ 146.153903994174129, 43.471092865243691 ], [ 146.153291970448208, 43.470386026893777 ], [ 146.153039169222438, 43.470679613273717 ], [ 146.153903994174129, 43.471092865243691 ] ] ], [ [ [ 146.154203475610075, 43.471015865290099 ], [ 146.154122865777822, 43.471116865451165 ], [ 146.15422919532125, 43.471108865082215 ], [ 146.154203475610075, 43.471015865290099 ] ] ], [ [ [ 146.156407392887104, 43.471868053867752 ], [ 146.155992087764844, 43.471982559147932 ], [ 146.156522580752721, 43.471922225430546 ], [ 146.156407392887104, 43.471868053867752 ] ] ], [ [ [ 146.156276614374406, 43.472148721486462 ], [ 146.156668365352971, 43.472259973019504 ], [ 146.15669405988308, 43.472125170940046 ], [ 146.156276614374406, 43.472148721486462 ] ] ], [ [ [ 146.155948339344604, 43.472464865561278 ], [ 146.156059415509844, 43.472424720724462 ], [ 146.155935550985077, 43.472413838028388 ], [ 146.155948339344604, 43.472464865561278 ] ] ], [ [ [ 146.161511218168357, 43.472291666927049 ], [ 146.161216134417259, 43.472836747817837 ], [ 146.161670777684435, 43.472420892310481 ], [ 146.161511218168357, 43.472291666927049 ] ] ], [ [ [ 146.156217755545185, 43.472503946500126 ], [ 146.156210894617288, 43.472628721138733 ], [ 146.156265161508145, 43.472566640038565 ], [ 146.156217755545185, 43.472503946500126 ] ] ], [ [ [ 146.162501802516317, 43.472764532257543 ], [ 146.161805005996371, 43.472489387375504 ], [ 146.161346549603763, 43.473084946313406 ], [ 146.161869857008469, 43.473163000272393 ], [ 146.162501802516317, 43.472764532257543 ] ] ], [ [ [ 146.162602308949545, 43.472885613380527 ], [ 146.162519000251791, 43.472974441217673 ], [ 146.162617860026444, 43.472932666809299 ], [ 146.162602308949545, 43.472885613380527 ] ] ], [ [ [ 146.162984305881196, 43.47331505404668 ], [ 146.162957275857821, 43.472762918873798 ], [ 146.162434889358792, 43.473190837887046 ], [ 146.162984305881196, 43.47331505404668 ] ] ], [ [ [ 146.162976160721428, 43.473455586606178 ], [ 146.162976497967179, 43.473566468517902 ], [ 146.163045667523761, 43.473532252011978 ], [ 146.162976160721428, 43.473455586606178 ] ] ], [ [ [ 146.158852891447964, 43.473569467756874 ], [ 146.158681802623278, 43.473616027457865 ], [ 146.158872723297691, 43.473608251919472 ], [ 146.158852891447964, 43.473569467756874 ] ] ], [ [ [ 146.164583501927268, 43.475043387342623 ], [ 146.163929804517011, 43.474598026877629 ], [ 146.163604033199704, 43.475000000449825 ], [ 146.164018910244636, 43.47533930656391 ], [ 146.164583501927268, 43.475043387342623 ] ] ], [ [ [ 146.135366666338768, 43.548829973324757 ], [ 146.13728330687934, 43.548119197742949 ], [ 146.141285772020979, 43.548455278888184 ], [ 146.141963695368418, 43.545443891822345 ], [ 146.150034500991637, 43.53938413487009 ], [ 146.162895278394558, 43.534435305944783 ], [ 146.178073747205872, 43.53225127897349 ], [ 146.193780660349375, 43.533987108118708 ], [ 146.20420108870951, 43.533708972990894 ], [ 146.203756328991517, 43.531822946272143 ], [ 146.196824448189886, 43.527490468610381 ], [ 146.190810026062081, 43.520493667548863 ], [ 146.183655771696635, 43.514561946177025 ], [ 146.180719585040947, 43.510764504878182 ], [ 146.178964305358591, 43.50533769437925 ], [ 146.179254227900515, 43.504540386929477 ], [ 146.178300855700058, 43.503896000200427 ], [ 146.178311777067051, 43.501797837800154 ], [ 146.180995771337962, 43.498134198534615 ], [ 146.184442528300224, 43.495979359959676 ], [ 146.195194642818706, 43.495530748445447 ], [ 146.196668689208764, 43.494547252553843 ], [ 146.194828300385893, 43.494432505356031 ], [ 146.194644474463075, 43.494124919229819 ], [ 146.195171439410615, 43.493545279191437 ], [ 146.19420861173819, 43.493484252096721 ], [ 146.194138884602012, 43.492577225558705 ], [ 146.18894907873721, 43.490546225428147 ], [ 146.18992461652806, 43.489141198407765 ], [ 146.193751828983864, 43.488711441180214 ], [ 146.19285593965003, 43.488671054425765 ], [ 146.192025771872068, 43.48822438724585 ], [ 146.193460725632121, 43.488464775129444 ], [ 146.189828274855131, 43.485906721018523 ], [ 146.188430920850465, 43.487336640373826 ], [ 146.187042969257845, 43.48696019855447 ], [ 146.186737859864479, 43.48453069443616 ], [ 146.188123864424938, 43.484079332795147 ], [ 146.186492048169612, 43.483145135040104 ], [ 146.185708715285159, 43.483491468456691 ], [ 146.184747301347102, 43.481618865018788 ], [ 146.182786912386291, 43.48135941420577 ], [ 146.18126469471008, 43.482287224975607 ], [ 146.179552334273012, 43.481094613325922 ], [ 146.179537885764944, 43.480278000129772 ], [ 146.181060894844563, 43.480128720764014 ], [ 146.180017561661316, 43.479590107797378 ], [ 146.175935304171162, 43.47820053202912 ], [ 146.175410505690479, 43.479206413845077 ], [ 146.174411166442383, 43.47835164061587 ], [ 146.173579000370751, 43.479197027620899 ], [ 146.173097055484845, 43.478076000207409 ], [ 146.171522411829983, 43.477814837984567 ], [ 146.170055745276613, 43.478732505301025 ], [ 146.169581633485791, 43.47844817114634 ], [ 146.170307223599707, 43.477600080779268 ], [ 146.167287133794389, 43.476672171083976 ], [ 146.166135135528293, 43.476669332823633 ], [ 146.164854915522142, 43.478602108100972 ], [ 146.163343086814166, 43.478455171469136 ], [ 146.161541633239949, 43.476602801877959 ], [ 146.163383644439818, 43.475344305895192 ], [ 146.163391581856217, 43.47434489200333 ], [ 146.157877638742207, 43.473666532484629 ], [ 146.151860310904794, 43.471869251764701 ], [ 146.147299441416294, 43.472103973020126 ], [ 146.139285083539903, 43.467733999924349 ], [ 146.137005226610086, 43.467822027364832 ], [ 146.133536549572227, 43.466591198125457 ], [ 146.13155724966748, 43.465410532170495 ], [ 146.131933916317394, 43.46439813476627 ], [ 146.128052917208493, 43.463326252604645 ], [ 146.126566783030739, 43.461954387185415 ], [ 146.125917950952839, 43.46248310850882 ], [ 146.120738559237338, 43.462022251825601 ], [ 146.118825057330696, 43.461027251806399 ], [ 146.117954033352135, 43.458775946552862 ], [ 146.115749856171078, 43.458316080922543 ], [ 146.115367418571736, 43.460941864775407 ], [ 146.117224500610405, 43.462766440818768 ], [ 146.117377418633168, 43.464312612836977 ], [ 146.116353501812796, 43.466415279042053 ], [ 146.118139921420379, 43.46765205459883 ], [ 146.118241529523175, 43.470809505054774 ], [ 146.116444890019807, 43.473630559602782 ], [ 146.113885382604508, 43.473396108144016 ], [ 146.109546134846369, 43.477840000116089 ], [ 146.106847781999704, 43.477706108150528 ], [ 146.108017133583985, 43.479439892237394 ], [ 146.106948910763776, 43.488383414363227 ], [ 146.105794085928551, 43.491489000017509 ], [ 146.103461698698652, 43.494523505055895 ], [ 146.095357638844121, 43.500378414432419 ], [ 146.088866056223651, 43.500922559128981 ], [ 146.086358079961656, 43.503769505158687 ], [ 146.085483112455904, 43.508631134919085 ], [ 146.078371140615786, 43.517457252350482 ], [ 146.073074162542753, 43.521168972969917 ], [ 146.068082697658497, 43.522561558769098 ], [ 146.061678884373237, 43.523155441370704 ], [ 146.059990583498802, 43.522934802599252 ], [ 146.059791244270741, 43.521697107935324 ], [ 146.058538079468917, 43.522064694130506 ], [ 146.061178754296293, 43.524579225551008 ], [ 146.082400699632785, 43.533363775418081 ], [ 146.094780466545444, 43.534355054042692 ], [ 146.109446938725455, 43.540605027500192 ], [ 146.119273086983526, 43.540584865599214 ], [ 146.128718858888419, 43.545111972739505 ], [ 146.130414111522214, 43.547458775202472 ], [ 146.135366666338768, 43.548829973324757 ] ] ], [ [ [ 146.141961335547421, 43.547128000057342 ], [ 146.141914136428454, 43.547201972892879 ], [ 146.142014915356185, 43.54717091930263 ], [ 146.141961335547421, 43.547128000057342 ] ] ], [ [ [ 146.129998079747793, 43.547828441529532 ], [ 146.129972528209805, 43.547764532107635 ], [ 146.129914474273733, 43.547800892597309 ], [ 146.129998079747793, 43.547828441529532 ] ] ], [ [ [ 146.140770947021792, 43.548970801761243 ], [ 146.140606328819217, 43.549014135594064 ], [ 146.140782554571388, 43.549035279554687 ], [ 146.140770947021792, 43.548970801761243 ] ] ], [ [ [ 146.14057916929346, 43.549165946551341 ], [ 146.140663916906419, 43.549131171566501 ], [ 146.140571504371565, 43.549097586384676 ], [ 146.14057916929346, 43.549165946551341 ] ] ], [ [ [ 146.140460168302297, 43.549181640620361 ], [ 146.14035749630159, 43.549145504961245 ], [ 146.140376030429593, 43.549185027467217 ], [ 146.140460168302297, 43.549181640620361 ] ] ], [ [ [ 146.165512826256077, 43.413471198237403 ], [ 146.165117976213764, 43.41419889186551 ], [ 146.165324136799654, 43.414271774722806 ], [ 146.165512826256077, 43.413471198237403 ] ] ], [ [ [ 146.166126834785814, 43.414428252262212 ], [ 146.16560272338711, 43.414589613120313 ], [ 146.166169493227699, 43.414604198325264 ], [ 146.166126834785814, 43.414428252262212 ] ] ], [ [ [ 146.165177755948889, 43.414737694589121 ], [ 146.16494036280767, 43.414881891885955 ], [ 146.165250362714232, 43.415012531903017 ], [ 146.165177755948889, 43.414737694589121 ] ] ], [ [ [ 146.166091166774095, 43.41730608101102 ], [ 146.166090998600907, 43.417405775356428 ], [ 146.166150505841301, 43.417369919386431 ], [ 146.166091166774095, 43.41730608101102 ] ] ], [ [ [ 146.166448910788745, 43.41763538756328 ], [ 146.166534227672628, 43.417588747822606 ], [ 146.166452476600739, 43.417592198521334 ], [ 146.166448910788745, 43.41763538756328 ] ] ], [ [ [ 146.167023890540349, 43.417696170941724 ], [ 146.167136912838487, 43.417681467925547 ], [ 146.167021776234151, 43.417661440922927 ], [ 146.167023890540349, 43.417696170941724 ] ] ], [ [ [ 146.167819584606377, 43.419205720767593 ], [ 146.167568689943209, 43.418968198123991 ], [ 146.167286743488603, 43.419176532371239 ], [ 146.167819584606377, 43.419205720767593 ] ] ], [ [ [ 146.167259415789545, 43.419991441352124 ], [ 146.167443501616503, 43.419894252517906 ], [ 146.167202243189195, 43.419907414096031 ], [ 146.167259415789545, 43.419991441352124 ] ] ], [ [ [ 146.167122437350827, 43.420606359995702 ], [ 146.16714988286094, 43.420529892440754 ], [ 146.167101335658344, 43.420555306382425 ], [ 146.167122437350827, 43.420606359995702 ] ] ], [ [ [ 146.167123086661263, 43.420992224911402 ], [ 146.167212022417061, 43.420937892369977 ], [ 146.167121114448037, 43.420958054270955 ], [ 146.167123086661263, 43.420992224911402 ] ] ], [ [ [ 146.16738330639464, 43.421134865481804 ], [ 146.167497781997213, 43.421112694495434 ], [ 146.167384111287902, 43.421094386996515 ], [ 146.16738330639464, 43.421134865481804 ] ] ], [ [ [ 146.167606303188563, 43.42178289176718 ], [ 146.167687664854043, 43.421421413767405 ], [ 146.167377561525427, 43.421618559549074 ], [ 146.167606303188563, 43.42178289176718 ] ] ], [ [ [ 146.166958144702789, 43.421608720965878 ], [ 146.167047029197192, 43.421649306470499 ], [ 146.167043475975788, 43.421603531877679 ], [ 146.166958144702789, 43.421608720965878 ] ] ], [ [ [ 146.167789804456106, 43.422044505449719 ], [ 146.167650414934883, 43.421858279236346 ], [ 146.167537523038391, 43.421896387108745 ], [ 146.167789804456106, 43.422044505449719 ] ] ], [ [ [ 146.169610531401077, 43.423063279047255 ], [ 146.169205524415588, 43.422821170760585 ], [ 146.169223280630035, 43.423134505353289 ], [ 146.169610531401077, 43.423063279047255 ] ] ], [ [ [ 146.167864616359111, 43.423801613453861 ], [ 146.167828105682702, 43.42390780180375 ], [ 146.167903721579705, 43.423867865609679 ], [ 146.167864616359111, 43.423801613453861 ] ] ], [ [ [ 146.170475771839619, 43.424327802286427 ], [ 146.17062961076806, 43.423552387033226 ], [ 146.169782917947487, 43.423537027511998 ], [ 146.170475771839619, 43.424327802286427 ] ] ], [ [ [ 146.170706225811841, 43.424822414123298 ], [ 146.170749104587685, 43.424613586148268 ], [ 146.170588028814677, 43.424614360464545 ], [ 146.170706225811841, 43.424822414123298 ] ] ], [ [ [ 146.174384188579666, 43.425122613218207 ], [ 146.174938611627795, 43.424602054141644 ], [ 146.173921803048984, 43.424561054049548 ], [ 146.174384188579666, 43.425122613218207 ] ] ], [ [ [ 146.175238520241692, 43.425044838049018 ], [ 146.175230051326025, 43.424966838049329 ], [ 146.175158144233137, 43.424978000434521 ], [ 146.175238520241692, 43.425044838049018 ] ] ], [ [ [ 146.170481219033263, 43.425071135124938 ], [ 146.170616199178426, 43.42496602686083 ], [ 146.170469415431398, 43.424934504723808 ], [ 146.170481219033263, 43.425071135124938 ] ] ], [ [ [ 146.174741777011604, 43.425410252381425 ], [ 146.174693747818424, 43.425227000226073 ], [ 146.174638806435951, 43.425284135054937 ], [ 146.174741777011604, 43.425410252381425 ] ] ], [ [ [ 146.173927976894788, 43.425512333527536 ], [ 146.173990051699661, 43.425455441515567 ], [ 146.173920946894327, 43.425452414397569 ], [ 146.173927976894788, 43.425512333527536 ] ] ], [ [ [ 146.174533112713107, 43.425389891730276 ], [ 146.174502749802286, 43.425775252126357 ], [ 146.174716030320724, 43.425620279152724 ], [ 146.174533112713107, 43.425389891730276 ] ] ], [ [ [ 146.175036782521715, 43.425792838368977 ], [ 146.174915576392891, 43.425727559279608 ], [ 146.17491841735125, 43.425769667336453 ], [ 146.175036782521715, 43.425792838368977 ] ] ], [ [ [ 146.173347392568303, 43.426099224799543 ], [ 146.173705939677575, 43.426055720994896 ], [ 146.173381699006427, 43.425980441444381 ], [ 146.173347392568303, 43.426099224799543 ] ] ], [ [ [ 146.173803061062586, 43.426173972850734 ], [ 146.173861724739027, 43.426246027432398 ], [ 146.17389369563773, 43.426187774746154 ], [ 146.173803061062586, 43.426173972850734 ] ] ], [ [ [ 146.172788443232207, 43.426260386907472 ], [ 146.172680336628446, 43.426125585727391 ], [ 146.172648910718863, 43.426273134797498 ], [ 146.172788443232207, 43.426260386907472 ] ] ], [ [ [ 146.17645647118934, 43.426462801817024 ], [ 146.176525498653064, 43.426553135119264 ], [ 146.17655747045103, 43.426496198141194 ], [ 146.17645647118934, 43.426462801817024 ] ] ], [ [ [ 146.174999999350689, 43.427096748316444 ], [ 146.176259610492821, 43.427485694309496 ], [ 146.176596523510966, 43.426893532110967 ], [ 146.175493255909259, 43.425907278897967 ], [ 146.173625252503598, 43.426493467799446 ], [ 146.173890855578748, 43.427514108389573 ], [ 146.174999999350689, 43.427096748316444 ] ] ], [ [ [ 146.173280414659644, 43.427031532179626 ], [ 146.173327587698168, 43.427110586184767 ], [ 146.173365615530884, 43.427076505476521 ], [ 146.173280414659644, 43.427031532179626 ] ] ], [ [ [ 146.173090116315961, 43.427135532478985 ], [ 146.173157301968104, 43.42709033345227 ], [ 146.173081529589126, 43.427087279354623 ], [ 146.173090116315961, 43.427135532478985 ] ] ], [ [ [ 146.173326004891351, 43.427320306287299 ], [ 146.17341574554041, 43.427407080972159 ], [ 146.173399805057102, 43.427335135208466 ], [ 146.173326004891351, 43.427320306287299 ] ] ], [ [ [ 146.175891724823373, 43.42744202682826 ], [ 146.175928689657439, 43.427542414550942 ], [ 146.175973721410287, 43.427537108550894 ], [ 146.175891724823373, 43.42744202682826 ] ] ], [ [ [ 146.174233670847457, 43.427796441552687 ], [ 146.17406891055191, 43.42776858595164 ], [ 146.174074331665224, 43.427807639910839 ], [ 146.174233670847457, 43.427796441552687 ] ] ], [ [ [ 146.175440271451521, 43.427786108342389 ], [ 146.175310751989741, 43.427764612746842 ], [ 146.175311504722345, 43.427853441483308 ], [ 146.175440271451521, 43.427786108342389 ] ] ], [ [ [ 146.177204616300173, 43.427950505311742 ], [ 146.17742844316831, 43.427717802135021 ], [ 146.177209636315865, 43.427759054037267 ], [ 146.177204616300173, 43.427950505311742 ] ] ], [ [ [ 146.176819169569171, 43.428096748566247 ], [ 146.176412723668477, 43.427658838085051 ], [ 146.176327327644231, 43.427775838084642 ], [ 146.176819169569171, 43.428096748566247 ] ] ], [ [ [ 146.175107392792142, 43.42783361323086 ], [ 146.175184305511493, 43.427949748082597 ], [ 146.175169196001775, 43.427831360429082 ], [ 146.175107392792142, 43.42783361323086 ] ] ], [ [ [ 146.177789610901982, 43.428490387221757 ], [ 146.177813644384401, 43.427930999915873 ], [ 146.177560803588449, 43.428096198181152 ], [ 146.177789610901982, 43.428490387221757 ] ] ], [ [ [ 146.178320077809531, 43.42821419822684 ], [ 146.178428144843224, 43.428213892457336 ], [ 146.178358391626602, 43.428185838106117 ], [ 146.178320077809531, 43.42821419822684 ] ] ], [ [ [ 146.17675977924057, 43.428568774829273 ], [ 146.176792113465467, 43.428626585948336 ], [ 146.176799662374719, 43.428565666772272 ], [ 146.17675977924057, 43.428568774829273 ] ] ], [ [ [ 146.176071750211236, 43.428608972726067 ], [ 146.175970725768593, 43.428570135503492 ], [ 146.175989026972161, 43.428618586478763 ], [ 146.176071750211236, 43.428608972726067 ] ] ], [ [ [ 146.176445615472971, 43.428605558899562 ], [ 146.176570142798028, 43.428620892340462 ], [ 146.176559195350819, 43.428588585994589 ], [ 146.176445615472971, 43.428605558899562 ] ] ], [ [ [ 146.181050168630577, 43.429338919155953 ], [ 146.180513839042646, 43.428732802177251 ], [ 146.179606549902587, 43.428758694558269 ], [ 146.180249921296991, 43.429528694094131 ], [ 146.181050168630577, 43.429338919155953 ] ] ], [ [ [ 146.176432140031466, 43.428886586247131 ], [ 146.179772528779381, 43.429206892384343 ], [ 146.179507781858774, 43.428668747964537 ], [ 146.176432140031466, 43.428886586247131 ] ] ], [ [ [ 146.176321970382787, 43.42939394597397 ], [ 146.176161829005423, 43.429375505375447 ], [ 146.17633233417007, 43.429423666768969 ], [ 146.176321970382787, 43.42939394597397 ] ] ], [ [ [ 146.176559532596571, 43.429493532400784 ], [ 146.176603968998165, 43.429674919362185 ], [ 146.176675421933396, 43.429662559079986 ], [ 146.176559532596571, 43.429493532400784 ] ] ], [ [ [ 146.176888689861357, 43.429528918924632 ], [ 146.176884253505705, 43.429683721027061 ], [ 146.177001854252353, 43.429617108243121 ], [ 146.176888689861357, 43.429528918924632 ] ] ], [ [ [ 146.178797197832637, 43.429826721326322 ], [ 146.17876391662162, 43.429625667091045 ], [ 146.178656938667018, 43.429715414035286 ], [ 146.178797197832637, 43.429826721326322 ] ] ], [ [ [ 146.177446004229864, 43.429896666997763 ], [ 146.177500829599808, 43.429968946409929 ], [ 146.177523332436067, 43.429942278813257 ], [ 146.177446004229864, 43.429896666997763 ] ] ], [ [ [ 146.177644746308147, 43.430081838306364 ], [ 146.177395135876964, 43.430056414472119 ], [ 146.177362476996905, 43.43010155953948 ], [ 146.177644746308147, 43.430081838306364 ] ] ], [ [ [ 146.180415421734551, 43.43028400050639 ], [ 146.180246160332217, 43.430288667088462 ], [ 146.180271166880971, 43.430335613497959 ], [ 146.180415421734551, 43.43028400050639 ] ] ], [ [ [ 146.178072528624512, 43.430250171608293 ], [ 146.177926834855725, 43.430236892218943 ], [ 146.177914305500963, 43.430319252131937 ], [ 146.178072528624512, 43.430250171608293 ] ] ], [ [ [ 146.178844162228529, 43.430323919613386 ], [ 146.178764577623383, 43.430384468268755 ], [ 146.178910414384291, 43.430388387514256 ], [ 146.178844162228529, 43.430323919613386 ] ] ], [ [ [ 146.178306056479528, 43.430365387352936 ], [ 146.178396134374225, 43.43039419803398 ], [ 146.178400635481125, 43.430353946177831 ], [ 146.178306056479528, 43.430365387352936 ] ] ], [ [ [ 146.177842528809833, 43.43035874855758 ], [ 146.177845550531856, 43.430417531843773 ], [ 146.177889584936565, 43.430416027278 ], [ 146.177842528809833, 43.43035874855758 ] ] ], [ [ [ 146.180945498336314, 43.431237865535252 ], [ 146.180757755865898, 43.431154775372761 ], [ 146.180737716272802, 43.43129925235877 ], [ 146.180945498336314, 43.431237865535252 ] ] ], [ [ [ 146.182068144529467, 43.431935081139272 ], [ 146.182008689449617, 43.432041225422381 ], [ 146.182101581323082, 43.432011946194507 ], [ 146.182068144529467, 43.431935081139272 ] ] ], [ [ [ 146.175266393829247, 43.478707468175287 ], [ 146.175058754757856, 43.478750640130102 ], [ 146.17520422729342, 43.478934278993961 ], [ 146.175266393829247, 43.478707468175287 ] ] ], [ [ [ 146.181836743571012, 43.480784305851216 ], [ 146.181705083722818, 43.480888892508574 ], [ 146.181899999185816, 43.480852505039252 ], [ 146.181836743571012, 43.480784305851216 ] ] ], [ [ [ 146.181311192357839, 43.480973053763591 ], [ 146.180760557254075, 43.480977332737893 ], [ 146.1815199474878, 43.481213440747865 ], [ 146.181311192357839, 43.480973053763591 ] ] ], [ [ [ 146.18629216575107, 43.482769107808224 ], [ 146.186323747243364, 43.482846532241808 ], [ 146.186356666926827, 43.482738386967128 ], [ 146.18629216575107, 43.482769107808224 ] ] ], [ [ [ 146.188804422786006, 43.48464183805055 ], [ 146.188535356421767, 43.484432919244 ], [ 146.188520998745275, 43.484575414124208 ], [ 146.188804422786006, 43.48464183805055 ] ] ], [ [ [ 146.187928002875196, 43.484811441195234 ], [ 146.187820855848031, 43.484713585963391 ], [ 146.18774189357373, 43.484787198170807 ], [ 146.187928002875196, 43.484811441195234 ] ] ], [ [ [ 146.187947781665002, 43.485412775579277 ], [ 146.18744844389073, 43.485244387418732 ], [ 146.187477755494228, 43.485464919170852 ], [ 146.187947781665002, 43.485412775579277 ] ] ], [ [ [ 146.18853066106135, 43.485564467826123 ], [ 146.188437612705798, 43.48530058605337 ], [ 146.188278754660928, 43.485422865073303 ], [ 146.18853066106135, 43.485564467826123 ] ] ], [ [ [ 146.187808806731255, 43.485484134985029 ], [ 146.187822334333418, 43.485586333042988 ], [ 146.187880245277256, 43.485552891752718 ], [ 146.187808806731255, 43.485484134985029 ] ] ], [ [ [ 146.194746160806858, 43.489977919545538 ], [ 146.194569169731608, 43.489824918785132 ], [ 146.19456600501735, 43.489983748051714 ], [ 146.194746160806858, 43.489977919545538 ] ] ], [ [ [ 146.198913138930379, 43.489919225292169 ], [ 146.198807561220178, 43.490056973550679 ], [ 146.199001634018373, 43.490030865332358 ], [ 146.198913138930379, 43.489919225292169 ] ] ], [ [ [ 146.198161946017194, 43.490225838351932 ], [ 146.19852403375728, 43.490034666766633 ], [ 146.198344474218288, 43.489912532537517 ], [ 146.198161946017194, 43.490225838351932 ] ] ], [ [ [ 146.196873606032227, 43.490249558870232 ], [ 146.196589221515524, 43.49018827906599 ], [ 146.196664720500621, 43.490333972834719 ], [ 146.196873606032227, 43.490249558870232 ] ] ], [ [ [ 146.198746834499048, 43.490459027162558 ], [ 146.199631244886177, 43.490662532050408 ], [ 146.200039493927648, 43.490514946108021 ], [ 146.199645304887099, 43.490268279157931 ], [ 146.198746834499048, 43.490459027162558 ] ] ], [ [ [ 146.202349493434554, 43.492914802276459 ], [ 146.20266350161944, 43.492805720807553 ], [ 146.202329947569183, 43.492807171413972 ], [ 146.202349493434554, 43.492914802276459 ] ] ], [ [ [ 146.194746977391219, 43.49312480206811 ], [ 146.194851776288601, 43.493201999872554 ], [ 146.194860699361925, 43.493163892000155 ], [ 146.194746977391219, 43.49312480206811 ] ] ], [ [ [ 146.194964552172564, 43.494169612837538 ], [ 146.194960310969805, 43.494295640231769 ], [ 146.194987418334904, 43.494279440743753 ], [ 146.194964552172564, 43.494169612837538 ] ] ], [ [ [ 146.179732334479809, 43.504770134933949 ], [ 146.179309338355438, 43.50468638736703 ], [ 146.179294837686825, 43.504836054340615 ], [ 146.179732334479809, 43.504770134933949 ] ] ], [ [ [ 146.304710440234771, 43.61772230573996 ], [ 146.304767003994243, 43.617656585982843 ], [ 146.304706108200548, 43.617662224732044 ], [ 146.304710440234771, 43.61772230573996 ] ] ], [ [ [ 146.305128365981432, 43.618483613328237 ], [ 146.305243606007821, 43.618446586440996 ], [ 146.305132113456466, 43.618446838251145 ], [ 146.305128365981432, 43.618483613328237 ] ] ], [ [ [ 146.305022139860057, 43.618567054226332 ], [ 146.305089753589414, 43.618611531996748 ], [ 146.30510031073095, 43.618582251869611 ], [ 146.305022139860057, 43.618567054226332 ] ] ], [ [ [ 146.302520895023463, 43.618916413861598 ], [ 146.302627522242574, 43.61892177561964 ], [ 146.302560803338565, 43.618889468374448 ], [ 146.302520895023463, 43.618916413861598 ] ] ], [ [ [ 146.302703670538108, 43.619929224953921 ], [ 146.302639947275907, 43.619853748451874 ], [ 146.302613358819599, 43.619895108272772 ], [ 146.302703670538108, 43.619929224953921 ] ] ], [ [ [ 146.302820725396373, 43.61996719792802 ], [ 146.3028566146412, 43.619882198504797 ], [ 146.302808196940873, 43.619894198158875 ], [ 146.302820725396373, 43.61996719792802 ] ] ], [ [ [ 146.307223060595902, 43.620117775015444 ], [ 146.307207755933405, 43.620182386807869 ], [ 146.307245330507726, 43.620162775291988 ], [ 146.307223060595902, 43.620117775015444 ] ] ], [ [ [ 146.301333217054548, 43.621041892269659 ], [ 146.301329363459558, 43.62111625181376 ], [ 146.301376199252331, 43.621096170851786 ], [ 146.301333217054548, 43.621041892269659 ] ] ], [ [ [ 146.305589532930753, 43.621233505422083 ], [ 146.305641218767391, 43.621356386987827 ], [ 146.305730531339123, 43.621345774987674 ], [ 146.305589532930753, 43.621233505422083 ] ] ], [ [ [ 146.297285109520317, 43.621496108358883 ], [ 146.297375939248354, 43.621481054607159 ], [ 146.297289973953298, 43.621439864758145 ], [ 146.297285109520317, 43.621496108358883 ] ] ], [ [ [ 146.3005663039919, 43.622359721024452 ], [ 146.300605667317882, 43.622436945808545 ], [ 146.300624085433356, 43.622359306437033 ], [ 146.3005663039919, 43.622359721024452 ] ] ], [ [ [ 146.281462282758298, 43.623655946265103 ], [ 146.281524136330063, 43.623747224754766 ], [ 146.281572801343941, 43.623690359722502 ], [ 146.281462282758298, 43.623655946265103 ] ] ], [ [ [ 146.286711114726359, 43.624550586440591 ], [ 146.286756160868322, 43.624619613004882 ], [ 146.286781672836128, 43.624595612797464 ], [ 146.286711114726359, 43.624550586440591 ] ] ], [ [ [ 146.270125810358081, 43.625948135598151 ], [ 146.270032749412053, 43.626211694514268 ], [ 146.270442632521622, 43.625978802479892 ], [ 146.270125810358081, 43.625948135598151 ] ] ], [ [ [ 146.26995119259368, 43.626524667579531 ], [ 146.270082139279452, 43.626404838312794 ], [ 146.269989299566646, 43.626336945793582 ], [ 146.26995119259368, 43.626524667579531 ] ] ], [ [ [ 146.269620440830863, 43.626863108545763 ], [ 146.26972435749326, 43.626960747940359 ], [ 146.269737392267075, 43.62693019797041 ], [ 146.269620440830863, 43.626863108545763 ] ] ], [ [ [ 146.269481945235725, 43.627054279231743 ], [ 146.269597393005483, 43.62706627888582 ], [ 146.26950447505169, 43.627013225180349 ], [ 146.269481945235725, 43.627054279231743 ] ] ], [ [ [ 146.269277859385852, 43.627274864943217 ], [ 146.269367859938939, 43.627239414567498 ], [ 146.26927538265295, 43.627245694533315 ], [ 146.269277859385852, 43.627274864943217 ] ] ], [ [ [ 146.273916419507373, 43.628766081189838 ], [ 146.273862191287321, 43.628857505369751 ], [ 146.274001919852935, 43.628795559167884 ], [ 146.273916419507373, 43.628766081189838 ] ] ], [ [ [ 146.28358739244436, 43.630756667586297 ], [ 146.283459143724713, 43.630678027269312 ], [ 146.283482113309105, 43.630865026899642 ], [ 146.28358739244436, 43.630756667586297 ] ] ], [ [ [ 146.300842087392653, 43.634566693997897 ], [ 146.300943605563134, 43.634527387329229 ], [ 146.300826226049708, 43.63453613503475 ], [ 146.300842087392653, 43.634566693997897 ] ] ], [ [ [ 146.302239195882407, 43.635514865418884 ], [ 146.302320142960411, 43.635546973014584 ], [ 146.302301970359849, 43.635504721066184 ], [ 146.302239195882407, 43.635514865418884 ] ] ], [ [ [ 146.306570972972168, 43.638071252186705 ], [ 146.306602476223475, 43.638013135298138 ], [ 146.306545187610482, 43.638039972866636 ], [ 146.306570972972168, 43.638071252186705 ] ] ], [ [ [ 146.30706605695309, 43.646826306089338 ], [ 146.306971893438345, 43.646908747840598 ], [ 146.307108858387323, 43.646871586054999 ], [ 146.30706605695309, 43.646826306089338 ] ] ], [ [ [ 146.3067993638997, 43.647409973291815 ], [ 146.306902165402789, 43.647376720859143 ], [ 146.306767366920667, 43.647379306410016 ], [ 146.3067993638997, 43.647409973291815 ] ] ], [ [ [ 146.307093942231859, 43.647561748276246 ], [ 146.307234059304619, 43.647363080841671 ], [ 146.307035382876848, 43.647482973060903 ], [ 146.307093942231859, 43.647561748276246 ] ] ], [ [ [ 146.307483917049353, 43.647787891797918 ], [ 146.307266640842954, 43.647777027088296 ], [ 146.307253773343177, 43.647827081554738 ], [ 146.307483917049353, 43.647787891797918 ] ] ], [ [ [ 146.401092308263628, 43.565347108182664 ], [ 146.402964941379082, 43.564391332993807 ], [ 146.401561244456047, 43.563369080818575 ], [ 146.400400699932561, 43.56468083825024 ], [ 146.401092308263628, 43.565347108182664 ] ] ], [ [ [ 146.40071542127987, 43.565403305917982 ], [ 146.400412580876036, 43.565189505591377 ], [ 146.400392749925686, 43.565408919486231 ], [ 146.40071542127987, 43.565403305917982 ] ] ], [ [ [ 146.401893644676193, 43.565353387249161 ], [ 146.401651024675175, 43.565471864834876 ], [ 146.401914616866293, 43.56541410857443 ], [ 146.401893644676193, 43.565353387249161 ] ] ], [ [ [ 146.401557275747905, 43.565657694447225 ], [ 146.403941607819092, 43.566303585742048 ], [ 146.404371088954804, 43.565094919395165 ], [ 146.401557275747905, 43.565657694447225 ] ] ], [ [ [ 146.399949169218985, 43.566087802410323 ], [ 146.400109389736713, 43.565725054567793 ], [ 146.399701361928464, 43.565899225369094 ], [ 146.399949169218985, 43.566087802410323 ] ] ], [ [ [ 146.402578754506067, 43.569702801842993 ], [ 146.402259441220394, 43.568429504817971 ], [ 146.403029078329496, 43.567912333487584 ], [ 146.401934694230931, 43.567188225456391 ], [ 146.402412528315722, 43.566694279117826 ], [ 146.399769299413833, 43.566691305959182 ], [ 146.400543890888002, 43.567604000024744 ], [ 146.401716614930024, 43.567379865588521 ], [ 146.401793475488716, 43.568020694599568 ], [ 146.399947859806048, 43.568232559585113 ], [ 146.400553942610486, 43.569442946335073 ], [ 146.402578754506067, 43.569702801842993 ] ] ], [ [ [ 146.407938339782731, 43.569770081024615 ], [ 146.408148222662476, 43.568895108122888 ], [ 146.406811335474913, 43.568022802610415 ], [ 146.407483890769072, 43.567498837801281 ], [ 146.405465913721173, 43.567756387447503 ], [ 146.405202632695477, 43.567108468181402 ], [ 146.40332211342502, 43.567789468109652 ], [ 146.405242023001165, 43.569474134823622 ], [ 146.407938339782731, 43.569770081024615 ] ] ], [ [ [ 146.402268858920934, 43.569953333179967 ], [ 146.402046977286318, 43.569842107727254 ], [ 146.40199961089354, 43.569976864840612 ], [ 146.402268858920934, 43.569953333179967 ] ] ], [ [ [ 146.402466614442915, 43.570074693992126 ], [ 146.402348222292858, 43.57012353257511 ], [ 146.402448300648757, 43.570155586211513 ], [ 146.402466614442915, 43.570074693992126 ] ] ], [ [ [ 146.402889222060139, 43.570120586396115 ], [ 146.402847223720528, 43.570218865208631 ], [ 146.402926912647104, 43.570167612845239 ], [ 146.402889222060139, 43.570120586396115 ] ] ], [ [ [ 146.402323670800911, 43.570377467846015 ], [ 146.402352411334846, 43.57049013491195 ], [ 146.402381244498997, 43.570386586072232 ], [ 146.402323670800911, 43.570377467846015 ] ] ], [ [ [ 146.404877976537591, 43.570902027107024 ], [ 146.405304279469078, 43.570234919006452 ], [ 146.404325135396903, 43.570688946238022 ], [ 146.404877976537591, 43.570902027107024 ] ] ], [ [ [ 146.402204642830156, 43.570605694197582 ], [ 146.401987055458449, 43.570645170838134 ], [ 146.402218443826314, 43.570647170930386 ], [ 146.402204642830156, 43.570605694197582 ] ] ], [ [ [ 146.439225887764678, 43.571264774949555 ], [ 146.440380414924334, 43.570228559000952 ], [ 146.438614552919489, 43.570997387619514 ], [ 146.439225887764678, 43.571264774949555 ] ] ], [ [ [ 146.40414727557652, 43.57060017146091 ], [ 146.403862995381132, 43.570846279032708 ], [ 146.404192632883905, 43.570833279332533 ], [ 146.40414727557652, 43.57060017146091 ] ] ], [ [ [ 146.404343799926551, 43.571004414022639 ], [ 146.404411893894007, 43.5711074142759 ], [ 146.404434837397957, 43.571070135578452 ], [ 146.404343799926551, 43.571004414022639 ] ] ], [ [ [ 146.410077470798797, 43.571733748014253 ], [ 146.409507755678533, 43.571449108090007 ], [ 146.409409273619303, 43.571782694515889 ], [ 146.410077470798797, 43.571733748014253 ] ] ], [ [ [ 146.435684941207228, 43.573847386847604 ], [ 146.435961828975451, 43.572536306605457 ], [ 146.434269662814813, 43.572808892016894 ], [ 146.434209247259105, 43.573802694139204 ], [ 146.435684941207228, 43.573847386847604 ] ] ], [ [ [ 146.428877197424868, 43.576351693875722 ], [ 146.431326328347609, 43.575674198605554 ], [ 146.430677561920106, 43.574651054302876 ], [ 146.429180972224231, 43.575045891754655 ], [ 146.428877197424868, 43.576351693875722 ] ] ], [ [ [ 146.431133502009743, 43.576620585771593 ], [ 146.431025667900485, 43.576759000427671 ], [ 146.431201555507528, 43.576694505547152 ], [ 146.431133502009743, 43.576620585771593 ] ] ], [ [ [ 146.430734357704637, 43.576861837903664 ], [ 146.43075985618259, 43.576688640168754 ], [ 146.430591698248463, 43.576735946307053 ], [ 146.430734357704637, 43.576861837903664 ] ] ], [ [ [ 146.430765771923006, 43.577688278891117 ], [ 146.431307249230372, 43.576971802506819 ], [ 146.430597392755658, 43.577126613602502 ], [ 146.430765771923006, 43.577688278891117 ] ] ], [ [ [ 146.430059921927977, 43.578635774921224 ], [ 146.430026497724839, 43.577901332780471 ], [ 146.429412411853491, 43.578200135228201 ], [ 146.430059921927977, 43.578635774921224 ] ] ], [ [ [ 146.429967781887854, 43.600380774952953 ], [ 146.430294332017979, 43.599892801911437 ], [ 146.429811140671745, 43.599947279243736 ], [ 146.429967781887854, 43.600380774952953 ] ] ], [ [ [ 146.431775109833666, 43.600694945915166 ], [ 146.433245252266715, 43.599808225169625 ], [ 146.431031828256437, 43.600016640355818 ], [ 146.431775109833666, 43.600694945915166 ] ] ], [ [ [ 146.43094372167559, 43.60057422542036 ], [ 146.43089839134791, 43.600356171300405 ], [ 146.430711335959586, 43.600472135280995 ], [ 146.43094372167559, 43.60057422542036 ] ] ], [ [ [ 146.431304863328933, 43.600687225235447 ], [ 146.431412139858594, 43.600729054502438 ], [ 146.431352891622851, 43.600665225120224 ], [ 146.431304863328933, 43.600687225235447 ] ] ], [ [ [ 146.430963644356893, 43.60080644116448 ], [ 146.430772749762809, 43.600748505039633 ], [ 146.43076455244227, 43.600793224727681 ], [ 146.430963644356893, 43.60080644116448 ] ] ], [ [ [ 146.431811919984284, 43.600908333452992 ], [ 146.431923890974986, 43.600940639798864 ], [ 146.431942411613136, 43.60086799975852 ], [ 146.431811919984284, 43.600908333452992 ] ] ], [ [ [ 146.431664968063956, 43.600923108414861 ], [ 146.43155632906155, 43.601037054316748 ], [ 146.431673916318346, 43.601062945798503 ], [ 146.431664968063956, 43.600923108414861 ] ] ], [ [ [ 146.432206082944504, 43.60107777561899 ], [ 146.432288715352115, 43.601028107861055 ], [ 146.432173994234631, 43.601017414022579 ], [ 146.432206082944504, 43.60107777561899 ] ] ], [ [ [ 146.431742969862398, 43.601037946444251 ], [ 146.431887496311106, 43.601101225441369 ], [ 146.43189386441054, 43.601068802183647 ], [ 146.431742969862398, 43.601037946444251 ] ] ], [ [ [ 146.430547003741367, 43.601334027543487 ], [ 146.431132826618864, 43.600976135140684 ], [ 146.430250077279425, 43.60112733276037 ], [ 146.430547003741367, 43.601334027543487 ] ] ], [ [ [ 146.430095913695595, 43.601224613325428 ], [ 146.430143410490132, 43.601326775410541 ], [ 146.43020411203031, 43.601314774857144 ], [ 146.430095913695595, 43.601224613325428 ] ] ], [ [ [ 146.430430803239119, 43.601510054545543 ], [ 146.430285913464331, 43.601389279192063 ], [ 146.4302834106511, 43.601485360061474 ], [ 146.430430803239119, 43.601510054545543 ] ] ], [ [ [ 146.429733410468657, 43.602119892019573 ], [ 146.429553359000465, 43.601657081109579 ], [ 146.429324941992604, 43.601853359944755 ], [ 146.429733410468657, 43.602119892019573 ] ] ], [ [ [ 146.308543773476572, 43.615954558756073 ], [ 146.308550025563363, 43.616060306438158 ], [ 146.308617418958875, 43.616017108403014 ], [ 146.308543773476572, 43.615954558756073 ] ] ], [ [ [ 146.367359339062432, 43.617039748186016 ], [ 146.367477081901939, 43.616842360486714 ], [ 146.367324383313871, 43.617018197731795 ], [ 146.367359339062432, 43.617039748186016 ] ] ], [ [ [ 146.308608222491671, 43.618322279449785 ], [ 146.308651724497622, 43.618271467754198 ], [ 146.30857814466583, 43.618270251870797 ], [ 146.308608222491671, 43.618322279449785 ] ] ], [ [ [ 146.331199273228094, 43.61895963977571 ], [ 146.331292580588297, 43.618914224911691 ], [ 146.331226588336563, 43.618910721153043 ], [ 146.331199273228094, 43.61895963977571 ] ] ], [ [ [ 146.331100557345053, 43.619182171620082 ], [ 146.330951529789445, 43.619560359922843 ], [ 146.331258715717354, 43.619229198069206 ], [ 146.331100557345053, 43.619182171620082 ] ] ], [ [ [ 146.330731919842378, 43.619984559340082 ], [ 146.330794915553042, 43.619935720757098 ], [ 146.330714526954011, 43.619940360359521 ], [ 146.330731919842378, 43.619984559340082 ] ] ], [ [ [ 146.330640142228958, 43.620127440928798 ], [ 146.330712191414705, 43.620141559385615 ], [ 146.330726666902365, 43.620076532106452 ], [ 146.330640142228958, 43.620127440928798 ] ] ], [ [ [ 146.308168520560912, 43.620215891950011 ], [ 146.308252139524825, 43.620292721032399 ], [ 146.308267081760619, 43.620260440766913 ], [ 146.308168520560912, 43.620215891950011 ] ] ], [ [ [ 146.32998788553266, 43.620462919528279 ], [ 146.329968053682933, 43.620540171292021 ], [ 146.330070803924627, 43.620479440973611 ], [ 146.32998788553266, 43.620462919528279 ] ] ], [ [ [ 146.310903332822704, 43.620575054195569 ], [ 146.310893890840589, 43.620449441388757 ], [ 146.310848469681332, 43.620537000282525 ], [ 146.310903332822704, 43.620575054195569 ] ] ], [ [ [ 146.311168365727667, 43.620611838265916 ], [ 146.311232632180463, 43.620653865383758 ], [ 146.311237082025855, 43.620596027284989 ], [ 146.311168365727667, 43.620611838265916 ] ] ], [ [ [ 146.329565161902906, 43.620690305913058 ], [ 146.329657471015707, 43.620652413877963 ], [ 146.329610699973955, 43.620606252576636 ], [ 146.329565161902906, 43.620690305913058 ] ] ], [ [ [ 146.307616588634801, 43.620785000027922 ], [ 146.307708145015113, 43.62075819843227 ], [ 146.307576445596624, 43.620671748402629 ], [ 146.307616588634801, 43.620785000027922 ] ] ], [ [ [ 146.311220920309438, 43.620901053940656 ], [ 146.311184227969875, 43.620771279071448 ], [ 146.31110678285188, 43.620798747963988 ], [ 146.311220920309438, 43.620901053940656 ] ] ], [ [ [ 146.307883968770284, 43.620897252506381 ], [ 146.307857716660465, 43.620808225019744 ], [ 146.307810362858163, 43.620861306604183 ], [ 146.307883968770284, 43.620897252506381 ] ] ], [ [ [ 146.307796834356623, 43.621085252182809 ], [ 146.307603606021758, 43.621007666770595 ], [ 146.30758596581984, 43.621042198039163 ], [ 146.307796834356623, 43.621085252182809 ] ] ], [ [ [ 146.356953838548975, 43.623191252174706 ], [ 146.356900116647239, 43.623066387603899 ], [ 146.356858222629057, 43.623172585846305 ], [ 146.356953838548975, 43.623191252174706 ] ] ], [ [ [ 146.355435965497577, 43.62421077490751 ], [ 146.355333799815185, 43.624312468445851 ], [ 146.355463449678609, 43.624239802325178 ], [ 146.355435965497577, 43.62421077490751 ] ] ], [ [ [ 146.354956160998199, 43.624337946239393 ], [ 146.355114642227136, 43.62448386483868 ], [ 146.35515871530265, 43.624449946008383 ], [ 146.354956160998199, 43.624337946239393 ] ] ], [ [ [ 146.355332165747086, 43.624568640330665 ], [ 146.355193864405464, 43.624532386860324 ], [ 146.355153410201865, 43.624578864722992 ], [ 146.355332165747086, 43.624568640330665 ] ] ], [ [ [ 146.351143022033057, 43.630064532252504 ], [ 146.350956912731476, 43.629964054597622 ], [ 146.350948754981232, 43.630000946586563 ], [ 146.351143022033057, 43.630064532252504 ] ] ], [ [ [ 146.352895057860792, 43.630704918797107 ], [ 146.35291194533022, 43.630807775158871 ], [ 146.352962801991907, 43.63071827912546 ], [ 146.352895057860792, 43.630704918797107 ] ] ], [ [ [ 146.353784941522008, 43.633176748608207 ], [ 146.353862892059055, 43.633139441132471 ], [ 146.353785330928417, 43.633127387519096 ], [ 146.353784941522008, 43.633176748608207 ] ] ], [ [ [ 146.310999779716212, 43.651462107990085 ], [ 146.31720296954154, 43.64977046793291 ], [ 146.31863455264272, 43.646249108609652 ], [ 146.320549973702555, 43.644618721377071 ], [ 146.323577522484811, 43.644437586225763 ], [ 146.325182048812735, 43.64569950502829 ], [ 146.328393449598252, 43.644878639837543 ], [ 146.328657081359438, 43.643391278984495 ], [ 146.326235279035131, 43.641937640010269 ], [ 146.326894863407347, 43.640112946155682 ], [ 146.328698806305056, 43.638715333146251 ], [ 146.331401478595581, 43.638476865315226 ], [ 146.333062943700043, 43.639300693772157 ], [ 146.333887950268831, 43.637959505127242 ], [ 146.336222775560827, 43.637535251750649 ], [ 146.337406718645298, 43.638009667512335 ], [ 146.337176692750404, 43.639405306509843 ], [ 146.337971828337345, 43.639520613086006 ], [ 146.339328274880131, 43.63819530646839 ], [ 146.344605304191646, 43.637555919070564 ], [ 146.345550466480972, 43.63912766690845 ], [ 146.348552671468838, 43.638543693936469 ], [ 146.350607444278353, 43.639994676313449 ], [ 146.351218235933061, 43.639969765992078 ], [ 146.350476614504373, 43.639663432621489 ], [ 146.352144136542847, 43.638292774991726 ], [ 146.351128948542282, 43.637633667260104 ], [ 146.350766782561095, 43.636114054020538 ], [ 146.35377625137312, 43.633315585945695 ], [ 146.352302749972068, 43.632423360449877 ], [ 146.353052528251737, 43.631737135460583 ], [ 146.352581478652496, 43.631117775065434 ], [ 146.351866354848539, 43.631359892345301 ], [ 146.349930635190844, 43.629999306223169 ], [ 146.34964722374059, 43.62861722540481 ], [ 146.352152632438219, 43.625177386927021 ], [ 146.356503838481558, 43.623355080772512 ], [ 146.356959779470458, 43.617648694431864 ], [ 146.344183501467569, 43.618390467845984 ], [ 146.340663942587071, 43.619296135508421 ], [ 146.331828715922711, 43.618480613189888 ], [ 146.330809467483164, 43.620361721516417 ], [ 146.328739830678842, 43.621319693749058 ], [ 146.321104448911342, 43.623160775049882 ], [ 146.316408079469511, 43.62299200018083 ], [ 146.308310751939871, 43.620738639976423 ], [ 146.307255187976693, 43.621617837893098 ], [ 146.301111283259274, 43.622177802563726 ], [ 146.30083247633786, 43.622808999835627 ], [ 146.29485080392169, 43.624712225189228 ], [ 146.284395887460391, 43.624734558952923 ], [ 146.281471893812977, 43.624016586096729 ], [ 146.275974941590448, 43.624444918798133 ], [ 146.270445057993243, 43.626178054473826 ], [ 146.269843579717644, 43.627172225318134 ], [ 146.269448832198009, 43.62803322545318 ], [ 146.270382632452652, 43.628992197731918 ], [ 146.279433410423735, 43.627738532007811 ], [ 146.284463942756929, 43.628747027253667 ], [ 146.292581439382047, 43.628734171445046 ], [ 146.29746267166513, 43.63042455874654 ], [ 146.301069727386221, 43.63441199981412 ], [ 146.310259273446945, 43.639544802151079 ], [ 146.310528559245768, 43.644330171200579 ], [ 146.309556199659028, 43.645494559426538 ], [ 146.308253605419736, 43.645349639974086 ], [ 146.308530725213018, 43.646602721138834 ], [ 146.307759026857752, 43.64733250479145 ], [ 146.308213306798848, 43.648452198510313 ], [ 146.307769389745772, 43.648890171044741 ], [ 146.310657833192636, 43.650181333102182 ], [ 146.311131776810271, 43.650811667024982 ], [ 146.310999779716212, 43.651462107990085 ] ] ], [ [ [ 146.354448858827936, 43.634782532188296 ], [ 146.354512917537249, 43.635051864751915 ], [ 146.354658637386365, 43.634986973270372 ], [ 146.354448858827936, 43.634782532188296 ] ] ], [ [ [ 146.356597418336378, 43.63497766708582 ], [ 146.356571088884834, 43.635084919333735 ], [ 146.356668974693662, 43.63506486535141 ], [ 146.356597418336378, 43.63497766708582 ] ] ], [ [ [ 146.354139973181418, 43.634967171098253 ], [ 146.354110803670778, 43.635105027275358 ], [ 146.354140660263397, 43.635131640013356 ], [ 146.354139973181418, 43.634967171098253 ] ] ], [ [ [ 146.354326328897173, 43.635127360139734 ], [ 146.354411581929185, 43.635079170867186 ], [ 146.354318949060485, 43.634999080843045 ], [ 146.354326328897173, 43.635127360139734 ] ] ], [ [ [ 146.354286743438593, 43.635237081026617 ], [ 146.354378664044248, 43.635232532255714 ], [ 146.354295161992354, 43.635195333597949 ], [ 146.354286743438593, 43.635237081026617 ] ] ], [ [ [ 146.354619274060383, 43.635337278992381 ], [ 146.354466277796632, 43.63526119814594 ], [ 146.354404331594765, 43.635309468357434 ], [ 146.354619274060383, 43.635337278992381 ] ] ], [ [ [ 146.354514552504725, 43.635536414074409 ], [ 146.354604500897153, 43.635553748506879 ], [ 146.354545862401778, 43.635511027112386 ], [ 146.354514552504725, 43.635536414074409 ] ] ], [ [ [ 146.352213217066492, 43.638612505562833 ], [ 146.352113216951579, 43.638971666909072 ], [ 146.352326225874776, 43.638638747780135 ], [ 146.352213217066492, 43.638612505562833 ] ] ], [ [ [ 146.35191289206648, 43.63925522494884 ], [ 146.351833968463097, 43.639215440740145 ], [ 146.351850803771754, 43.63927800027966 ], [ 146.35191289206648, 43.63925522494884 ] ] ], [ [ [ 146.338681724382241, 43.640277252293515 ], [ 146.33858722362163, 43.639772972744652 ], [ 146.338203644782539, 43.639964774754731 ], [ 146.338681724382241, 43.640277252293515 ] ] ], [ [ [ 146.338251413172316, 43.640418505209993 ], [ 146.338271114620397, 43.640328081076234 ], [ 146.338182386608082, 43.640404251854932 ], [ 146.338251413172316, 43.640418505209993 ] ] ], [ [ [ 146.326844136248042, 43.641053973362375 ], [ 146.32693783391403, 43.641057252290523 ], [ 146.326873553971495, 43.641018108399123 ], [ 146.326844136248042, 43.641053973362375 ] ] ], [ [ [ 146.309848858837995, 43.643171802137147 ], [ 146.309778832227494, 43.643255946305032 ], [ 146.309914642446984, 43.643197919348665 ], [ 146.309848858837995, 43.643171802137147 ] ] ], [ [ [ 146.329494642463942, 43.644461386783746 ], [ 146.329201244941714, 43.644089802202757 ], [ 146.329082995783779, 43.644392864739075 ], [ 146.329494642463942, 43.644461386783746 ] ] ], [ [ [ 146.30792066021047, 43.644381305752802 ], [ 146.307912308206596, 43.644448802570366 ], [ 146.308014720303277, 43.644423640438845 ], [ 146.30792066021047, 43.644381305752802 ] ] ], [ [ [ 146.308195615335535, 43.645268387126521 ], [ 146.308243216451501, 43.645196306464527 ], [ 146.308170245460587, 43.645234441316575 ], [ 146.308195615335535, 43.645268387126521 ] ] ], [ [ [ 146.307850077819012, 43.645402612740554 ], [ 146.307895719312228, 43.645350972769336 ], [ 146.307829078649206, 43.645345387080113 ], [ 146.307850077819012, 43.645402612740554 ] ] ], [ [ [ 146.327616251888685, 43.645480413990072 ], [ 146.327663579610658, 43.645571802197082 ], [ 146.327681724332251, 43.645498108151344 ], [ 146.327616251888685, 43.645480413990072 ] ] ], [ [ [ 146.308039856354412, 43.645668559356693 ], [ 146.308169195951791, 43.645644198521097 ], [ 146.308055913749627, 43.645631278860606 ], [ 146.308039856354412, 43.645668559356693 ] ] ], [ [ [ 146.328359363493973, 43.645637946434249 ], [ 146.328261724998811, 43.645792387009237 ], [ 146.328327833263074, 43.645809532584053 ], [ 146.328359363493973, 43.645637946434249 ] ] ], [ [ [ 146.325404811782846, 43.645776000462206 ], [ 146.325241335719284, 43.645793252157034 ], [ 146.325459662333742, 43.645900802080519 ], [ 146.325404811782846, 43.645776000462206 ] ] ], [ [ [ 146.308254136919118, 43.646648559583525 ], [ 146.30821474661343, 43.646753171421892 ], [ 146.308277638902041, 43.646679586194125 ], [ 146.308254136919118, 43.646648559583525 ] ] ], [ [ [ 146.324017807176233, 43.646607838281284 ], [ 146.32421980480035, 43.646705973202245 ], [ 146.324168002951183, 43.646517135357669 ], [ 146.324017807176233, 43.646607838281284 ] ] ], [ [ [ 146.307865109987006, 43.646781224873791 ], [ 146.307678520447553, 43.646739586263038 ], [ 146.307647496534969, 43.646796775051314 ], [ 146.307865109987006, 43.646781224873791 ] ] ], [ [ [ 146.307537223464237, 43.646913891962697 ], [ 146.307553942760478, 43.64699008072779 ], [ 146.307690699965974, 43.646970360393993 ], [ 146.307537223464237, 43.646913891962697 ] ] ], [ [ [ 146.325718754317222, 43.647318864773979 ], [ 146.325632217952716, 43.647148279569592 ], [ 146.325569999256231, 43.647201387234418 ], [ 146.325718754317222, 43.647318864773979 ] ] ], [ [ [ 146.321558884435149, 43.648451532112688 ], [ 146.320669143766168, 43.647472747769257 ], [ 146.32002089444893, 43.647908918961605 ], [ 146.321558884435149, 43.648451532112688 ] ] ], [ [ [ 146.321697275708857, 43.647891946056632 ], [ 146.321685939754502, 43.648109197981285 ], [ 146.321918339859621, 43.648017748620362 ], [ 146.321697275708857, 43.647891946056632 ] ] ], [ [ [ 146.307524668928522, 43.648129081092407 ], [ 146.307730829514298, 43.648051802348959 ], [ 146.307468222980333, 43.64807019798144 ], [ 146.307524668928522, 43.648129081092407 ] ] ], [ [ [ 146.318944577730235, 43.648762198416875 ], [ 146.319021050681158, 43.648875414069266 ], [ 146.319049856865604, 43.648788613304021 ], [ 146.318944577730235, 43.648762198416875 ] ] ], [ [ [ 146.31836719768819, 43.648923026876332 ], [ 146.318472386891358, 43.648973531903152 ], [ 146.318465745398044, 43.648924360570959 ], [ 146.31836719768819, 43.648923026876332 ] ] ], [ [ [ 146.308006523882113, 43.649091919556611 ], [ 146.307967055335553, 43.649182532548025 ], [ 146.30809313848772, 43.649122359809212 ], [ 146.308006523882113, 43.649091919556611 ] ] ], [ [ [ 146.31927916959819, 43.649443946581016 ], [ 146.319204474606977, 43.649513359853813 ], [ 146.319332554254174, 43.64948353203954 ], [ 146.31927916959819, 43.649443946581016 ] ] ], [ [ [ 146.319635745393498, 43.649640891813874 ], [ 146.319777561285605, 43.649702414435069 ], [ 146.319761361797532, 43.649657973536819 ], [ 146.319635745393498, 43.649640891813874 ] ] ], [ [ [ 146.319421919885826, 43.649745946118685 ], [ 146.319459947718542, 43.649825559502119 ], [ 146.319491776524501, 43.649808225069705 ], [ 146.319421919885826, 43.649745946118685 ] ] ], [ [ [ 146.31948635451181, 43.6500580810158 ], [ 146.319339052755254, 43.650065747736221 ], [ 146.319490168536618, 43.650097802271944 ], [ 146.31948635451181, 43.6500580810158 ] ] ], [ [ [ 146.319009274058885, 43.650260333148026 ], [ 146.319124188530623, 43.650048612953299 ], [ 146.319043721690605, 43.650044721586823 ], [ 146.319009274058885, 43.650260333148026 ] ] ], [ [ [ 146.319662969670503, 43.65039397330338 ], [ 146.319610829676208, 43.650216865316224 ], [ 146.319538494506105, 43.650213613367725 ], [ 146.319662969670503, 43.65039397330338 ] ] ], [ [ [ 146.319408365303957, 43.650409721331755 ], [ 146.319485771751147, 43.650507640415412 ], [ 146.319505226784941, 43.650480441319473 ], [ 146.319408365303957, 43.650409721331755 ] ] ], [ [ [ 146.31074413663282, 43.650603865176379 ], [ 146.310837950311338, 43.650572639815664 ], [ 146.310715965369695, 43.650518945792896 ], [ 146.31074413663282, 43.650603865176379 ] ] ], [ [ [ 146.311569753841241, 43.652320640385426 ], [ 146.311519493430069, 43.651807721049636 ], [ 146.311175913737657, 43.65192708087028 ], [ 146.311569753841241, 43.652320640385426 ] ] ] ] } },
{ "type": "Feature", "properties": { "fid": 26, "OBJECTID": 8298.0, "N03_001": "北海道", "N03_002": "十勝総合振興局", "N03_003": "上川郡", "N03_004": "新得町", "N03_007": "01635", "Shape_Leng": 2.0315417279273822, "Shape_Area": 0.118042224162098, "join_key": "上川郡新得町" }, "geometry": { "type": "MultiPolygon", "coordinates": [ [ [ [ 142.875016108306909, 43.569991946471305 ], [ 142.889213332229701, 43.5658572252309 ], [ 142.894845278986622, 43.566423054380607 ], [ 142.901083605324288, 43.565922225530471 ], [ 142.909046108291477, 43.563531946242506 ], [ 142.923450271612978, 43.552597504971061 ], [ 142.933371387379793, 43.548586945930992 ], [ 142.937633333012059, 43.5460161079572 ], [ 142.941279441792972, 43.539361107729121 ], [ 142.94352722350277, 43.537793333096033 ], [ 142.943563060586939, 43.536135558809178 ], [ 142.94719999988024, 43.532833054002424 ], [ 142.951561114653941, 43.531471386895134 ], [ 142.953450271912743, 43.528901108299692 ], [ 142.957723332266141, 43.526277225613626 ], [ 142.965541673009966, 43.530168333102267 ], [ 142.967872776007994, 43.5338891710486 ], [ 142.973846393196709, 43.534475000221278 ], [ 142.975706393535461, 43.539311108121296 ], [ 142.988751114672368, 43.533070559558837 ], [ 142.994745278671871, 43.532153613498622 ], [ 143.005049169283893, 43.528680838250239 ], [ 143.011307781628943, 43.52952333303557 ], [ 143.013644720327761, 43.528533054457057 ], [ 143.01413333278731, 43.526115837775876 ], [ 143.013322218046142, 43.524566386829463 ], [ 143.008544162283442, 43.520068333187169 ], [ 143.010411387775548, 43.514717224920162 ], [ 143.015061114778746, 43.513376387010794 ], [ 143.018497223768009, 43.511484721542843 ], [ 143.019625836962973, 43.509349721112926 ], [ 143.023883332749733, 43.507912775354441 ], [ 143.025374162287903, 43.502388613244079 ], [ 143.026965278824719, 43.500429720755164 ], [ 143.028511114496496, 43.496285559331284 ], [ 143.031578612063527, 43.493163613210356 ], [ 143.031840557595842, 43.487806108065627 ], [ 143.039208339793277, 43.481960558832895 ], [ 143.040041945679377, 43.479967505596051 ], [ 143.042558611191112, 43.478796946222246 ], [ 143.045456109012434, 43.473306666969279 ], [ 143.04419610846378, 43.471170278885438 ], [ 143.044459170054779, 43.470211667234821 ], [ 143.041539999471524, 43.467912505457946 ], [ 143.044138884602035, 43.466362225336582 ], [ 143.040793060351689, 43.464385838335943 ], [ 143.040036666659034, 43.462478333108777 ], [ 143.037362502877386, 43.461143613287277 ], [ 143.034655836697652, 43.457888892158792 ], [ 143.032299169571161, 43.457123053786063 ], [ 143.031769727890833, 43.453653613223821 ], [ 143.033316667030704, 43.451734171295129 ], [ 143.033498884965752, 43.447719171402809 ], [ 143.035316666631047, 43.444571108070363 ], [ 143.03084833917967, 43.439133892415384 ], [ 143.028738053918232, 43.42971666679091 ], [ 143.026015550677357, 43.427236108160002 ], [ 143.026010557641257, 43.424715278787232 ], [ 143.028502775982474, 43.422692225066328 ], [ 143.028348053919785, 43.420398054526743 ], [ 143.031036393714771, 43.417592225500982 ], [ 143.028343605872919, 43.415550838200772 ], [ 143.027312502570112, 43.410977225318845 ], [ 143.032118611784654, 43.407006107845746 ], [ 143.031575550771208, 43.399415559080978 ], [ 143.032444720347712, 43.397494440815933 ], [ 143.031861672778177, 43.396392774906815 ], [ 143.028548611729207, 43.394849441148949 ], [ 143.026998884691011, 43.39248972082413 ], [ 143.026011945295181, 43.38532166726128 ], [ 143.022543605503188, 43.382520838466064 ], [ 143.022411672261001, 43.380386946000897 ], [ 143.018513060829264, 43.378172225168214 ], [ 143.016013060654359, 43.378010838229784 ], [ 143.012418340034515, 43.376253892103591 ], [ 143.00668999944412, 43.375683053730086 ], [ 143.006571672944574, 43.371127775326727 ], [ 143.008782217325688, 43.366643892301965 ], [ 143.00806111482882, 43.364615838350403 ], [ 143.005132775657216, 43.362738333607354 ], [ 143.005953890859587, 43.360868332807456 ], [ 143.005620272058081, 43.356808053848795 ], [ 143.001745550217152, 43.356140559039716 ], [ 143.0005161086317, 43.354311107771593 ], [ 143.00064861204396, 43.349500278914888 ], [ 143.001181387511224, 43.34845083843561 ], [ 143.006651673036458, 43.345558613339506 ], [ 143.006684162844067, 43.3420338923504 ], [ 143.013539441192393, 43.334814440734021 ], [ 143.010888884614474, 43.331799441091505 ], [ 143.012381387791038, 43.327987224830736 ], [ 143.009415836471817, 43.325133054546995 ], [ 143.00976221755252, 43.322104721555831 ], [ 142.992622775221093, 43.317303613471154 ], [ 142.98911360530883, 43.313301107860013 ], [ 142.988329727435143, 43.311270279499979 ], [ 142.989348885043228, 43.309242505237592 ], [ 142.987951945625923, 43.306396945962433 ], [ 142.98873027198465, 43.305262774957271 ], [ 142.986781388050758, 43.30373361361552 ], [ 142.987111673065442, 43.30220805405861 ], [ 142.985883605644062, 43.301137505591555 ], [ 142.986902502448743, 43.297673612947051 ], [ 142.978850271423084, 43.294235838413385 ], [ 142.974599727395685, 43.285591107943446 ], [ 142.97801082983608, 43.281857774816615 ], [ 142.980161387638077, 43.281562504905821 ], [ 142.980461672168644, 43.280884171467505 ], [ 142.980416394001509, 43.273955558802186 ], [ 142.974623890380371, 43.267883613338256 ], [ 142.978959169430254, 43.26442000038287 ], [ 142.980289727189302, 43.260116667050738 ], [ 142.977216666416211, 43.256985838325932 ], [ 142.978860829463883, 43.254956386827985 ], [ 142.974990829962962, 43.254441945839289 ], [ 142.974275836560764, 43.252330838597516 ], [ 142.971808884672441, 43.251766666898334 ], [ 142.971886108557214, 43.250967225357329 ], [ 142.979299999895261, 43.245568333412052 ], [ 142.97883749655341, 43.244392504910365 ], [ 142.980880271507544, 43.242248333194198 ], [ 142.979569999755881, 43.241307775433654 ], [ 142.978075836430889, 43.24153250522113 ], [ 142.977577223510252, 43.240579999967167 ], [ 142.98284221719473, 43.236796107854275 ], [ 142.988370830049917, 43.234395559207883 ], [ 142.988586108862023, 43.23337222514823 ], [ 142.987617781835297, 43.232776945899502 ], [ 142.98522082957777, 43.23326417160439 ], [ 142.984042502759507, 43.232350559330996 ], [ 142.983029441655617, 43.23064333312351 ], [ 142.981923060600934, 43.230279721032446 ], [ 142.982134720541126, 43.226933332907151 ], [ 142.981143605593047, 43.226686666856381 ], [ 142.980685836282532, 43.225255559496645 ], [ 142.977403060802772, 43.224525559107406 ], [ 142.975171387749469, 43.221831387208908 ], [ 142.965666666183893, 43.219226107898749 ], [ 142.967601945173783, 43.216201945963178 ], [ 142.97393167230905, 43.212195558878079 ], [ 142.973447496205154, 43.210702505316533 ], [ 142.971383890254515, 43.209847505458185 ], [ 142.97093221744808, 43.208351946385392 ], [ 142.971100557944624, 43.206640559014772 ], [ 142.973459999479587, 43.205998891835577 ], [ 142.969799727275813, 43.203639999786333 ], [ 142.970210557371502, 43.20016805461222 ], [ 142.968930271714839, 43.198257505179868 ], [ 142.963399169536274, 43.197265279569137 ], [ 142.956021114383134, 43.199954721033691 ], [ 142.953068339732226, 43.19958250512866 ], [ 142.951848339229628, 43.190591108493038 ], [ 142.953098053332724, 43.18893027920916 ], [ 142.953407781643932, 43.186197225121987 ], [ 142.948085836592213, 43.182737775128373 ], [ 142.948838884806833, 43.179028891870018 ], [ 142.948116938745898, 43.178311667249829 ], [ 142.939221114862789, 43.178114999907507 ], [ 142.9369469389502, 43.174210000591245 ], [ 142.93365916953519, 43.173068613425926 ], [ 142.931952502706054, 43.169153612749199 ], [ 142.925760272019147, 43.16201944114448 ], [ 142.927993605220877, 43.156312505318056 ], [ 142.92664666631083, 43.153925279228417 ], [ 142.922565550959575, 43.152414170877478 ], [ 142.923207496928626, 43.151393613024993 ], [ 142.925793332896205, 43.150638333592383 ], [ 142.926820271438601, 43.149036107730353 ], [ 142.926873060743333, 43.14625500016831 ], [ 142.924792502572132, 43.141386946550483 ], [ 142.928685005808575, 43.131790838576478 ], [ 142.926836666978829, 43.128659999959211 ], [ 142.929446108351385, 43.120877225603635 ], [ 142.924691387297912, 43.117607224993606 ], [ 142.920850557307517, 43.119013054209233 ], [ 142.916730829564358, 43.118266667273019 ], [ 142.915884162824, 43.117184720798377 ], [ 142.916307781279215, 43.1140891715782 ], [ 142.915140829985489, 43.112219170778303 ], [ 142.915198053847234, 43.11079333344577 ], [ 142.919969999616001, 43.10517361297201 ], [ 142.917349727707915, 43.100778332953894 ], [ 142.916709169392789, 43.097951108157304 ], [ 142.917658884949788, 43.095292505345014 ], [ 142.919773890752595, 43.093123891854304 ], [ 142.88648749700053, 43.087779171471766 ], [ 142.895739727606497, 43.070201386984593 ], [ 142.855709999516989, 43.061500000125079 ], [ 142.85680111457998, 43.058813054279199 ], [ 142.861152217201266, 43.053560559372499 ], [ 142.855514720727911, 43.050991667531605 ], [ 142.859066938488581, 43.046780558775936 ], [ 142.852087223646663, 43.04311305422425 ], [ 142.854149999523088, 43.040077505072986 ], [ 142.858046666620567, 43.039477225593657 ], [ 142.858424162445317, 43.037907225138497 ], [ 142.857871945434113, 43.037611667444651 ], [ 142.852220558032514, 43.036097225306889 ], [ 142.839442217884198, 43.037513054084343 ], [ 142.829659727214789, 43.036281946055112 ], [ 142.823373333013137, 43.034167225337342 ], [ 142.813876393281134, 43.035228892099838 ], [ 142.810196393548949, 43.033978333533412 ], [ 142.805740557680792, 43.030121386792757 ], [ 142.795290271828776, 43.02657666757932 ], [ 142.793211672380949, 43.023253333574644 ], [ 142.789198339831728, 43.02035389231844 ], [ 142.781922217436545, 43.019010838479574 ], [ 142.775830829529355, 43.015148613617782 ], [ 142.761135278670395, 43.0127108384346 ], [ 142.758045005772601, 43.013757505404726 ], [ 142.754365551029537, 43.013105837764385 ], [ 142.752484163013946, 43.018871386905175 ], [ 142.752546938390651, 43.022281667365235 ], [ 142.753707223909487, 43.026082505403451 ], [ 142.750560829718665, 43.030138892096375 ], [ 142.753441114516022, 43.036339170816234 ], [ 142.751903060677932, 43.037550000032638 ], [ 142.75097082974014, 43.040083053889987 ], [ 142.74804138799982, 43.041969171440257 ], [ 142.747020271668362, 43.046082505003767 ], [ 142.749089727708906, 43.051684171587397 ], [ 142.746915006022846, 43.054078612937815 ], [ 142.74679610845385, 43.058336107825255 ], [ 142.742846666440641, 43.060100279104745 ], [ 142.742426938452581, 43.063202225202701 ], [ 142.739711387870443, 43.066377775414196 ], [ 142.729595278399529, 43.071326107913706 ], [ 142.728127223292859, 43.072800558998779 ], [ 142.72795027178779, 43.074792505170137 ], [ 142.72682444828979, 43.075958892588972 ], [ 142.72767444881697, 43.077708613561811 ], [ 142.738076938400127, 43.082196108263929 ], [ 142.743697223648155, 43.087400278999837 ], [ 142.742978339778688, 43.088810837750145 ], [ 142.737710271312153, 43.091368333382036 ], [ 142.736853605909346, 43.095195838117604 ], [ 142.744589441949415, 43.102069720741213 ], [ 142.745155005799006, 43.105442504867881 ], [ 142.751239727931306, 43.109940838199293 ], [ 142.749018339524923, 43.112254999768595 ], [ 142.745071387734583, 43.113693054391092 ], [ 142.745284162834082, 43.11499555959756 ], [ 142.752873332938179, 43.123145838309938 ], [ 142.756418339934612, 43.121054441509443 ], [ 142.760424162245499, 43.121205000610473 ], [ 142.765238611772702, 43.124565559353243 ], [ 142.767256667061702, 43.130280278811995 ], [ 142.765294448879899, 43.13363694618829 ], [ 142.764439441826994, 43.137747775139871 ], [ 142.76725999994926, 43.144339170816238 ], [ 142.766519441519222, 43.147672225592885 ], [ 142.767670830044949, 43.152100279604383 ], [ 142.766948884883277, 43.153579999817282 ], [ 142.767079169668136, 43.159070838448599 ], [ 142.764626666287768, 43.161855838276495 ], [ 142.772107223469789, 43.167785838345935 ], [ 142.772849169553751, 43.169414441323568 ], [ 142.779235836364933, 43.17374417155645 ], [ 142.767044720237777, 43.180775279056036 ], [ 142.769372217853743, 43.188655000328197 ], [ 142.765806108265451, 43.190340837959468 ], [ 142.762115278897227, 43.194094721494366 ], [ 142.763145836311423, 43.1978086130772 ], [ 142.76288221804009, 43.201006108545243 ], [ 142.75291610829197, 43.206762225596378 ], [ 142.748680271777289, 43.211023054270697 ], [ 142.74543027119023, 43.211800559548351 ], [ 142.742932502233316, 43.210912225419008 ], [ 142.741824448439729, 43.211426946096879 ], [ 142.740323332456001, 43.2126972249971 ], [ 142.736369169901423, 43.219549441153958 ], [ 142.73689666634823, 43.224328891765083 ], [ 142.735823605175369, 43.226281387376275 ], [ 142.735799999770393, 43.22864110860047 ], [ 142.733159169360306, 43.231133892615219 ], [ 142.733223605784929, 43.233030279523973 ], [ 142.733988884779365, 43.234510279426047 ], [ 142.737793890275952, 43.236738613296552 ], [ 142.742104448761438, 43.240646667609781 ], [ 142.738162502597561, 43.243839440737759 ], [ 142.737048053724834, 43.246241386930649 ], [ 142.734454162529801, 43.247875838199548 ], [ 142.733943890798059, 43.249245000256735 ], [ 142.734506666749439, 43.25051944121941 ], [ 142.739994720180334, 43.252470559069195 ], [ 142.741506393305599, 43.257908054413349 ], [ 142.746964162965924, 43.259735559548574 ], [ 142.74713666642424, 43.265481667145366 ], [ 142.740138884202338, 43.277076666754908 ], [ 142.740913890263982, 43.278051108272223 ], [ 142.741020829547779, 43.281154441124727 ], [ 142.736289999883752, 43.28536500039462 ], [ 142.736983060619878, 43.287065279339345 ], [ 142.735344720682519, 43.289329999779852 ], [ 142.73709360528585, 43.290860559567363 ], [ 142.737421387487188, 43.292302224967898 ], [ 142.735376393905653, 43.294033333571633 ], [ 142.736109169602628, 43.296231945747877 ], [ 142.734898611981521, 43.297837505396728 ], [ 142.736827223397768, 43.301561667237308 ], [ 142.736288884724445, 43.307208054408363 ], [ 142.740434162206952, 43.309155000303178 ], [ 142.738613332739305, 43.310189721578581 ], [ 142.739271945843825, 43.313076387065792 ], [ 142.736320829542819, 43.318563613120432 ], [ 142.74416111464393, 43.323618053930204 ], [ 142.746810829456422, 43.327099720775664 ], [ 142.747078054009194, 43.330357774791651 ], [ 142.748044162408291, 43.332071946463316 ], [ 142.747515836786647, 43.335795838507295 ], [ 142.748615836252043, 43.340134999930456 ], [ 142.75550916941279, 43.345449720728197 ], [ 142.767733890506861, 43.344664440811471 ], [ 142.769053606039279, 43.344909171521238 ], [ 142.768972502479187, 43.346576386890888 ], [ 142.763885278682892, 43.352579721277266 ], [ 142.761042775303963, 43.357397224902172 ], [ 142.756808611528413, 43.35429138743774 ], [ 142.749915005873049, 43.353431667037967 ], [ 142.746854720868896, 43.350725838127119 ], [ 142.742568053772857, 43.354844171021853 ], [ 142.72012888504014, 43.360146946124814 ], [ 142.715405005336947, 43.368300278934896 ], [ 142.70848749660081, 43.37366027879898 ], [ 142.70622444889932, 43.378300838113375 ], [ 142.703417223226438, 43.379448891952961 ], [ 142.700359727919249, 43.382221667296278 ], [ 142.697864720780444, 43.382631386729258 ], [ 142.694521114258237, 43.38486917157519 ], [ 142.693969727321246, 43.387439171380834 ], [ 142.692530271554915, 43.387971945948721 ], [ 142.688974720906799, 43.393831108219217 ], [ 142.687087781376135, 43.395369721435657 ], [ 142.68343666696876, 43.395396108443833 ], [ 142.682099441636069, 43.398859171014124 ], [ 142.679160829508874, 43.401050558936333 ], [ 142.677280557551853, 43.403698892390139 ], [ 142.672461114988664, 43.404297224837251 ], [ 142.671799999970176, 43.405102504776949 ], [ 142.67539444899478, 43.408297224937144 ], [ 142.675660829983485, 43.411714440968865 ], [ 142.678925005684619, 43.414651107862483 ], [ 142.685575836655744, 43.41765250525907 ], [ 142.689030558013997, 43.417635559333746 ], [ 142.692316666381203, 43.421640000285947 ], [ 142.694835550520452, 43.422457225021105 ], [ 142.69687583705047, 43.424394441150696 ], [ 142.701324448664536, 43.425626667037193 ], [ 142.703919169933897, 43.430060838237239 ], [ 142.710571672744663, 43.432762225396573 ], [ 142.712221672392502, 43.435369440947113 ], [ 142.712750557392496, 43.438004441052271 ], [ 142.710306938414647, 43.439934171225161 ], [ 142.714513332924184, 43.451753892528302 ], [ 142.724390557278525, 43.45212194637088 ], [ 142.727035550650271, 43.454398613405431 ], [ 142.727652776054924, 43.456730837858061 ], [ 142.729997781672409, 43.458715558876122 ], [ 142.730602502903366, 43.460653053795568 ], [ 142.737623605445265, 43.464620279002816 ], [ 142.740098885055659, 43.467127775026938 ], [ 142.752417496270596, 43.470656387382519 ], [ 142.754434720586119, 43.472802775028185 ], [ 142.75409639383372, 43.473933333456728 ], [ 142.769047223550729, 43.483440000255996 ], [ 142.776792775866056, 43.487045000126841 ], [ 142.776879169238441, 43.493725279398291 ], [ 142.782166938253795, 43.495870279390033 ], [ 142.78730944157769, 43.495925279228402 ], [ 142.789647781420172, 43.498239721386199 ], [ 142.789851387931435, 43.499912505357997 ], [ 142.79128583627255, 43.500609720962018 ], [ 142.795735550455447, 43.50027833337856 ], [ 142.797974448662103, 43.500890559451932 ], [ 142.799033332922136, 43.5041277752768 ], [ 142.800114720917804, 43.504142225583394 ], [ 142.803785550263115, 43.50742833305128 ], [ 142.805013061004161, 43.510657505339793 ], [ 142.813257782021196, 43.513886666836356 ], [ 142.815080557621854, 43.517194440770993 ], [ 142.81398917006436, 43.519643333373324 ], [ 142.814256666212373, 43.522474441442512 ], [ 142.811203605462197, 43.525566387079266 ], [ 142.808207223584645, 43.526317224760305 ], [ 142.806966666378685, 43.527458054345914 ], [ 142.806917223451251, 43.528158612729953 ], [ 142.808683060275143, 43.52939444130061 ], [ 142.811361945497538, 43.530463612905578 ], [ 142.815645278806755, 43.530636946438108 ], [ 142.818304720686456, 43.528802504831901 ], [ 142.825783332634842, 43.526548891917969 ], [ 142.830079441712996, 43.52341472131252 ], [ 142.834710271262225, 43.523429171619114 ], [ 142.838936938289294, 43.522063613145406 ], [ 142.840313605188953, 43.52371110818126 ], [ 142.848092217482076, 43.526592775236566 ], [ 142.848935550435499, 43.52808055877091 ], [ 142.85081805361051, 43.528298054411835 ], [ 142.852593890895491, 43.530977775104418 ], [ 142.851839727521565, 43.533411387325827 ], [ 142.853923332595855, 43.536228892249767 ], [ 142.851660557388982, 43.543306946158793 ], [ 142.85231555072221, 43.544752225035324 ], [ 142.850400271755348, 43.546723892393914 ], [ 142.850201672669186, 43.548919170783279 ], [ 142.855370829200638, 43.55531250516816 ], [ 142.857454448664043, 43.555948333049287 ], [ 142.860666393539418, 43.558483054249734 ], [ 142.860606666864328, 43.563698053722362 ], [ 142.861310829731224, 43.565287775410695 ], [ 142.866398339511989, 43.564941108345636 ], [ 142.868134448346268, 43.566342504802947 ], [ 142.871994162300894, 43.564713053764592 ], [ 142.873529999310222, 43.56601138701609 ], [ 142.875016108306909, 43.569991946471305 ] ] ] ] } },
{ "type": "Feature", "properties": { "fid": 27, "OBJECTID": 8632.0, "N03_001": "北海道", "N03_002": "釧路総合振興局", "N03_003": "川上郡", "N03_004": "弟子屈町", "N03_007": "01665", "Shape_Leng": 1.5185961350858379, "Shape_Area": 0.086241177356203, "join_key": "川上郡弟子屈町" }, "geometry": { "type": "MultiPolygon", "coordinates": [ [ [ [ 144.331942217959181, 43.704938054148045 ], [ 144.338023890490376, 43.702578054134051 ], [ 144.34640972772695, 43.704490000213525 ], [ 144.354087223846477, 43.701583892282997 ], [ 144.365352217231248, 43.70039972077069 ], [ 144.369965005480822, 43.698569720916055 ], [ 144.372278053689456, 43.694733892055638 ], [ 144.374691672183076, 43.693257775426162 ], [ 144.376051387761549, 43.689744440753486 ], [ 144.379022217201737, 43.688686107777812 ], [ 144.386916393277147, 43.68863889247109 ], [ 144.390432217273201, 43.687738613546344 ], [ 144.392693605725526, 43.689103892330934 ], [ 144.396325836168558, 43.688762774982251 ], [ 144.398243060369168, 43.690234440866902 ], [ 144.401072775388457, 43.690999171274882 ], [ 144.404389169324872, 43.6908686130962 ], [ 144.408517781470664, 43.693134170805479 ], [ 144.408734448835958, 43.694804171375552 ], [ 144.410876393830677, 43.696191945801843 ], [ 144.413471387594655, 43.693849720888068 ], [ 144.419116938396201, 43.694430000344425 ], [ 144.423381945320671, 43.696625559322285 ], [ 144.429041114555957, 43.697095000034381 ], [ 144.431196108713607, 43.695928332926371 ], [ 144.436746938420697, 43.69609555916287 ], [ 144.439918611654775, 43.698140279350582 ], [ 144.442358053281737, 43.697429440816222 ], [ 144.44504693896522, 43.694848333483947 ], [ 144.450111387430752, 43.693713333303833 ], [ 144.455376108620726, 43.690567775482634 ], [ 144.457424162595203, 43.692795279278869 ], [ 144.458558611490957, 43.692846946229736 ], [ 144.462506393355511, 43.687900837753602 ], [ 144.464300829519857, 43.687436108589679 ], [ 144.464813060874235, 43.685641945819327 ], [ 144.46672555104351, 43.687470000440328 ], [ 144.468598611337029, 43.687302775103149 ], [ 144.472066108464333, 43.685274441462468 ], [ 144.473498053992216, 43.685301667538113 ], [ 144.474674162182964, 43.68638917092369 ], [ 144.476459999929261, 43.681954999723644 ], [ 144.479739170026846, 43.680497224767294 ], [ 144.481682502445665, 43.678236387599384 ], [ 144.481009727716923, 43.675668333027318 ], [ 144.483138053378639, 43.673926107903696 ], [ 144.484076393410987, 43.672195000199281 ], [ 144.484269169386835, 43.669145838010195 ], [ 144.486352502865884, 43.666600558768948 ], [ 144.485490557543358, 43.663311667000016 ], [ 144.486378611983582, 43.662002225322624 ], [ 144.486394163060368, 43.660051666851132 ], [ 144.491409169497729, 43.659775838484336 ], [ 144.49878805382582, 43.657286667046208 ], [ 144.50191527896709, 43.655453613093925 ], [ 144.505797781742444, 43.654755838111612 ], [ 144.510271387314901, 43.656463892594729 ], [ 144.511153890240053, 43.655024171528453 ], [ 144.512497496262654, 43.654826108438328 ], [ 144.514942775388931, 43.652810838349694 ], [ 144.516856666701983, 43.64832417102383 ], [ 144.515546939040178, 43.647355838601243 ], [ 144.516625005839501, 43.644306667418959 ], [ 144.520918884599041, 43.638538612766922 ], [ 144.519249727592978, 43.635127504930551 ], [ 144.518541672460401, 43.630128054066631 ], [ 144.519994448984789, 43.62917777553406 ], [ 144.52018194594018, 43.626709171591187 ], [ 144.522856393907659, 43.625628333081295 ], [ 144.524400557739682, 43.623891667566568 ], [ 144.525020271568451, 43.621743613477122 ], [ 144.523548884473598, 43.620540558899847 ], [ 144.523614162663648, 43.619098054431845 ], [ 144.525377223280429, 43.617301387049565 ], [ 144.530012217589956, 43.615251946320427 ], [ 144.530256938407206, 43.611619441584139 ], [ 144.53451194576985, 43.608948054009659 ], [ 144.536571672944547, 43.609044441547894 ], [ 144.539711945450108, 43.607771387339824 ], [ 144.542654162959479, 43.611145559120416 ], [ 144.544862775596812, 43.612036387069793 ], [ 144.546315550322561, 43.611184720998267 ], [ 144.547745005627689, 43.612815000312196 ], [ 144.5524947210547, 43.612056946471057 ], [ 144.554533605541678, 43.610359441035541 ], [ 144.55599194527224, 43.611333612756198 ], [ 144.559054162919438, 43.610145838559788 ], [ 144.560762217402612, 43.60815166746562 ], [ 144.563905278705874, 43.607555559041998 ], [ 144.566027496172183, 43.604323892034131 ], [ 144.571196666193373, 43.600037775323244 ], [ 144.574933605601586, 43.592073053728598 ], [ 144.573860829513819, 43.587310558935314 ], [ 144.574457223921968, 43.584381667580089 ], [ 144.576733332477488, 43.58251194646931 ], [ 144.579040557575809, 43.576921945891229 ], [ 144.576939169307366, 43.576174720786923 ], [ 144.57725693845714, 43.574031666928079 ], [ 144.573866667013249, 43.570922775365943 ], [ 144.572304448391719, 43.568303333532185 ], [ 144.570283890289488, 43.567480559080707 ], [ 144.565115005353391, 43.562658333115735 ], [ 144.559149441593604, 43.559289171458261 ], [ 144.556428339496506, 43.556599171514733 ], [ 144.554652502211411, 43.556070279320124 ], [ 144.554293060276677, 43.553857505519659 ], [ 144.556089999254255, 43.549225279323366 ], [ 144.560540271916238, 43.546892224796522 ], [ 144.565758884864863, 43.538659171583674 ], [ 144.568935836220021, 43.537719171402784 ], [ 144.573638611532829, 43.53233444108173 ], [ 144.580302502458721, 43.519185278977602 ], [ 144.592406393340525, 43.50497361284215 ], [ 144.594921945491592, 43.500505558784653 ], [ 144.57992805353706, 43.500570000605194 ], [ 144.574353332440523, 43.499705279075556 ], [ 144.573215005668203, 43.502238892311198 ], [ 144.570962775911539, 43.50158000041688 ], [ 144.571637223379298, 43.499541387525198 ], [ 144.573415836871504, 43.498044171001879 ], [ 144.574507223529736, 43.493224441554901 ], [ 144.576668884361652, 43.490305838443874 ], [ 144.58052250271146, 43.487498612770935 ], [ 144.579632217952621, 43.484704721345963 ], [ 144.578020271318678, 43.48423861352137 ], [ 144.575906108180561, 43.48039805422701 ], [ 144.576369999176336, 43.476234441366557 ], [ 144.574705837004899, 43.475101667008516 ], [ 144.574456108762547, 43.474505278895663 ], [ 144.575310271352123, 43.474015559370741 ], [ 144.574203332717843, 43.472690278833454 ], [ 144.575281672911046, 43.469891387177938 ], [ 144.572743060344123, 43.467362775072161 ], [ 144.573506109019945, 43.465558333050808 ], [ 144.57752666672252, 43.465555838331454 ], [ 144.578935278440554, 43.463176386880889 ], [ 144.577315836856542, 43.461848054044651 ], [ 144.572345006017372, 43.460634441426521 ], [ 144.573034720376199, 43.460077225084035 ], [ 144.572719999928267, 43.459137224903145 ], [ 144.570839999566488, 43.458009721471626 ], [ 144.57186833925266, 43.457801387224436 ], [ 144.571894720864861, 43.456871945983664 ], [ 144.565254448833912, 43.456228333570891 ], [ 144.56516082940891, 43.454879721022451 ], [ 144.564023060216186, 43.453939720841618 ], [ 144.564931945652916, 43.453031107899449 ], [ 144.560973890832543, 43.45177333317298 ], [ 144.562513060729316, 43.450682504993779 ], [ 144.561192775926088, 43.450263332786733 ], [ 144.562179441927924, 43.44919805434688 ], [ 144.561396109043358, 43.448737225542686 ], [ 144.562198053397651, 43.448292224806494 ], [ 144.560083605174441, 43.447154171428053 ], [ 144.562755278733334, 43.446727225481254 ], [ 144.564164162945985, 43.445649171272407 ], [ 144.559833890421828, 43.442238333232638 ], [ 144.560347223445774, 43.439905279605114 ], [ 144.564552502795891, 43.439058892553987 ], [ 144.563560829368953, 43.438314171162233 ], [ 144.563721945611519, 43.437275278831237 ], [ 144.562419999783287, 43.436619441034566 ], [ 144.56327944139332, 43.435158333190714 ], [ 144.564386108432359, 43.435072775288518 ], [ 144.564216938760865, 43.433989441159952 ], [ 144.563649441368852, 43.432791946191514 ], [ 144.559173060488547, 43.432510279426026 ], [ 144.559290271828786, 43.431755278783271 ], [ 144.557837496203661, 43.430377504818182 ], [ 144.557868611847084, 43.427474720781902 ], [ 144.556160829858641, 43.427091945936695 ], [ 144.555660829284079, 43.425521387002561 ], [ 144.554431945278225, 43.424816108077096 ], [ 144.554889999673946, 43.424047774985013 ], [ 144.556213060684399, 43.424185559216369 ], [ 144.556254720878883, 43.423113333513697 ], [ 144.559616393881697, 43.421113333014091 ], [ 144.531813060524541, 43.409200000379883 ], [ 144.53749250227736, 43.401584170773049 ], [ 144.541825836992984, 43.389018054439816 ], [ 144.534423060376071, 43.389322505529378 ], [ 144.528590271623898, 43.388103612991529 ], [ 144.526702217833304, 43.388387775375691 ], [ 144.524082502605552, 43.390527775136889 ], [ 144.521976108710646, 43.39036361289061 ], [ 144.518583061059644, 43.391785000377638 ], [ 144.519023060665859, 43.394323891734359 ], [ 144.520913332184705, 43.397417505613532 ], [ 144.513752502875832, 43.401096387488451 ], [ 144.507926938377636, 43.406709999766861 ], [ 144.499258611495861, 43.40510583856377 ], [ 144.495924720349763, 43.40544666723008 ], [ 144.488372217404049, 43.408743332738766 ], [ 144.486056666382183, 43.408159441605108 ], [ 144.483899169411302, 43.41226194643184 ], [ 144.479708339468516, 43.412558891779611 ], [ 144.476873890417892, 43.413900558863872 ], [ 144.474012217989639, 43.413173054093363 ], [ 144.470578611813607, 43.416256386922896 ], [ 144.46431833932013, 43.417962505165633 ], [ 144.461033890202089, 43.41723250477645 ], [ 144.459266393229655, 43.420165279404273 ], [ 144.457786938316758, 43.420857505569586 ], [ 144.451152217800768, 43.419886108257458 ], [ 144.447459727384739, 43.425088613448906 ], [ 144.443176666570139, 43.425987775415649 ], [ 144.440278053589509, 43.425007505392216 ], [ 144.439650557927052, 43.422770559613809 ], [ 144.437854163039333, 43.422002505311525 ], [ 144.43740610820555, 43.420575837904778 ], [ 144.433250271782754, 43.418938891916468 ], [ 144.430257781271735, 43.416615837850827 ], [ 144.427652502860951, 43.416560279533428 ], [ 144.423371387279872, 43.419325279338352 ], [ 144.421173890263049, 43.419648054114589 ], [ 144.430655550513393, 43.407566945758106 ], [ 144.398639169462285, 43.392357774991467 ], [ 144.392391387652651, 43.397270559089179 ], [ 144.384535550575379, 43.397179441578146 ], [ 144.377956108687613, 43.396021666966533 ], [ 144.376725006054357, 43.397033333221941 ], [ 144.375325836318439, 43.396962775112172 ], [ 144.351230271959707, 43.427799170995115 ], [ 144.345902775392915, 43.425887505504136 ], [ 144.344492776020957, 43.424404441611841 ], [ 144.342674162482808, 43.424525559607048 ], [ 144.338273332748258, 43.426905279055575 ], [ 144.334773605717487, 43.425326946381631 ], [ 144.327229999764882, 43.425306108190512 ], [ 144.325141672350469, 43.42713610804509 ], [ 144.316718053695354, 43.428943053779051 ], [ 144.31308306053495, 43.430981946359907 ], [ 144.31148389056932, 43.436230838582503 ], [ 144.309843605398214, 43.438543332808706 ], [ 144.307638340037556, 43.437043332883661 ], [ 144.299035278755241, 43.435017225065053 ], [ 144.291398611856607, 43.437690279083256 ], [ 144.289632775932091, 43.440159721194334 ], [ 144.287053890824609, 43.438762775481848 ], [ 144.283714720658054, 43.438391386953128 ], [ 144.283704448601611, 43.436865838188055 ], [ 144.281589441899428, 43.439654441599373 ], [ 144.279188884259725, 43.440167225137486 ], [ 144.27231194573983, 43.43790944116796 ], [ 144.266880557691707, 43.439159171458755 ], [ 144.259576108450801, 43.442280837890507 ], [ 144.258464448375776, 43.445129721059971 ], [ 144.256711945799793, 43.446350558831398 ], [ 144.252472775498404, 43.447584720958275 ], [ 144.249228339916158, 43.453822225315605 ], [ 144.246199441251406, 43.45433055900827 ], [ 144.243917223601215, 43.453641946318953 ], [ 144.239285836472391, 43.454622505024759 ], [ 144.23707416254274, 43.454111946409341 ], [ 144.235700829429902, 43.456615279471748 ], [ 144.236228884355683, 43.459017775150357 ], [ 144.234715278587373, 43.459958892289194 ], [ 144.234060557748762, 43.461758892559033 ], [ 144.231782775554848, 43.462757225465737 ], [ 144.231177223350301, 43.464623054310664 ], [ 144.228604448236865, 43.465909440968119 ], [ 144.229130271944655, 43.468292504995304 ], [ 144.232012217789816, 43.468596946192292 ], [ 144.237200829354947, 43.472374170731541 ], [ 144.236150829497319, 43.4764658378283 ], [ 144.230550271777815, 43.481208333497932 ], [ 144.230918340009566, 43.48346166672269 ], [ 144.235173332983095, 43.487178613302547 ], [ 144.236157223677083, 43.489586108312437 ], [ 144.237804720511576, 43.491056667131659 ], [ 144.234289441504757, 43.493691387547642 ], [ 144.233746108895957, 43.494965838402891 ], [ 144.236186938176843, 43.496608333208201 ], [ 144.238634448521111, 43.496660278948866 ], [ 144.236879169738017, 43.499088891839051 ], [ 144.238177781779427, 43.502147505003506 ], [ 144.240585278587901, 43.502727225081514 ], [ 144.240225836653167, 43.506140838429133 ], [ 144.245751387316886, 43.507940279320621 ], [ 144.247060271414625, 43.510950559321032 ], [ 144.246683605664089, 43.512182224929916 ], [ 144.239415836172043, 43.513583053914999 ], [ 144.239056108252953, 43.515898054551769 ], [ 144.235712776024002, 43.516017505203877 ], [ 144.22424749642505, 43.519595000209279 ], [ 144.221984162739091, 43.521068613126147 ], [ 144.223419442053796, 43.521995558748188 ], [ 144.226561672383468, 43.526940838049427 ], [ 144.229970272010632, 43.527625838162066 ], [ 144.232178339658844, 43.529745559110438 ], [ 144.233446393636314, 43.533331108444088 ], [ 144.232208884232818, 43.536872224973365 ], [ 144.23295360562463, 43.538171667088932 ], [ 144.232633332762248, 43.539541107935975 ], [ 144.234067782002739, 43.540853892393386 ], [ 144.235434720935814, 43.54496805423247 ], [ 144.233369727331251, 43.548173613022016 ], [ 144.232317496255632, 43.554386386922374 ], [ 144.235134163011367, 43.560620279602404 ], [ 144.232564720785376, 43.561112505537892 ], [ 144.227148339724295, 43.564299720855615 ], [ 144.226106666689475, 43.57082250545443 ], [ 144.229390271344073, 43.573173891761883 ], [ 144.222620829687685, 43.578881667555095 ], [ 144.220608053419141, 43.585986666951271 ], [ 144.217489169489795, 43.589944171386549 ], [ 144.216781672836078, 43.594900559113682 ], [ 144.217976938385164, 43.596702505516362 ], [ 144.218083332679839, 43.600467505571089 ], [ 144.223275005537289, 43.604982225449533 ], [ 144.222499169401317, 43.606891946606197 ], [ 144.223123605570095, 43.609578054283929 ], [ 144.222458339281161, 43.611766387209173 ], [ 144.224565550659804, 43.617917775185333 ], [ 144.22440250267357, 43.621323333305327 ], [ 144.226113332464479, 43.622902505046738 ], [ 144.227108884667473, 43.629181387211418 ], [ 144.229949441913391, 43.631670838338664 ], [ 144.23148167264128, 43.634324171123751 ], [ 144.236252775745129, 43.636519170723318 ], [ 144.239071387734498, 43.636806666894302 ], [ 144.239746938670464, 43.638561666887597 ], [ 144.243062775926546, 43.639885838560758 ], [ 144.244613605533686, 43.644018054289916 ], [ 144.248228053681942, 43.645483612878593 ], [ 144.248352775260514, 43.648746107746831 ], [ 144.255872502414263, 43.651461946112079 ], [ 144.259364448510723, 43.653698891890542 ], [ 144.263884448308772, 43.659505558934541 ], [ 144.267946393711327, 43.661914170902435 ], [ 144.269386666961282, 43.661956108088077 ], [ 144.269581387271387, 43.664926946521518 ], [ 144.270870557330568, 43.666458053996166 ], [ 144.278221114812823, 43.667276107906218 ], [ 144.277472775448359, 43.670044441497964 ], [ 144.272983890394357, 43.675641107850993 ], [ 144.274391945432171, 43.677520838416115 ], [ 144.273818611439992, 43.679188333474997 ], [ 144.274414448268317, 43.681499171149994 ], [ 144.278081672231565, 43.684552775090651 ], [ 144.28072639400807, 43.686060278958848 ], [ 144.300282502635582, 43.689651667590567 ], [ 144.310148884763407, 43.694558053911237 ], [ 144.313576666929862, 43.698143613137404 ], [ 144.323411672610746, 43.703320279007812 ], [ 144.331942217959181, 43.704938054148045 ] ] ] ] } },
{ "type": "Feature", "properties": { "fid": 28, "OBJECTID": 8439.0, "N03_001": "北海道", "N03_002": "十勝総合振興局", "N03_003": "十勝郡", "N03_004": "浦幌町", "N03_007": "01649", "Shape_Leng": 0.0036132425468079999, "Shape_Area": 1.36437966e-07, "join_key": "十勝郡浦幌町" }, "geometry": { "type": "MultiPolygon", "coordinates": [ [ [ [ 143.825898858445726, 42.797770640003193 ], [ 143.825825862273859, 42.79780135994497 ], [ 143.826684085302418, 42.799309279299962 ], [ 143.825898858445726, 42.797770640003193 ] ] ], [ [ [ 143.743143605293312, 43.164396666772916 ], [ 143.747846109010879, 43.163958053921192 ], [ 143.749619441684104, 43.161672225492964 ], [ 143.753554162694627, 43.161510838554534 ], [ 143.759864720780456, 43.163627505405202 ], [ 143.767133890516789, 43.163414440724011 ], [ 143.768118053705393, 43.162027775161846 ], [ 143.767309727761926, 43.159000559128685 ], [ 143.771766666198914, 43.157256108182992 ], [ 143.774649999697886, 43.15432055914664 ], [ 143.773807496818677, 43.153082225064793 ], [ 143.774976666739917, 43.150629720785162 ], [ 143.771483890569243, 43.146090837921975 ], [ 143.770496938583051, 43.144225559462143 ], [ 143.770840829440885, 43.142605559399215 ], [ 143.768266393279646, 43.138862505500413 ], [ 143.769054720998724, 43.1350125051232 ], [ 143.768073332218705, 43.131942775438915 ], [ 143.760355005978909, 43.128120000237971 ], [ 143.760850000027631, 43.126330838597482 ], [ 143.759417782005244, 43.123755558872119 ], [ 143.75730888439773, 43.12328417112775 ], [ 143.753822217321613, 43.120128333156231 ], [ 143.752962775711694, 43.118383613313256 ], [ 143.755429170020307, 43.115878892596982 ], [ 143.75555416229497, 43.113970000615211 ], [ 143.754083060285211, 43.113581945850285 ], [ 143.753825005219937, 43.111215279161968 ], [ 143.759186938626499, 43.10639444085092 ], [ 143.758334162791584, 43.105062224742028 ], [ 143.754220271648364, 43.103409721381695 ], [ 143.754775278356533, 43.099126387173214 ], [ 143.7560694414517, 43.097508054453328 ], [ 143.752052776015034, 43.094506945739113 ], [ 143.754724720269792, 43.090787505339279 ], [ 143.756279999722437, 43.083538613516339 ], [ 143.753561387847981, 43.082762775581784 ], [ 143.753861114798838, 43.080507775013984 ], [ 143.751736108534715, 43.079926946071851 ], [ 143.752192217696916, 43.078995000219265 ], [ 143.750392775906107, 43.075940279320605 ], [ 143.742741945584498, 43.073299721405192 ], [ 143.741497497012006, 43.070870279340113 ], [ 143.744177496494444, 43.067063333106489 ], [ 143.743206393260607, 43.065206386865441 ], [ 143.743797496957086, 43.063585838216 ], [ 143.741875550416466, 43.063727775516611 ], [ 143.740021672662238, 43.061176108390839 ], [ 143.740095005180478, 43.058965000134833 ], [ 143.737256666562075, 43.057236108359859 ], [ 143.733181387810987, 43.058743613127433 ], [ 143.724632775982059, 43.056490838381649 ], [ 143.719992502652076, 43.053399721020469 ], [ 143.717350271997589, 43.048947225234429 ], [ 143.710485278273154, 43.042969721175837 ], [ 143.712366938783362, 43.041145558820631 ], [ 143.71011221790468, 43.036862505200645 ], [ 143.7105630606369, 43.034656945761583 ], [ 143.709792217537029, 43.033508613132142 ], [ 143.710456393847721, 43.032469720801146 ], [ 143.708423060875703, 43.029790000108562 ], [ 143.708425278603954, 43.02849083858149 ], [ 143.706863332477042, 43.027280000371888 ], [ 143.705116394006609, 43.021767505166395 ], [ 143.707033060627396, 43.020098332871953 ], [ 143.703528611256615, 43.010351946385356 ], [ 143.704049441928419, 43.009346945905008 ], [ 143.706109441597619, 43.008521666841602 ], [ 143.702830829979007, 43.006901946467849 ], [ 143.703104720306783, 43.003511666930024 ], [ 143.704255836338007, 43.001795559017978 ], [ 143.707371387379794, 43.000358053881257 ], [ 143.708149999722878, 42.998129171424296 ], [ 143.711286393452497, 42.99779583860726 ], [ 143.71112583658828, 42.995551387087005 ], [ 143.712554448329342, 42.990932225342078 ], [ 143.716518053765299, 42.990119999938202 ], [ 143.719015278632355, 42.993806946033885 ], [ 143.721308611903055, 42.99389527924393 ], [ 143.724476666265332, 42.995921666751713 ], [ 143.725422217961182, 42.995723613554105 ], [ 143.725406108405309, 42.994291667126902 ], [ 143.727382775994442, 42.992968613311007 ], [ 143.733859727544541, 42.991432775402416 ], [ 143.736373332663334, 42.988433054342124 ], [ 143.739187496605837, 42.987297775372213 ], [ 143.739644162448371, 42.985709721026979 ], [ 143.742630271370103, 42.983793333195933 ], [ 143.743382217915155, 42.982022774931295 ], [ 143.745707496903606, 42.980647775374678 ], [ 143.749479169927895, 42.979960278744045 ], [ 143.749515550202659, 42.978731387543689 ], [ 143.751135550265644, 42.976877505292805 ], [ 143.750245278996658, 42.970987775065907 ], [ 143.754724162690081, 42.969191108582947 ], [ 143.758447781340237, 42.964272774768915 ], [ 143.762015278582453, 42.963238892561037 ], [ 143.763252502900855, 42.961759999724393 ], [ 143.766452775475386, 42.960450837736119 ], [ 143.765812218059637, 42.958432775252561 ], [ 143.766921672997, 42.958054999738636 ], [ 143.766781114357173, 42.955850000577243 ], [ 143.765776393565943, 42.952506386860421 ], [ 143.766286666196834, 42.951910279336062 ], [ 143.765391115008129, 42.950618612758944 ], [ 143.766424720224791, 42.948715279486748 ], [ 143.765555550648287, 42.946267775437661 ], [ 143.763295278254645, 42.945751945895779 ], [ 143.761972502329286, 42.942833332892178 ], [ 143.762524720239867, 42.941016107907217 ], [ 143.761420829407939, 42.938117775515082 ], [ 143.766454448214404, 42.93721166718484 ], [ 143.768365550729754, 42.936042775154135 ], [ 143.76748306039508, 42.934550838550535 ], [ 143.765618612009462, 42.933806108165527 ], [ 143.764311672246095, 42.930207505172405 ], [ 143.764600557869585, 42.929140000011159 ], [ 143.766876938919722, 42.928033613560558 ], [ 143.766665836559241, 42.926572775513364 ], [ 143.771123891054913, 42.922333892095594 ], [ 143.771819442013793, 42.919909999746835 ], [ 143.770629441995311, 42.919430559472914 ], [ 143.769949999692926, 42.917709721126869 ], [ 143.771629441345794, 42.916209999991679 ], [ 143.771063060911729, 42.914523612874575 ], [ 143.771795005635227, 42.913920837776629 ], [ 143.771792502821881, 42.911978892112359 ], [ 143.774581945300724, 42.91121138729585 ], [ 143.777111114986155, 42.907833612831155 ], [ 143.780344162453275, 42.906217225344847 ], [ 143.780840829241015, 42.903701946587717 ], [ 143.783743060194297, 42.902027774961994 ], [ 143.782362217742389, 42.901546386756536 ], [ 143.78180861127862, 42.899398053877235 ], [ 143.780585278787726, 42.898688333200198 ], [ 143.779349999702958, 42.899477775179321 ], [ 143.777101945498544, 42.898493892579268 ], [ 143.777372502938874, 42.895925279528171 ], [ 143.779174720936794, 42.894707504847645 ], [ 143.782159999784312, 42.895259441270355 ], [ 143.782538339173243, 42.894455000398125 ], [ 143.781906667059161, 42.893723333565163 ], [ 143.785478053869269, 42.893694441045795 ], [ 143.787300557874573, 42.892692775251533 ], [ 143.789553890200068, 42.889278613317515 ], [ 143.788664449005296, 42.888150838290699 ], [ 143.78950888452755, 42.885793613584553 ], [ 143.793386108282448, 42.88750444157688 ], [ 143.794714162328887, 42.887361387318322 ], [ 143.79834360577297, 42.884668612966266 ], [ 143.801892502337296, 42.884070838098864 ], [ 143.802847781999731, 42.882360000214021 ], [ 143.805514449032785, 42.882447505148434 ], [ 143.806010829836055, 42.880916386881893 ], [ 143.807709727422207, 42.880889721083918 ], [ 143.80864221736465, 42.880022225145751 ], [ 143.807424162994948, 42.878695279064061 ], [ 143.811632502738007, 42.877825279413287 ], [ 143.813198884321196, 42.876425559292272 ], [ 143.818041387300354, 42.875045278916673 ], [ 143.820211672630762, 42.875283612748717 ], [ 143.820778339948561, 42.87398361305344 ], [ 143.822898611282085, 42.872958054071091 ], [ 143.823427496282079, 42.871072225203193 ], [ 143.827217223196499, 42.870731946022659 ], [ 143.827009169537746, 42.869006666824362 ], [ 143.832247496524928, 42.867633613400699 ], [ 143.831488339215639, 42.865237225018063 ], [ 143.834079727597555, 42.863749999962693 ], [ 143.838320272063129, 42.863480559480422 ], [ 143.838032502498208, 42.862056667381466 ], [ 143.835057496606396, 42.860804999950972 ], [ 143.838430829319464, 42.860253333324863 ], [ 143.84034833950443, 42.861171945828801 ], [ 143.843952503005767, 42.856949440864184 ], [ 143.845955278813221, 42.857013892577243 ], [ 143.846056666582058, 42.854628613519878 ], [ 143.849566939063152, 42.854131945832819 ], [ 143.849028339586425, 42.852162225506447 ], [ 143.849895278844201, 42.851547225024603 ], [ 143.851895550939048, 42.851585278937648 ], [ 143.854187496555937, 42.853593613454677 ], [ 143.854722502341815, 42.852999441271379 ], [ 143.854003060892751, 42.851424721174112 ], [ 143.854639727841345, 42.850989720899065 ], [ 143.859250271383075, 42.852348613597826 ], [ 143.85954111483079, 42.849299721205341 ], [ 143.861524720689431, 42.84883694626825 ], [ 143.861895836723647, 42.847495558873106 ], [ 143.863747781834832, 42.846917225549703 ], [ 143.862487781286291, 42.844066387254145 ], [ 143.866726938997203, 42.843584441468977 ], [ 143.869346108336458, 42.84225250504926 ], [ 143.849256393268092, 42.828668332777511 ], [ 143.821486938271732, 42.807252505299061 ], [ 143.822318053935192, 42.805783612923562 ], [ 143.821059441939838, 42.803142413791534 ], [ 143.824885083280151, 42.800072972789621 ], [ 143.820528339211705, 42.803211945774819 ], [ 143.821879999562498, 42.805798892405107 ], [ 143.820901114494973, 42.806102224738027 ], [ 143.821485005628688, 42.806484171307602 ], [ 143.820959727809395, 42.807424171488492 ], [ 143.819757781196813, 42.806830000204513 ], [ 143.819235836264966, 42.806478613497404 ], [ 143.820901088414644, 42.805161333329011 ], [ 143.819775576981442, 42.805939225315171 ], [ 143.818509441257902, 42.805076108176024 ], [ 143.820142308820664, 42.803789171133531 ], [ 143.818337197703727, 42.803394640350518 ], [ 143.823504357740148, 42.799271801852342 ], [ 143.818564772946047, 42.803124532571303 ], [ 143.812589974048251, 42.799916027602762 ], [ 143.803213060534517, 42.792163054081868 ], [ 143.793801672409472, 42.787237774803657 ], [ 143.775240271521511, 42.773744171456542 ], [ 143.764540557800728, 42.763288054400334 ], [ 143.760396108593682, 42.762551387336828 ], [ 143.752374720716944, 42.757354171058296 ], [ 143.690752775720171, 42.712966107999648 ], [ 143.689408611218596, 42.713896387408511 ], [ 143.679413890438923, 42.707014999942487 ], [ 143.673853605259865, 42.704593613104919 ], [ 143.672251114997152, 42.70455417153795 ], [ 143.666870830025005, 42.707152224795493 ], [ 143.663745837000988, 42.70635805418101 ], [ 143.656268884301767, 42.707055278778284 ], [ 143.654545005347927, 42.706156945986436 ], [ 143.654284162384329, 42.704493891779862 ], [ 143.646703060997652, 42.702155559131938 ], [ 143.64300389041739, 42.704508892471551 ], [ 143.6402011145899, 42.703836387539411 ], [ 143.635089441824448, 42.704242505187608 ], [ 143.632216393871659, 42.706639171460779 ], [ 143.629678611378949, 42.707450000217477 ], [ 143.629892217452038, 42.705011946244497 ], [ 143.628174720986749, 42.703536108404819 ], [ 143.63043389081156, 42.700453054365141 ], [ 143.629731945672916, 42.699539441192428 ], [ 143.624268339412538, 42.698315838005669 ], [ 143.617175836995443, 42.699360838532016 ], [ 143.613088885044135, 42.698589721138887 ], [ 143.609211387895357, 42.699011387165967 ], [ 143.606128053267184, 42.700985279447252 ], [ 143.602623605695044, 42.707588612724464 ], [ 143.597271114270711, 42.712741666894601 ], [ 143.59742444867959, 42.715113613502638 ], [ 143.604714448513164, 42.723482504813887 ], [ 143.602461387783023, 42.725315838455344 ], [ 143.596021946056112, 42.726112224999326 ], [ 143.592759441295357, 42.728046667619765 ], [ 143.591926108803023, 42.7349336128961 ], [ 143.594184162569263, 42.740888892008911 ], [ 143.588291672322953, 42.749249720898092 ], [ 143.595731945273201, 42.802830000104564 ], [ 143.593678339783764, 42.804802504731981 ], [ 143.590021114483079, 42.804126666912339 ], [ 143.583831387508667, 42.806149440944125 ], [ 143.580776666610063, 42.808599721200324 ], [ 143.580602217918226, 42.811161946366894 ], [ 143.576971945299192, 42.813099171489739 ], [ 143.576771387489771, 42.814994721129665 ], [ 143.580275836860551, 42.817658333165696 ], [ 143.5804474967548, 42.819962774862347 ], [ 143.579374720667033, 42.821239170951117 ], [ 143.577085550357992, 42.821577225208955 ], [ 143.570090829428409, 42.825521945781361 ], [ 143.569371673064438, 42.831337505321756 ], [ 143.566970557845139, 42.835312225479015 ], [ 143.563771672924531, 42.836684170937929 ], [ 143.564237496563351, 42.840415558831126 ], [ 143.562255550853138, 42.843092225426005 ], [ 143.55950555084064, 42.844263891865296 ], [ 143.558984720168837, 42.845838892551001 ], [ 143.559231672204078, 42.847730279229154 ], [ 143.561848611224605, 42.849680000431817 ], [ 143.562856393308039, 42.851486946165778 ], [ 143.562543605503151, 42.854772774843866 ], [ 143.563926393188694, 42.856572505317047 ], [ 143.57231389057381, 42.856642504947786 ], [ 143.578880829187142, 42.86314722486469 ], [ 143.579344162603206, 42.865584721258074 ], [ 143.581302502908329, 42.865506387609855 ], [ 143.584742502364747, 42.867196666992754 ], [ 143.585352217530954, 42.868634441026813 ], [ 143.583665550724731, 42.870351108317152 ], [ 143.580412775729201, 42.871819441314358 ], [ 143.575389441569655, 42.87199861324558 ], [ 143.571738611347996, 42.875602505151676 ], [ 143.572071945963671, 42.877909441567624 ], [ 143.569845278536945, 42.881252775595271 ], [ 143.566344720532584, 42.881537224863223 ], [ 143.565603060433091, 42.883179440878678 ], [ 143.561233605346843, 42.883588332935403 ], [ 143.557273060303714, 42.886348054619191 ], [ 143.553838053883283, 42.887089999803834 ], [ 143.550772775843143, 42.88952722550124 ], [ 143.550231387568715, 42.892073892396411 ], [ 143.550947223635603, 42.894115278797244 ], [ 143.549012775619303, 42.896534170915402 ], [ 143.550053890175036, 42.900031387039064 ], [ 143.55360055732001, 42.902476387375543 ], [ 143.554783060589898, 42.904330279518945 ], [ 143.559321387672071, 42.905567225047548 ], [ 143.560500558054514, 42.909564440846452 ], [ 143.563766108819095, 42.909730837908 ], [ 143.568213605273854, 42.911447225509221 ], [ 143.569773332773252, 42.915464999810069 ], [ 143.570023606004838, 42.919624170918894 ], [ 143.572521672637208, 42.922283054319678 ], [ 143.572934720461149, 42.924402224882954 ], [ 143.578449727473071, 42.927801667613039 ], [ 143.577921387462197, 42.933676666944791 ], [ 143.579933605251881, 42.935027505315304 ], [ 143.579598053807331, 42.937268333466989 ], [ 143.577556394012504, 42.940500279264654 ], [ 143.576919441978816, 42.946265000129813 ], [ 143.570216393671785, 42.947961108018887 ], [ 143.568116666451147, 42.947790838476578 ], [ 143.567654162210033, 42.953060000518803 ], [ 143.564844163027828, 42.961949441014042 ], [ 143.565203605861939, 42.965429721104897 ], [ 143.569583060510013, 42.966139721471109 ], [ 143.571537223464247, 42.967311108221224 ], [ 143.573101945798385, 42.970465559438196 ], [ 143.576217781925266, 42.972040559224581 ], [ 143.574873332338598, 42.973637505166892 ], [ 143.575354720544055, 42.974269170985622 ], [ 143.579551945565981, 42.975518613493364 ], [ 143.582886393392528, 42.975321946151041 ], [ 143.582327223722586, 42.977300000494779 ], [ 143.583206938749413, 42.978734170945415 ], [ 143.58181194546512, 42.98066138751318 ], [ 143.582314720448153, 42.982274720901842 ], [ 143.578608340003029, 42.982233333201918 ], [ 143.577412502485231, 42.983336667353456 ], [ 143.577855005804054, 42.984537225412794 ], [ 143.576255278258714, 42.987784440799487 ], [ 143.579210557521378, 42.988197504811183 ], [ 143.576255005764096, 42.991570558734452 ], [ 143.577431387348838, 42.993310837725176 ], [ 143.576041114605914, 42.994632775482387 ], [ 143.575749169488745, 42.995755559271799 ], [ 143.576663060551937, 42.996577224859209 ], [ 143.575189999818804, 42.998351107917472 ], [ 143.576317782040178, 43.000708613212112 ], [ 143.574441114565957, 43.002050000607198 ], [ 143.57751221751505, 43.003509720797126 ], [ 143.577342775348939, 43.00496277521205 ], [ 143.578766394054014, 43.005600559118648 ], [ 143.579156394052575, 43.008882224834963 ], [ 143.581119999888301, 43.008653054195236 ], [ 143.584395836199064, 43.009824721533846 ], [ 143.584275836960501, 43.011139999811292 ], [ 143.582761672713218, 43.012028892419607 ], [ 143.582544162683121, 43.013619999963169 ], [ 143.585373060218785, 43.016695559052948 ], [ 143.584361114274202, 43.019040279585397 ], [ 143.58534527836207, 43.020383891903236 ], [ 143.587186666331718, 43.020654720938808 ], [ 143.588548053749832, 43.022085559401205 ], [ 143.58820833934351, 43.026224171108765 ], [ 143.59101639329208, 43.027515838585259 ], [ 143.5911905577982, 43.029073054278172 ], [ 143.590362217442589, 43.032680558760944 ], [ 143.588438053173832, 43.0328813872664 ], [ 143.584085278712791, 43.035535837908753 ], [ 143.582210271387112, 43.035664721549836 ], [ 143.5811305579291, 43.038355838451366 ], [ 143.581331387333876, 43.040104170870961 ], [ 143.574584162529277, 43.040792504770423 ], [ 143.573520271743291, 43.042998054316911 ], [ 143.573823890959943, 43.044310279396029 ], [ 143.57049972778043, 43.046385559446151 ], [ 143.570218339804683, 43.048184721547841 ], [ 143.568058054036101, 43.047851386932109 ], [ 143.565098884306281, 43.04936805399268 ], [ 143.562701387958896, 43.055264441001327 ], [ 143.563175006021879, 43.06000472074146 ], [ 143.561828611201577, 43.062122775246053 ], [ 143.562493060906263, 43.063350838170834 ], [ 143.558159169510191, 43.067554441184654 ], [ 143.562156108317936, 43.072002225422523 ], [ 143.559945005457848, 43.074116386762 ], [ 143.56299138784243, 43.078491108278172 ], [ 143.568238611822608, 43.080647505378238 ], [ 143.568581946000222, 43.082855278948159 ], [ 143.565990829213547, 43.085560838062406 ], [ 143.571663605191361, 43.089264441401042 ], [ 143.57740527823114, 43.089831107819521 ], [ 143.578089999553981, 43.08903305393244 ], [ 143.580399999960264, 43.088913333483731 ], [ 143.582846108261492, 43.090180279496451 ], [ 143.583640271681361, 43.091669721380697 ], [ 143.585068611827182, 43.091200838248255 ], [ 143.585463332367112, 43.088391386753244 ], [ 143.587310829431431, 43.088555558892097 ], [ 143.589508339938106, 43.090738892486058 ], [ 143.599461387932934, 43.09501750525385 ], [ 143.602070271725893, 43.099330838147807 ], [ 143.601695278714374, 43.101679441053534 ], [ 143.603128611896068, 43.104631107739579 ], [ 143.605530557189695, 43.103037505476664 ], [ 143.60965944182999, 43.103653333334819 ], [ 143.613113060619412, 43.107670000570238 ], [ 143.612507223329885, 43.10846166747217 ], [ 143.614365278435002, 43.108675278941121 ], [ 143.614973332553404, 43.110224441205162 ], [ 143.617502775632715, 43.111829999954693 ], [ 143.623256393467955, 43.113731946472342 ], [ 143.632442502319805, 43.114819721453159 ], [ 143.636331114189716, 43.116067225022562 ], [ 143.637132775257555, 43.117350838170807 ], [ 143.64223111467436, 43.119983613353213 ], [ 143.646041672585284, 43.120768892370677 ], [ 143.650220829327964, 43.124008054328385 ], [ 143.65197055749536, 43.126071946263494 ], [ 143.65187805322978, 43.128201666773691 ], [ 143.654376393256143, 43.129660000209014 ], [ 143.657022502686573, 43.128727775566574 ], [ 143.659122502401715, 43.12935027909225 ], [ 143.661938611577852, 43.132957775481145 ], [ 143.666373332263674, 43.132089721063949 ], [ 143.670597781562492, 43.134321667511131 ], [ 143.672236938983701, 43.134678333238639 ], [ 143.673699169181532, 43.133924441459953 ], [ 143.675382775594812, 43.134661387313315 ], [ 143.677112775334535, 43.13902166751609 ], [ 143.680976109060339, 43.14321417109727 ], [ 143.683510829361467, 43.142357225106025 ], [ 143.684842775673701, 43.142773054532995 ], [ 143.693645278706867, 43.147839171240946 ], [ 143.694465278749817, 43.148750278902412 ], [ 143.694214162853541, 43.150160558862865 ], [ 143.697183890624274, 43.149826108188506 ], [ 143.701541672510302, 43.152131946532279 ], [ 143.703472502554177, 43.151822225415515 ], [ 143.704899441556108, 43.152642505147639 ], [ 143.708159441704993, 43.151730278729531 ], [ 143.715266938518539, 43.152662505170667 ], [ 143.716826938512554, 43.153651946480295 ], [ 143.720403332747765, 43.153014171566952 ], [ 143.723702502868377, 43.155027224826711 ], [ 143.727129169875411, 43.159130000349421 ], [ 143.728891945407099, 43.159728613384971 ], [ 143.730905005861473, 43.159210838609454 ], [ 143.732300557624853, 43.160606667363993 ], [ 143.734739169177487, 43.160695279363836 ], [ 143.734818611689775, 43.16238000003716 ], [ 143.736430557424455, 43.163038613141623 ], [ 143.737560829868585, 43.162735559598559 ], [ 143.73854082919604, 43.163571386810247 ], [ 143.743143605293312, 43.164396666772916 ] ] ] ] } },
{ "type": "Feature", "properties": { "fid": 29, "OBJECTID": 8303.0, "N03_001": "北海道", "N03_002": "十勝総合振興局", "N03_003": "広尾郡", "N03_004": "大樹町", "N03_007": "01641", "Shape_Leng": 0.002710921138693, "Shape_Area": 3.9811281e-08, "join_key": "広尾郡大樹町" }, "geometry": { "type": "MultiPolygon", "coordinates": [ [ [ [ 143.436779182913142, 42.471642378193337 ], [ 143.435875031507635, 42.470766351286272 ], [ 143.436748196771987, 42.471658369038664 ], [ 143.436779182913142, 42.471642378193337 ] ] ], [ [ [ 143.410813332669363, 42.676990558767443 ], [ 143.416724448774517, 42.675514720927822 ], [ 143.417594162440878, 42.674384441289078 ], [ 143.421203332468053, 42.674046108241441 ], [ 143.424825550758783, 42.672023054520537 ], [ 143.427046938265789, 42.669617225055049 ], [ 143.42829444902975, 42.669304440847441 ], [ 143.428511945569994, 42.668112224899403 ], [ 143.433291672273072, 42.664726946491555 ], [ 143.434863332876716, 42.664523053995936 ], [ 143.438975005392308, 42.666086667465891 ], [ 143.440159169710114, 42.665340559319532 ], [ 143.439704448201951, 42.662830838372656 ], [ 143.440431387298872, 42.661000279139728 ], [ 143.438763890441351, 42.657017224965102 ], [ 143.441506393705254, 42.6551266674619 ], [ 143.441820271488496, 42.652685559391216 ], [ 143.443909169972358, 42.651743054598455 ], [ 143.444581114626885, 42.647560000194005 ], [ 143.451815005758135, 42.64479666683286 ], [ 143.455626938732394, 42.640189171093539 ], [ 143.459762502637545, 42.638825558752728 ], [ 143.46053722361421, 42.637403333097495 ], [ 143.461766393604307, 42.637310000556226 ], [ 143.463656393527913, 42.635158332990841 ], [ 143.462982217655394, 42.634083892257991 ], [ 143.463302775602756, 42.632560838212271 ], [ 143.467437223449338, 42.632147505303294 ], [ 143.474563061036633, 42.639447505598071 ], [ 143.484123890405385, 42.634597504971055 ], [ 143.479422502746502, 42.627927225261431 ], [ 143.47890500586152, 42.624103612791657 ], [ 143.479421946066168, 42.621831945987708 ], [ 143.484269441181937, 42.619804441521921 ], [ 143.485099999265685, 42.617141946443837 ], [ 143.487429999694882, 42.619810838399644 ], [ 143.497893890490786, 42.614989721298741 ], [ 143.494290271978684, 42.611104721106187 ], [ 143.500095278874255, 42.605703333542181 ], [ 143.504029727390161, 42.605486108597177 ], [ 143.503962217982121, 42.601343613617018 ], [ 143.506650271792751, 42.599204171435531 ], [ 143.511226108698111, 42.597833054252192 ], [ 143.515199441201389, 42.599499999825298 ], [ 143.52057333289315, 42.599940838499037 ], [ 143.515371387979371, 42.591220278992864 ], [ 143.515486666676452, 42.589828891989953 ], [ 143.518879727817307, 42.588435838543262 ], [ 143.516671114280712, 42.586187505549105 ], [ 143.52212389090505, 42.582540278910926 ], [ 143.519433890961523, 42.580315000037388 ], [ 143.518133060292712, 42.57648027914172 ], [ 143.524156666297245, 42.57346889207588 ], [ 143.486090830027933, 42.532580000266989 ], [ 143.459387846871778, 42.507177063570794 ], [ 143.454667509598039, 42.500397928122027 ], [ 143.443953047894979, 42.489657721526783 ], [ 143.434625005339853, 42.478437505386751 ], [ 143.433664448455716, 42.476688892378661 ], [ 143.434478754890847, 42.476541748003456 ], [ 143.433941893803535, 42.474447306098455 ], [ 143.43551477298854, 42.473828369283979 ], [ 143.435213125985115, 42.472678144480938 ], [ 143.435431114454559, 42.473799144015459 ], [ 143.433943178035406, 42.474020117334703 ], [ 143.433679714447408, 42.475521135292354 ], [ 143.434212930582476, 42.475949072291996 ], [ 143.432918079505953, 42.475895505073652 ], [ 143.431926666882305, 42.47682500027372 ], [ 143.431564162756104, 42.476268613106186 ], [ 143.433432826264152, 42.474701135249347 ], [ 143.432485005578769, 42.474971108130319 ], [ 143.431863086612339, 42.474190775384159 ], [ 143.43430328097179, 42.473088864859392 ], [ 143.433441906718826, 42.473451144155149 ], [ 143.43272508319626, 42.471897414234434 ], [ 143.4300430602392, 42.469855432482404 ], [ 143.423594383374279, 42.462433018269337 ], [ 143.410929883007839, 42.444991360562994 ], [ 143.39548766462417, 42.425902793279477 ], [ 143.393422256432132, 42.421600405134768 ], [ 143.395495472538187, 42.420298981812721 ], [ 143.393462347309651, 42.421101477451373 ], [ 143.392568105533769, 42.419871532245566 ], [ 143.394014474388655, 42.419298657806962 ], [ 143.392517794760579, 42.419800658473775 ], [ 143.391609882390298, 42.418677009536509 ], [ 143.393240349662619, 42.418128216244327 ], [ 143.396866769585927, 42.420638260947158 ], [ 143.393245537851499, 42.41787256776496 ], [ 143.391592450831126, 42.417932585820324 ], [ 143.38907150454645, 42.41490635094749 ], [ 143.388308339858213, 42.415791387262857 ], [ 143.388905550850723, 42.417293054531001 ], [ 143.386093333041117, 42.419648612793424 ], [ 143.382359727419612, 42.419539171595659 ], [ 143.381180557936545, 42.420935279139997 ], [ 143.37760666651468, 42.421772225108271 ], [ 143.3760494418284, 42.424075838529291 ], [ 143.368648611344497, 42.425444441208185 ], [ 143.367065278440009, 42.426998892385143 ], [ 143.367509999487083, 42.428267504841642 ], [ 143.36894722403531, 42.429138053978193 ], [ 143.367524720489655, 42.43057610860069 ], [ 143.363016938880833, 42.430818892278239 ], [ 143.360431387998347, 42.432821667186374 ], [ 143.357134448196462, 42.433800000070107 ], [ 143.349876666575028, 42.430809171506212 ], [ 143.346071945264271, 42.430920000357901 ], [ 143.344644448682516, 42.432637504917068 ], [ 143.337787223301916, 42.433645000116826 ], [ 143.335846666190832, 42.434850559306028 ], [ 143.334283332409996, 42.434700838373146 ], [ 143.332211114551455, 42.436641945869269 ], [ 143.330550557762194, 42.436690838411607 ], [ 143.327114162788575, 42.441126945852034 ], [ 143.324270557740192, 42.441270000110592 ], [ 143.318529441380747, 42.439127775426641 ], [ 143.309412775479359, 42.442296108578716 ], [ 143.3089050056617, 42.442803333407255 ], [ 143.309440271351605, 42.44374361327732 ], [ 143.307375550241659, 42.445846667090166 ], [ 143.304101114175296, 42.445532225432032 ], [ 143.301816938700995, 42.446449171492247 ], [ 143.297123332875685, 42.444799170945146 ], [ 143.294587781600967, 42.445732775147633 ], [ 143.295215550657304, 42.447671387025082 ], [ 143.293877781234755, 42.448365838113091 ], [ 143.292609169677576, 42.44592361308446 ], [ 143.283190271314197, 42.446708892101867 ], [ 143.270780829471846, 42.442944721222091 ], [ 143.26273916997684, 42.446064170824968 ], [ 143.261996938807897, 42.445016946275189 ], [ 143.256494162575677, 42.445222775011246 ], [ 143.254806109014908, 42.443333613255788 ], [ 143.247581945850243, 42.446106946178816 ], [ 143.244928339671333, 42.44442333347024 ], [ 143.236537781893276, 42.443475838339452 ], [ 143.234518884838849, 42.444415000352137 ], [ 143.230757781546572, 42.443509721196847 ], [ 143.228753060505483, 42.442050838275748 ], [ 143.224642775643815, 42.442268613605791 ], [ 143.22403583668472, 42.441294171189213 ], [ 143.220941945814275, 42.443147504853641 ], [ 143.216109169902438, 42.442124999968939 ], [ 143.214492217641919, 42.442798612865886 ], [ 143.21294500600743, 42.440476387075762 ], [ 143.212215279012071, 42.441265838048139 ], [ 143.209536666284293, 42.4411911079834 ], [ 143.206721387182483, 42.442396387483484 ], [ 143.195751945196321, 42.437758332781016 ], [ 143.192988339340559, 42.435444441008315 ], [ 143.193178611603798, 42.431684171387587 ], [ 143.189471387594608, 42.430222774861363 ], [ 143.18842722343777, 42.432012775569319 ], [ 143.181381672826092, 42.432042505357515 ], [ 143.178731387843413, 42.431666666983233 ], [ 143.176612775759168, 42.429943892396864 ], [ 143.171424162395397, 42.431700558833882 ], [ 143.167563060786847, 42.430621107977913 ], [ 143.166897781907323, 42.429256667361472 ], [ 143.162328339181727, 42.428626945876999 ], [ 143.159521387801988, 42.429498054391843 ], [ 143.158657496346564, 42.428591107893453 ], [ 143.154419169609127, 42.42923055914315 ], [ 143.152988611735168, 42.428048613452916 ], [ 143.152118611185188, 42.42515194660524 ], [ 143.148648611244539, 42.423109721136882 ], [ 143.141093060496473, 42.423452504929344 ], [ 143.138671114280669, 42.421404720751411 ], [ 143.1347147205081, 42.419750559041233 ], [ 143.126448053335139, 42.420406108155532 ], [ 143.122683605464204, 42.419029171459272 ], [ 143.115867781273209, 42.421315838055648 ], [ 143.114422502396792, 42.423101666808634 ], [ 143.106572217733856, 42.423804171325628 ], [ 143.101257496936114, 42.420478613297519 ], [ 143.096206938499563, 42.422343054488522 ], [ 143.085540271266723, 42.424353054550011 ], [ 143.083508611933098, 42.422550559560818 ], [ 143.079539727476572, 42.422099170940157 ], [ 143.076473332478486, 42.42309500013431 ], [ 143.071798884910777, 42.428128054166507 ], [ 143.066564162406394, 42.427296108428834 ], [ 143.063871672240111, 42.428017505003993 ], [ 143.057956666567065, 42.425261667492123 ], [ 143.055705837054916, 42.421397775287289 ], [ 143.050987223781476, 42.423032505345986 ], [ 143.048732217817815, 42.42184472125706 ], [ 143.046421945816292, 42.419241108390622 ], [ 143.043113890393897, 42.417610838069891 ], [ 143.036903890902067, 42.418250559116188 ], [ 143.034483605733953, 42.415651387102002 ], [ 143.032468884231776, 42.415166387219188 ], [ 143.031322502231887, 42.411143892376913 ], [ 143.033491945796868, 42.406636946238223 ], [ 143.033742217229701, 42.403227225156456 ], [ 143.032286666296841, 42.397904441037269 ], [ 143.025423605215337, 42.392952774750938 ], [ 143.022790557538428, 42.392543054418582 ], [ 143.012835005830993, 42.386537774798626 ], [ 143.009331672518897, 42.381878613007757 ], [ 143.007602775348005, 42.381090838371676 ], [ 143.004918339509913, 42.375970559094185 ], [ 142.99983972762152, 42.371524999779069 ], [ 142.98989778175735, 42.373558053961176 ], [ 142.987156393652867, 42.377143891977198 ], [ 142.98184306050905, 42.380341387445242 ], [ 142.981334162941494, 42.383741667444156 ], [ 142.978536108554749, 42.386746667524847 ], [ 142.975883605843933, 42.388892504785417 ], [ 142.97020111449001, 42.391620000163016 ], [ 142.966853332415553, 42.402113054174265 ], [ 142.963977781649533, 42.402208892226781 ], [ 142.962217781425693, 42.405012505323043 ], [ 142.958085836392456, 42.408731666933022 ], [ 142.957238053593528, 42.411025278993577 ], [ 142.950053060400592, 42.414678892616962 ], [ 142.950401672699172, 42.416881666855602 ], [ 142.948639999736429, 42.420721108292696 ], [ 142.948584448613587, 42.422851108492011 ], [ 142.947406938379686, 42.424430000544248 ], [ 142.94709805363243, 42.427414441223675 ], [ 142.943187224011353, 42.428462775536843 ], [ 142.940493332701294, 42.427537505351779 ], [ 142.937258054016183, 42.429158054001164 ], [ 142.931141945544482, 42.429614441053786 ], [ 142.924871387504709, 42.43434694615479 ], [ 142.921234720706025, 42.432367505056504 ], [ 142.918362217742356, 42.432643891902273 ], [ 142.911251114647371, 42.43132972158952 ], [ 142.907636108919519, 42.428626387398026 ], [ 142.906036393964541, 42.428652505508865 ], [ 142.904102776022455, 42.431809721241791 ], [ 142.903573605937368, 42.437819440814735 ], [ 142.902523060191243, 42.440965279224429 ], [ 142.898008884402657, 42.444919440879687 ], [ 142.898732502303346, 42.44921027903132 ], [ 142.896631114934166, 42.450194171523947 ], [ 142.893690829168577, 42.449949721402675 ], [ 142.891015550227621, 42.45296138725837 ], [ 142.888487781685967, 42.454269171485237 ], [ 142.886004448646531, 42.459025558982546 ], [ 142.885612775909067, 42.461579171341839 ], [ 142.882579441788039, 42.464179721117375 ], [ 142.88209666682792, 42.466316387091751 ], [ 142.884458884569995, 42.467738612746928 ], [ 142.885179169583239, 42.469730558918343 ], [ 142.88564277549392, 42.477433054392122 ], [ 142.887679999832358, 42.478343054088839 ], [ 142.889797223363303, 42.481385000117825 ], [ 142.889920557288065, 42.484564440796476 ], [ 142.891138053178793, 42.487341666884561 ], [ 142.888680271677345, 42.491940000330942 ], [ 142.888713060959162, 42.493861107804037 ], [ 142.886680829656711, 42.495178054323901 ], [ 142.88529444828032, 42.497534721450393 ], [ 142.878478611498849, 42.498220838521036 ], [ 142.874476393670761, 42.49979333279623 ], [ 142.871134448196358, 42.499157775611025 ], [ 142.864901114894678, 42.507467225332334 ], [ 142.860765550989527, 42.509158892369157 ], [ 142.856040557925553, 42.51347444119267 ], [ 142.857144720352721, 42.517511387240916 ], [ 142.856719441748965, 42.519992505250059 ], [ 142.861708884957238, 42.52334972121281 ], [ 142.864043891012898, 42.5282488922727 ], [ 142.864139441282418, 42.529085000072882 ], [ 142.862086393372579, 42.53161194573488 ], [ 142.862425005209957, 42.538001386954591 ], [ 142.863793060201715, 42.541570558734463 ], [ 142.860223890220482, 42.543388892583494 ], [ 142.853947781565012, 42.545030559113172 ], [ 142.844976108860465, 42.544713333153993 ], [ 142.838058884310271, 42.547008054078617 ], [ 142.828700829579816, 42.548593892494296 ], [ 142.826944162243421, 42.550913333083997 ], [ 142.827547496719831, 42.556093892119577 ], [ 142.829003332737784, 42.557872225023345 ], [ 142.827614721042664, 42.559694720934772 ], [ 142.827850829952013, 42.562534440911861 ], [ 142.825159169859944, 42.568110838344694 ], [ 142.825122217616467, 42.570426107878745 ], [ 142.834977496714259, 42.5716080544683 ], [ 142.842125836238552, 42.573870279290134 ], [ 142.846277781294702, 42.577319720728667 ], [ 142.848726393308539, 42.578068333486954 ], [ 142.856171387699533, 42.576431107809526 ], [ 142.865897496272623, 42.576864721329969 ], [ 142.871769727491142, 42.571937225222939 ], [ 142.877776108780608, 42.570509721446626 ], [ 142.878999999750363, 42.569324171273649 ], [ 142.886298884885832, 42.568000279289606 ], [ 142.893249999488035, 42.567247775164844 ], [ 142.901010829486381, 42.568384440889417 ], [ 142.904420557762705, 42.567777224939164 ], [ 142.9101716727846, 42.568627774952006 ], [ 142.917123605769916, 42.561820279382573 ], [ 142.922913060689325, 42.560200559008763 ], [ 142.926603332477953, 42.560457775006455 ], [ 142.93225250305079, 42.56628583782134 ], [ 142.937696393473971, 42.569606387524914 ], [ 142.940688884884253, 42.574879440933614 ], [ 142.951373890193054, 42.579036666808918 ], [ 142.959282218000112, 42.574993332876204 ], [ 142.970719441449205, 42.577722224900924 ], [ 142.975433060787282, 42.581595000608957 ], [ 142.977820271588485, 42.582334441181672 ], [ 142.984467781363151, 42.580186666781401 ], [ 142.98886805351799, 42.580347225444257 ], [ 142.991775005912018, 42.579139441332302 ], [ 142.997687781266222, 42.579230279154217 ], [ 143.003083060634935, 42.578040838514028 ], [ 143.008581114527033, 42.581371667468659 ], [ 143.008067223923376, 42.584296386868914 ], [ 143.018538053888278, 42.588120838406155 ], [ 143.01986999930125, 42.589732224762543 ], [ 143.022860829663728, 42.590836666878829 ], [ 143.025494720904817, 42.589248332844477 ], [ 143.027012502225375, 42.587179170882223 ], [ 143.029568053523008, 42.586219441374283 ], [ 143.032282217350598, 42.587721107743107 ], [ 143.038030271979665, 42.587335000010398 ], [ 143.041410271367113, 42.587968333172228 ], [ 143.044780829671708, 42.585991386793239 ], [ 143.046173890312957, 42.586029170909683 ], [ 143.055919169734125, 42.578684441034284 ], [ 143.061162217262677, 42.580217224845228 ], [ 143.063319999318651, 42.579416387556421 ], [ 143.065751672601777, 42.580052505019239 ], [ 143.067971945848853, 42.579180279546449 ], [ 143.069269441831466, 42.579686945896015 ], [ 143.074358884255275, 42.578673053818534 ], [ 143.078891114833255, 42.579806387554925 ], [ 143.083753605244851, 42.576915279416767 ], [ 143.086125836937981, 42.578412774729941 ], [ 143.092099727520576, 42.579264721389961 ], [ 143.093516393566915, 42.580775000566007 ], [ 143.097798884211329, 42.581211946074632 ], [ 143.10215583692252, 42.578650559076209 ], [ 143.107797781442628, 42.57801361333776 ], [ 143.109038339547965, 42.576856108522747 ], [ 143.110877496299622, 42.576797225411781 ], [ 143.115115836526797, 42.574908891932012 ], [ 143.115837496603376, 42.575402775317968 ], [ 143.116922502571583, 42.574378054503768 ], [ 143.120226666627559, 42.574649720808111 ], [ 143.125682502745462, 42.576648053964675 ], [ 143.143243332314114, 42.577353054100342 ], [ 143.154030271280135, 42.57498055890585 ], [ 143.163124448734493, 42.574109171601151 ], [ 143.195274448357281, 42.574516667010755 ], [ 143.205528611856153, 42.573811108396114 ], [ 143.222357496701306, 42.570724440880383 ], [ 143.218597223483243, 42.56562722561614 ], [ 143.230230557594382, 42.561036666808889 ], [ 143.223847223670646, 42.552155559431696 ], [ 143.242286393202676, 42.544945279101512 ], [ 143.243948884433621, 42.547359721374221 ], [ 143.261998053967204, 42.540162505495402 ], [ 143.263547496819683, 42.5422977748226 ], [ 143.299098053432544, 42.528393054496007 ], [ 143.338719441649118, 42.54095389180884 ], [ 143.356941672220614, 42.533873891766859 ], [ 143.356183605788942, 42.532685279402301 ], [ 143.361093890670645, 42.533698333311577 ], [ 143.363206667054214, 42.52897305426319 ], [ 143.369374162787608, 42.530300838513028 ], [ 143.377999999400686, 42.509264171504469 ], [ 143.405761945957238, 42.515297505475644 ], [ 143.406028612031037, 42.517216108336925 ], [ 143.452610557731191, 42.527610000401353 ], [ 143.448595550644313, 42.530268613106159 ], [ 143.449520271343658, 42.53305944144023 ], [ 143.44384082959084, 42.53432694593198 ], [ 143.440573332693361, 42.537641107751085 ], [ 143.438092217382064, 42.538778613442446 ], [ 143.43783500588097, 42.542128053866747 ], [ 143.435458611226068, 42.542848891962933 ], [ 143.429342217669387, 42.547463054376635 ], [ 143.428135278920195, 42.54939610844383 ], [ 143.428157781756454, 42.550986108022641 ], [ 143.425038611842638, 42.552403891926247 ], [ 143.423290271329165, 42.552358892549023 ], [ 143.418332218057571, 42.554910838464593 ], [ 143.417253890454845, 42.556090559232075 ], [ 143.417604720481677, 42.559365837963242 ], [ 143.414208611538356, 42.56052166734122 ], [ 143.411215278362533, 42.559927505050496 ], [ 143.410841114525965, 42.560778332953873 ], [ 143.412448611314517, 42.562968612911334 ], [ 143.412141114221185, 42.565816946594964 ], [ 143.409590829353419, 42.567678332789001 ], [ 143.409857223831978, 42.570816667255542 ], [ 143.411732775247515, 42.57287138700508 ], [ 143.410978884368205, 42.575664720850341 ], [ 143.412211114751358, 42.576496108109041 ], [ 143.408597223283437, 42.580070558909313 ], [ 143.40593861147795, 42.587242504737958 ], [ 143.407181672396405, 42.590122224761046 ], [ 143.403221387257418, 42.589864171494469 ], [ 143.394875836950519, 42.59330305399294 ], [ 143.39281972774836, 42.593137225302883 ], [ 143.390338053958203, 42.592230278804493 ], [ 143.389926393788187, 42.590663333346299 ], [ 143.386440557685773, 42.588252505448907 ], [ 143.385190829193562, 42.589647774825096 ], [ 143.379784162609212, 42.589794440761011 ], [ 143.372689727549073, 42.592553891748878 ], [ 143.369699441276339, 42.595159440855696 ], [ 143.370815836281963, 42.598060559347516 ], [ 143.369370777739391, 42.599879802411124 ], [ 143.370997781722394, 42.601469171565157 ], [ 143.369221672842059, 42.602734720930812 ], [ 143.367007223604674, 42.603098333021819 ], [ 143.363329170005386, 42.610114440729035 ], [ 143.364133605481697, 42.611670559249092 ], [ 143.363637781358648, 42.614552225405021 ], [ 143.366143060554009, 42.614685558891608 ], [ 143.367491388017356, 42.616814171437056 ], [ 143.366755006038829, 42.618886667186132 ], [ 143.36785194601066, 42.619818613038717 ], [ 143.367907223739508, 42.621645838484824 ], [ 143.36942138798679, 42.622044999877005 ], [ 143.369374448771964, 42.623150000472322 ], [ 143.371306393975033, 42.625516667160639 ], [ 143.370358611960569, 42.626446946569502 ], [ 143.370992775196555, 42.62796500038462 ], [ 143.369208611988029, 42.629085559251337 ], [ 143.369987223431849, 42.631364999795096 ], [ 143.367045278417095, 42.63232138742228 ], [ 143.367328885020243, 42.634702775113169 ], [ 143.364125836238486, 42.637551946065628 ], [ 143.365213890908535, 42.639825279313357 ], [ 143.368936393499894, 42.641800559248566 ], [ 143.369263333036542, 42.645237775303258 ], [ 143.370841114426071, 42.648049721517623 ], [ 143.372987223281939, 42.650106387400001 ], [ 143.375407496758726, 42.649616108496787 ], [ 143.376670557700209, 42.650889999973685 ], [ 143.378593332516516, 42.649670838538555 ], [ 143.382394162460855, 42.650516107732358 ], [ 143.388280829596738, 42.648122775246065 ], [ 143.390626108608217, 42.648327225321339 ], [ 143.3886602715545, 42.658758612819895 ], [ 143.390114162338932, 42.659859170764264 ], [ 143.392538053788371, 42.65981583783082 ], [ 143.396989441609662, 42.661279171496744 ], [ 143.397551387486715, 42.663321387072529 ], [ 143.399057224011813, 42.663555279153002 ], [ 143.401336108774558, 42.666657225250901 ], [ 143.403464448825389, 42.667894170779505 ], [ 143.405858611385952, 42.67215250473447 ], [ 143.409680829906506, 42.67394917121743 ], [ 143.409790272003647, 42.676045559255328 ], [ 143.410813332669363, 42.676990558767443 ] ] ] ] } },
{ "type": "Feature", "properties": { "fid": 30, "OBJECTID": 8634.0, "N03_001": "北海道", "N03_002": "釧路総合振興局", "N03_003": "白糠郡", "N03_004": "白糠町", "N03_007": "01668", "Shape_Leng": 0.00013756039430199999, "Shape_Area": 1.24996e-09, "join_key": "白糠郡白糠町" }, "geometry": { "type": "MultiPolygon", "coordinates": [ [ [ [ 144.112002943681091, 42.960353306260231 ], [ 144.111911479031733, 42.960368856437753 ], [ 144.112008572537775, 42.960359523273553 ], [ 144.112002943681091, 42.960353306260231 ] ] ], [ [ [ 144.111838533221885, 42.960371648832677 ], [ 144.111660103231316, 42.960415819934326 ], [ 144.111836419815063, 42.960443485778399 ], [ 144.111838533221885, 42.960371648832677 ] ] ], [ [ [ 144.112121387991806, 42.960391522950601 ], [ 144.112079804239784, 42.960407504802674 ], [ 144.112123695652258, 42.960403865246349 ], [ 144.112121387991806, 42.960391522950601 ] ] ], [ [ [ 144.022212775299522, 43.368579441088514 ], [ 144.031179727462586, 43.360426666757405 ], [ 144.033605550655807, 43.351313054054344 ], [ 144.031943060324124, 43.350107225068541 ], [ 144.028799999920238, 43.349831108019373 ], [ 144.026543890488369, 43.346681946614694 ], [ 144.023850271672927, 43.344762505585322 ], [ 144.024046939015193, 43.34321805397019 ], [ 144.026295550799205, 43.341886387347074 ], [ 144.024255550253656, 43.339463333166464 ], [ 144.026068053797871, 43.337218892438102 ], [ 144.018976108960487, 43.335326946381656 ], [ 144.017458339331029, 43.332998613295558 ], [ 144.021002502763508, 43.326823333030575 ], [ 144.009877223555236, 43.321998333556394 ], [ 144.010469999990733, 43.316612225473989 ], [ 144.008976938335195, 43.315615837800863 ], [ 144.006626938782347, 43.311918332765003 ], [ 144.008690557323575, 43.310449999767854 ], [ 144.008625278234149, 43.307865559548077 ], [ 144.003154720214297, 43.306727505270317 ], [ 143.999549441553654, 43.308340558969803 ], [ 143.991664448455708, 43.306085279612148 ], [ 143.990113890443922, 43.304316108102057 ], [ 143.990634162636638, 43.300515279057038 ], [ 143.987783605828895, 43.295921667051459 ], [ 143.987305005521762, 43.292261386753751 ], [ 143.985910271242233, 43.290676945884513 ], [ 143.98120500570667, 43.289014171367057 ], [ 143.97789972739065, 43.285337224833199 ], [ 143.969124162650132, 43.282707224958642 ], [ 143.969231114524518, 43.280775000066342 ], [ 143.967598053607503, 43.27951610838187 ], [ 143.967326108513248, 43.275313892122597 ], [ 143.965457223772091, 43.273029721144894 ], [ 143.966069999331239, 43.270635559483651 ], [ 143.964655551013038, 43.268579720977527 ], [ 143.961206666254839, 43.267449171542182 ], [ 143.960312217634964, 43.266414171476981 ], [ 143.961459727384636, 43.264576666779931 ], [ 143.960708611813175, 43.263155279292846 ], [ 143.961217781875348, 43.261441945789329 ], [ 143.966671672759617, 43.258820838411111 ], [ 143.965848053844752, 43.257017505253827 ], [ 143.966217223746071, 43.25610250532651 ], [ 143.965070271575996, 43.256559440965589 ], [ 143.963626393843128, 43.255426946296723 ], [ 143.964067496917664, 43.254053891973683 ], [ 143.962672775228611, 43.253353892068617 ], [ 143.962238053743363, 43.252039441167426 ], [ 143.962718611874607, 43.251340279430508 ], [ 143.962110557756205, 43.249841667159387 ], [ 143.963890558003072, 43.245888054090585 ], [ 143.968391387852421, 43.244971386820225 ], [ 143.974878053879252, 43.24221583799067 ], [ 143.974532775367493, 43.240580278757022 ], [ 143.97714500553775, 43.238614440803985 ], [ 143.977888339275637, 43.235819441414264 ], [ 143.97959500520551, 43.234775558745184 ], [ 143.979798611716774, 43.232911108560984 ], [ 143.982179727812422, 43.231044170851987 ], [ 143.984272217289231, 43.227532775117652 ], [ 143.982379442057777, 43.225190559197131 ], [ 143.983991387792457, 43.223358891999453 ], [ 143.982888611220574, 43.222224720994234 ], [ 143.983201945813335, 43.220195279388804 ], [ 143.985185005783592, 43.217320559596317 ], [ 143.986122775645754, 43.21395638737755 ], [ 143.985728339291654, 43.213036108429833 ], [ 143.99166833982224, 43.204891667216827 ], [ 143.989797496357596, 43.203136387534414 ], [ 143.989582776024463, 43.201337505121955 ], [ 143.98799555085418, 43.198885838111096 ], [ 143.989611673040486, 43.19668027957141 ], [ 143.989951945925782, 43.192329171554206 ], [ 143.99203389085153, 43.189920838376167 ], [ 143.991968611762218, 43.187646387271116 ], [ 143.992874720991722, 43.186804171275639 ], [ 143.992791672198109, 43.182376387060799 ], [ 143.994856938297289, 43.180621387067504 ], [ 143.997557496281615, 43.180256387322572 ], [ 144.002159169810056, 43.177944170986848 ], [ 144.004015550377517, 43.178680838050411 ], [ 144.008168884886345, 43.177272225433001 ], [ 144.01168639331263, 43.177496667437424 ], [ 144.013415550387549, 43.176140279350591 ], [ 144.015595005205455, 43.176473333377828 ], [ 144.018477496939113, 43.173903333572127 ], [ 144.019939728036206, 43.174758891909505 ], [ 144.022221945686397, 43.172562775351992 ], [ 144.025173605177883, 43.167749721572534 ], [ 144.027843332603879, 43.166387225290407 ], [ 144.026462217657354, 43.164775838034643 ], [ 144.026968053932706, 43.163827775431685 ], [ 144.02980250298333, 43.163548333588892 ], [ 144.031490271459006, 43.164238892411106 ], [ 144.034275278481459, 43.162722505039767 ], [ 144.034758339426048, 43.162041108510493 ], [ 144.032140557740718, 43.158868053917729 ], [ 144.031653332935093, 43.156579720877573 ], [ 144.033418053700416, 43.155568891890994 ], [ 144.034866938858272, 43.153285279392321 ], [ 144.033661387763004, 43.149423891799358 ], [ 144.034857223482277, 43.146891667116904 ], [ 144.034451672406931, 43.14468944146472 ], [ 144.031508611333493, 43.143375558935077 ], [ 144.032989727294307, 43.139729171364309 ], [ 144.034885278732759, 43.139119721498105 ], [ 144.036379169563247, 43.137314441308604 ], [ 144.036212217619891, 43.136041666789652 ], [ 144.038081114951638, 43.135504721166114 ], [ 144.040270000060673, 43.133546108366374 ], [ 144.043876393880623, 43.133095000334151 ], [ 144.047270271605953, 43.129917504889079 ], [ 144.048705836905015, 43.129091946136555 ], [ 144.050213605173894, 43.129285838171086 ], [ 144.051170557575347, 43.127941107995923 ], [ 144.057759727429698, 43.12759805440686 ], [ 144.060283060514962, 43.125011945944721 ], [ 144.064521114757781, 43.125504170980889 ], [ 144.070199441351292, 43.121045279216446 ], [ 144.073954449038752, 43.119903333572154 ], [ 144.076531945593047, 43.117687775470642 ], [ 144.079091114863218, 43.117534441061764 ], [ 144.079998884241263, 43.109532224932423 ], [ 144.079606394020061, 43.107307224848739 ], [ 144.078699169631136, 43.106571386960127 ], [ 144.079127782021715, 43.10383166709795 ], [ 144.079638339737812, 43.102270279450011 ], [ 144.082183890574242, 43.101038054462833 ], [ 144.08047805381932, 43.099625559472145 ], [ 144.079710829591249, 43.09727861311768 ], [ 144.081597781712389, 43.09292333314545 ], [ 144.081413060964223, 43.091045559505119 ], [ 144.084021945656445, 43.088847775604506 ], [ 144.083060557798717, 43.086757775451133 ], [ 144.085942217659408, 43.084914999827561 ], [ 144.086681946015119, 43.082376666949813 ], [ 144.088739169477321, 43.081005558759671 ], [ 144.089363332252105, 43.078020279012833 ], [ 144.087519727453582, 43.076839171490747 ], [ 144.087616108696693, 43.074671666864106 ], [ 144.090698053872302, 43.072720000427864 ], [ 144.091758053291755, 43.070113613152898 ], [ 144.093818053860332, 43.069246387011333 ], [ 144.094238611922606, 43.066443612982539 ], [ 144.096401672999036, 43.062619441134473 ], [ 144.102526108293432, 43.06177250549689 ], [ 144.107142775318948, 43.059244171281648 ], [ 144.110376938844865, 43.058496667387431 ], [ 144.111745550516957, 43.057674170826488 ], [ 144.110999727455692, 43.055613332989083 ], [ 144.113188053186263, 43.054739441072513 ], [ 144.117559999394643, 43.057115838425375 ], [ 144.120289999384113, 43.060556945846542 ], [ 144.124383605419212, 43.060788613004263 ], [ 144.126766108269408, 43.059788892443578 ], [ 144.128081387446286, 43.057765559033498 ], [ 144.131075836680679, 43.058171666789178 ], [ 144.133182502170939, 43.056940279070773 ], [ 144.135781114806832, 43.057570559034218 ], [ 144.139125005514757, 43.056610000351384 ], [ 144.140296666558129, 43.05497999982731 ], [ 144.144124162300386, 43.055678054498799 ], [ 144.14693360570152, 43.054868332807473 ], [ 144.152401945993233, 43.056876107946209 ], [ 144.153893890690711, 43.058308054373356 ], [ 144.154797496207607, 43.061458892114331 ], [ 144.167128340001113, 43.042169999945713 ], [ 144.223116393906594, 43.028349721462632 ], [ 144.213686393412559, 43.006482224775027 ], [ 144.215795836908569, 43.00406583816806 ], [ 144.22210250272849, 43.005977224869184 ], [ 144.228571478191384, 42.997256044830749 ], [ 144.207799804517549, 42.993736144207844 ], [ 144.181470583201076, 42.987817387462655 ], [ 144.144742347281635, 42.976737864860752 ], [ 144.12638571932564, 42.969892072561265 ], [ 144.117428559880295, 42.965552144016385 ], [ 144.111904435541419, 42.96137667629273 ], [ 144.104860829263998, 42.957701801796873 ], [ 144.101643008218389, 42.956362613244153 ], [ 144.094754863246521, 42.955132568213628 ], [ 144.089298819385135, 42.952681404823124 ], [ 144.088838832346369, 42.951473532577609 ], [ 144.087043540926857, 42.951523378401362 ], [ 144.086939558613949, 42.949940918738548 ], [ 144.086980907642896, 42.951525089811184 ], [ 144.084343112444913, 42.951188576991399 ], [ 144.086383267673796, 42.951599595045423 ], [ 144.08859540835158, 42.951534766516431 ], [ 144.088616328381022, 42.952533523003865 ], [ 144.086529273507381, 42.952135991183241 ], [ 144.08651464243701, 42.952755514355658 ], [ 144.08483072575757, 42.95284708152775 ], [ 144.08479403341812, 42.951809946471997 ], [ 144.083823514743585, 42.952818171021931 ], [ 144.081973034628049, 42.952953838249186 ], [ 144.082056912596613, 42.951807315055703 ], [ 144.083681439846714, 42.950509099615431 ], [ 144.081471283972746, 42.951787549755807 ], [ 144.081439805003129, 42.952770568107383 ], [ 144.078889169399872, 42.95290092843527 ], [ 144.068836484616213, 42.948053116758103 ], [ 144.062453280194859, 42.946595505478342 ], [ 144.038770207878997, 42.937527107989808 ], [ 144.004684928366942, 42.920653378450822 ], [ 143.999912775754183, 42.924358891949453 ], [ 143.994677781654445, 42.923022775480888 ], [ 143.992149442043342, 42.924471945723894 ], [ 143.991702502368753, 42.927013053909491 ], [ 143.989527781582069, 42.928321946101107 ], [ 143.989681672671281, 42.930272224883424 ], [ 143.987516393866713, 42.933663613285319 ], [ 143.988775005861953, 42.935607505082487 ], [ 143.991199169806009, 42.936154441274596 ], [ 143.991018053540529, 42.93896138725836 ], [ 143.987993332226665, 42.941809720942047 ], [ 143.986834448750983, 42.944315838305442 ], [ 143.98143221762291, 42.945552774840849 ], [ 143.979933605351789, 42.947379440908662 ], [ 143.98001333294917, 42.948999171174989 ], [ 143.97819944175103, 42.94958722527042 ], [ 143.97469555085911, 42.953985278797745 ], [ 143.971114448673006, 42.954852225250136 ], [ 143.970015836861535, 42.957028054001682 ], [ 143.96737833933912, 42.957248892422626 ], [ 143.967141114371088, 42.958039170771258 ], [ 143.964141114520999, 42.95908472078338 ], [ 143.963231114824225, 42.960596107924232 ], [ 143.96166360549114, 42.960577775244303 ], [ 143.960869441171894, 42.961431945927757 ], [ 143.961494162425879, 42.962127225291397 ], [ 143.958952775450371, 42.963126945852025 ], [ 143.95856749689267, 42.964493891979714 ], [ 143.955489169689599, 42.96632944155067 ], [ 143.953084720683478, 42.966302225367599 ], [ 143.950035836384927, 42.969100278854967 ], [ 143.939876666475129, 42.969059170844218 ], [ 143.932793061051143, 42.967890838191806 ], [ 143.930663060851771, 42.968417224875168 ], [ 143.926566938513588, 42.971671667213855 ], [ 143.924986393507425, 42.971577775294236 ], [ 143.915726108573267, 42.978870838218768 ], [ 143.916224448999287, 42.979960838122338 ], [ 143.914061945502567, 42.981781946379897 ], [ 143.914762217902194, 42.985139720821621 ], [ 143.911121672327454, 42.99039277510667 ], [ 143.90271306065938, 42.995441387410267 ], [ 143.901483890669169, 42.997201386734787 ], [ 143.901051672896529, 42.999596945942471 ], [ 143.902044162907941, 43.003270279000333 ], [ 143.900888339825201, 43.003944441383055 ], [ 143.900841388019785, 43.004988612734451 ], [ 143.901881672501418, 43.006611108416109 ], [ 143.900467496677834, 43.006855559436701 ], [ 143.89989722397786, 43.008863053986943 ], [ 143.898766938943254, 43.009597505120951 ], [ 143.898878884752889, 43.010978612872862 ], [ 143.899893061016087, 43.012000838068388 ], [ 143.902955005269405, 43.012484999783055 ], [ 143.903629441945327, 43.013500837993433 ], [ 143.906143605543093, 43.013714171571905 ], [ 143.908678339334074, 43.017741386955606 ], [ 143.907498884765914, 43.018724171483484 ], [ 143.908480557731764, 43.02096999986577 ], [ 143.908019442043837, 43.022575559514621 ], [ 143.912038611193111, 43.022446387191167 ], [ 143.913552502945777, 43.023822775301028 ], [ 143.916284162184525, 43.024821667586082 ], [ 143.917169727301257, 43.023801107934958 ], [ 143.918768053702934, 43.024937504762192 ], [ 143.918823890810131, 43.028904441287125 ], [ 143.91641944180401, 43.030941667424202 ], [ 143.916645550252156, 43.032505558784692 ], [ 143.915825278613852, 43.032825837942255 ], [ 143.914221114712859, 43.038256108133055 ], [ 143.914634721015773, 43.041501666968543 ], [ 143.916897496222646, 43.043021108437586 ], [ 143.91568944141477, 43.044906386920388 ], [ 143.917056393837697, 43.046140837729638 ], [ 143.920265836799103, 43.046504171030847 ], [ 143.92101444865807, 43.047273612986999 ], [ 143.923139169836986, 43.046039440967604 ], [ 143.924508611583292, 43.046170838213754 ], [ 143.925007223604666, 43.048280000222007 ], [ 143.926408053489013, 43.048292775091682 ], [ 143.927392502662087, 43.049703054152815 ], [ 143.927986108272421, 43.052122225060828 ], [ 143.924130557279568, 43.05528055955034 ], [ 143.919084448688523, 43.056866108384384 ], [ 143.917818884933808, 43.058398332816978 ], [ 143.918257223492219, 43.05911444137854 ], [ 143.917317223311329, 43.060668892555498 ], [ 143.91813861190758, 43.063460279368542 ], [ 143.916543332408992, 43.065124170844001 ], [ 143.914697496392478, 43.064829721114904 ], [ 143.913726108972924, 43.065449441238911 ], [ 143.913215550357563, 43.068394441250632 ], [ 143.909804448816431, 43.0692927749418 ], [ 143.909314448703071, 43.070506107870756 ], [ 143.910156666497187, 43.073346946604488 ], [ 143.908416108716665, 43.072935558929089 ], [ 143.905745836301435, 43.070533612736199 ], [ 143.903717496365516, 43.070366667088194 ], [ 143.899919441729025, 43.073694171249144 ], [ 143.900401115019577, 43.075515837985677 ], [ 143.899840829291065, 43.077502505136692 ], [ 143.898482775659772, 43.078291386838202 ], [ 143.896921388011833, 43.08127666748436 ], [ 143.895499442045775, 43.081959171079063 ], [ 143.895437223349404, 43.083263613425174 ], [ 143.891242502939349, 43.086243053874 ], [ 143.884003332787756, 43.08915666754632 ], [ 143.877157496421546, 43.088237224968111 ], [ 143.872910271791739, 43.089664171164713 ], [ 143.871033060227774, 43.08826166674271 ], [ 143.867665836609262, 43.087354170758545 ], [ 143.865112775534385, 43.088835559213862 ], [ 143.863471945374158, 43.087938891966473 ], [ 143.861847496365044, 43.088111667019973 ], [ 143.854828053971687, 43.091651386902129 ], [ 143.852111387330865, 43.092100279004853 ], [ 143.85138944126993, 43.090271108325169 ], [ 143.848172502459192, 43.088380838604962 ], [ 143.847006938819391, 43.089552505044253 ], [ 143.840448884608463, 43.089823054390592 ], [ 143.837286393452473, 43.092337225182973 ], [ 143.83795027118822, 43.094115279296886 ], [ 143.836372217304188, 43.094586945831054 ], [ 143.834114720218395, 43.096758332830973 ], [ 143.830704720346716, 43.097465000309683 ], [ 143.826202775337947, 43.096180000406832 ], [ 143.825036108229938, 43.097433613070962 ], [ 143.820088339605377, 43.098748332869434 ], [ 143.819079169868019, 43.099585559426203 ], [ 143.819170271191297, 43.101666108604206 ], [ 143.81626693856856, 43.103887225415292 ], [ 143.816079170017815, 43.105457224971133 ], [ 143.813041945429632, 43.106284171377581 ], [ 143.811677223325319, 43.109412224794482 ], [ 143.812412502735015, 43.110978892362141 ], [ 143.810258053566486, 43.113499441146473 ], [ 143.812240557755672, 43.115689171618158 ], [ 143.812255005364364, 43.117626386848428 ], [ 143.81084749621516, 43.118636667248552 ], [ 143.805418053400672, 43.11935138725687 ], [ 143.803074162942494, 43.123253333374805 ], [ 143.799950830066905, 43.122236108409822 ], [ 143.798626938982238, 43.123272505122202 ], [ 143.795409999272238, 43.122975838564287 ], [ 143.793677781804377, 43.121298892530035 ], [ 143.781059169345326, 43.121541667214331 ], [ 143.779195006044915, 43.11955777537122 ], [ 143.774476108585759, 43.121778332803956 ], [ 143.765199727585582, 43.11949583816255 ], [ 143.759273060403643, 43.119470837909034 ], [ 143.75473861119815, 43.120385837836295 ], [ 143.75730888439773, 43.12328417112775 ], [ 143.75948805323128, 43.123851946410355 ], [ 143.760850000027631, 43.126330838597482 ], [ 143.760355005978909, 43.128120000237971 ], [ 143.768073332218705, 43.131942775438915 ], [ 143.769054720998724, 43.1350125051232 ], [ 143.768266393279646, 43.138862505500413 ], [ 143.770840829440885, 43.142605559399215 ], [ 143.770496938583051, 43.144225559462143 ], [ 143.771483890569243, 43.146090837921975 ], [ 143.774976666739917, 43.150629720785162 ], [ 143.773807496818677, 43.153082225064793 ], [ 143.774649999697886, 43.15432055914664 ], [ 143.771766666198914, 43.157256108182992 ], [ 143.767309727761926, 43.159000559128685 ], [ 143.767769169811572, 43.163051108322179 ], [ 143.769792217237182, 43.163957224746298 ], [ 143.772706108800094, 43.167894441375552 ], [ 143.77555111499214, 43.166965000134837 ], [ 143.782291388037265, 43.168106666989274 ], [ 143.782169169271924, 43.170834441156728 ], [ 143.783366938533618, 43.172561667387185 ], [ 143.780651673036459, 43.173215559050959 ], [ 143.778218884594025, 43.175214721382474 ], [ 143.775571387509672, 43.175305837994188 ], [ 143.777110271422089, 43.177598333096739 ], [ 143.778242775983472, 43.183410279161194 ], [ 143.780228611261577, 43.183706387240136 ], [ 143.776991672427926, 43.186560838112371 ], [ 143.781056394037478, 43.189430000094603 ], [ 143.783806108964882, 43.189971667158886 ], [ 143.784361945747378, 43.191294171489005 ], [ 143.786794162220986, 43.192752775620249 ], [ 143.789924162670104, 43.193121387042538 ], [ 143.793484720743436, 43.19868277479037 ], [ 143.793592502692036, 43.201818054259945 ], [ 143.792598884930726, 43.203437504837154 ], [ 143.79390527880571, 43.206336387614385 ], [ 143.79726999961099, 43.207582505328503 ], [ 143.797636938294204, 43.21012417109381 ], [ 143.79676167221362, 43.212350279142242 ], [ 143.791064162181556, 43.214591946361395 ], [ 143.791288053800827, 43.215784441099231 ], [ 143.789886938831387, 43.216706387390047 ], [ 143.790251387291846, 43.218789441179922 ], [ 143.789379169912991, 43.220549721092937 ], [ 143.791969999815819, 43.224020837991475 ], [ 143.791729999540053, 43.225702775263017 ], [ 143.793797496857223, 43.228366387299104 ], [ 143.79367250278392, 43.229856107973148 ], [ 143.796461387683053, 43.229814441483427 ], [ 143.799919169434247, 43.231335279599648 ], [ 143.79919805344764, 43.232647224989591 ], [ 143.800619441833987, 43.235152505084216 ], [ 143.800098339566944, 43.238355279572659 ], [ 143.802681672721178, 43.241313333243909 ], [ 143.80229055756331, 43.242698333261615 ], [ 143.80086360597079, 43.24340417156543 ], [ 143.801420829507833, 43.24506777525778 ], [ 143.800467496877673, 43.24758833303531 ], [ 143.803058611865595, 43.249012775519361 ], [ 143.811430557274548, 43.246924721498885 ], [ 143.812239999276699, 43.25357222497837 ], [ 143.814622503026271, 43.254970838033898 ], [ 143.815260271644433, 43.256608613197102 ], [ 143.819801387524194, 43.260477775429138 ], [ 143.822316938775884, 43.260608333607877 ], [ 143.824392217926743, 43.262428054211512 ], [ 143.827287781306268, 43.262256666811879 ], [ 143.826563605825982, 43.268018892058365 ], [ 143.822276938729942, 43.270109721386689 ], [ 143.82150639330564, 43.27265638738254 ], [ 143.821316108451811, 43.273648333304095 ], [ 143.822292502397204, 43.274163892150057 ], [ 143.825985005403822, 43.274195279388778 ], [ 143.825143890178538, 43.277025559182391 ], [ 143.826789169284893, 43.278965559613027 ], [ 143.825083605923851, 43.281093054301209 ], [ 143.825578339169169, 43.282332224752565 ], [ 143.824656108692693, 43.285141946044121 ], [ 143.821473890907555, 43.28775610795816 ], [ 143.822073060623438, 43.288797504901083 ], [ 143.82401027135711, 43.289131108414097 ], [ 143.82594500535788, 43.291164721075177 ], [ 143.829051387811433, 43.291737775378181 ], [ 143.830617223506238, 43.293731946472292 ], [ 143.832326939037216, 43.292042225568423 ], [ 143.833064162781056, 43.287878892397146 ], [ 143.840384162199484, 43.286457504910118 ], [ 143.844980271622376, 43.284101108479547 ], [ 143.854315006032834, 43.29360027942954 ], [ 143.855447496205215, 43.296198892065377 ], [ 143.857155550688276, 43.296199170855232 ], [ 143.858811672920524, 43.297568613500857 ], [ 143.865854720718971, 43.305302505206612 ], [ 143.871969169941394, 43.307500558903826 ], [ 143.880465836929034, 43.306331946562238 ], [ 143.881870557280536, 43.307726667351972 ], [ 143.883795278229741, 43.307926108203503 ], [ 143.886060272064128, 43.309369721535575 ], [ 143.89037666625029, 43.315927225361349 ], [ 143.895840271611405, 43.314051108272167 ], [ 143.897380830061479, 43.315378333143713 ], [ 143.897876393381011, 43.317837774793645 ], [ 143.897579441738003, 43.322800278810007 ], [ 143.896087223646646, 43.324506387160227 ], [ 143.897827496342074, 43.325672775478381 ], [ 143.900442502719557, 43.325702225577402 ], [ 143.902236108809575, 43.328171387099985 ], [ 143.906445550222088, 43.328925000088873 ], [ 143.909381114546932, 43.331953333080037 ], [ 143.910148884663499, 43.334938054347901 ], [ 143.912457781601574, 43.335710838184809 ], [ 143.916603605871842, 43.334918892493079 ], [ 143.917751114722364, 43.333703613431169 ], [ 143.92075666698679, 43.340205558939545 ], [ 143.921708884457644, 43.340557774821605 ], [ 143.924006393280592, 43.340255559446689 ], [ 143.927197496367512, 43.337141108275716 ], [ 143.932776393915674, 43.337268053877779 ], [ 143.932356108347904, 43.340865279109494 ], [ 143.934978611473866, 43.341113332814245 ], [ 143.937560271889197, 43.344047504988509 ], [ 143.940196108363921, 43.34473333337678 ], [ 143.941270271206236, 43.346701387259372 ], [ 143.943964448500651, 43.348155000153326 ], [ 143.951466108274417, 43.350567775082936 ], [ 143.951862775846621, 43.354068054297443 ], [ 143.950648611944075, 43.356550279372073 ], [ 143.952774162297942, 43.35833333281721 ], [ 143.956222775460901, 43.35833333281721 ], [ 143.960610271846804, 43.356397225551689 ], [ 143.966396393878654, 43.361847225069539 ], [ 143.9682830609147, 43.361856387362536 ], [ 143.971352217730896, 43.360489171438303 ], [ 143.973017496860166, 43.363151946205505 ], [ 143.976465836629245, 43.364943892147096 ], [ 143.983813890398892, 43.364921667201372 ], [ 143.985393605330842, 43.367611945934698 ], [ 143.987695278914202, 43.368167225137483 ], [ 143.988566666218844, 43.369417504914111 ], [ 143.991139169737039, 43.369083613618045 ], [ 143.995291672373014, 43.370094721394423 ], [ 144.000265006025415, 43.372444999737127 ], [ 144.006725278748831, 43.374085559201376 ], [ 144.008115836576735, 43.37522610819849 ], [ 144.017683890199578, 43.373785838545757 ], [ 144.020961387558145, 43.371339441562156 ], [ 144.022212775299522, 43.368579441088514 ] ] ] ] } },
{ "type": "Feature", "properties": { "fid": 31, "OBJECTID": 8488.0, "N03_001": "北海道", "N03_002": "釧路総合振興局", "N03_003": "厚岸郡", "N03_004": "浜中町", "N03_007": "01663", "Shape_Leng": 0.00022599486158899999, "Shape_Area": 3.550314e-09, "join_key": "厚岸郡浜中町" }, "geometry": { "type": "MultiPolygon", "coordinates": [ [ [ [ 145.003014162273985, 42.991661667252288 ], [ 145.003136393629802, 42.991840000116099 ], [ 145.003165278954611, 42.991743613477126 ], [ 145.003014162273985, 42.991661667252288 ] ] ], [ [ [ 145.004447223860438, 42.992349721462631 ], [ 145.004568611652303, 42.99234110775609 ], [ 145.004444721047207, 42.992258612944795 ], [ 145.004447223860438, 42.992349721462631 ] ] ], [ [ [ 145.004279441842982, 42.992629171399301 ], [ 145.004328053796826, 42.993044721137153 ], [ 145.004446108701131, 42.992718892263213 ], [ 145.004279441842982, 42.992629171399301 ] ] ], [ [ [ 145.011078053909273, 42.993702225377547 ], [ 145.011164162196451, 42.993905278805755 ], [ 145.011303060687851, 42.993805559279281 ], [ 145.011078053909273, 42.993702225377547 ] ] ], [ [ [ 145.011703060248237, 42.994060838137329 ], [ 145.011799999970208, 42.994203054227739 ], [ 145.011869169526676, 42.994136387484446 ], [ 145.011703060248237, 42.994060838137329 ] ] ], [ [ [ 145.012955550558445, 42.994718054594728 ], [ 145.012939727886305, 42.994560279333598 ], [ 145.01262360539522, 42.994645278756764 ], [ 145.012955550558445, 42.994718054594728 ] ] ], [ [ [ 145.013157223527173, 42.994906667608802 ], [ 145.013339727446692, 42.994849720738216 ], [ 145.013178053624415, 42.994842224888941 ], [ 145.013157223527173, 42.994906667608802 ] ] ], [ [ [ 145.013233890731613, 42.99515694623625 ], [ 145.013391945681974, 42.995268613256087 ], [ 145.013371114685356, 42.995118054155057 ], [ 145.013233890731613, 42.99515694623625 ] ] ], [ [ [ 145.016054448853879, 42.995962774762404 ], [ 145.016207496379025, 42.99604305454352 ], [ 145.016206393810194, 42.995965279374332 ], [ 145.016054448853879, 42.995962774762404 ] ] ], [ [ [ 145.017337223834033, 42.997057774896575 ], [ 145.017519441768968, 42.996988332845433 ], [ 145.017255836987488, 42.997011946344401 ], [ 145.017337223834033, 42.997057774896575 ] ] ], [ [ [ 145.020773890402893, 42.99704055917465 ], [ 145.020096938323263, 42.997291108498018 ], [ 145.020866108684118, 42.997331108544017 ], [ 145.020773890402893, 42.99704055917465 ] ] ], [ [ [ 145.023828611301496, 42.999016386796995 ], [ 145.02398416253925, 42.999144441263127 ], [ 145.023974448961781, 42.998967774843095 ], [ 145.023828611301496, 42.999016386796995 ] ] ], [ [ [ 145.025279727677457, 42.999376108420847 ], [ 145.025454448863911, 42.999308332813484 ], [ 145.025227223457819, 42.999293613609552 ], [ 145.025279727677457, 42.999376108420847 ] ] ], [ [ [ 145.025093332391521, 43.000367775552547 ], [ 145.025280557751671, 43.00034722514448 ], [ 145.025190557198584, 43.000302224867937 ], [ 145.025093332391521, 43.000367775552547 ] ] ], [ [ [ 145.024743060843775, 43.001303333082546 ], [ 145.025037223689083, 43.001252505199147 ], [ 145.02478194573041, 43.001134171504987 ], [ 145.024743060843775, 43.001303333082546 ] ] ], [ [ [ 145.026943332269184, 43.003982774985218 ], [ 145.026716666241327, 43.004127505580072 ], [ 145.027068339832226, 43.004111667619554 ], [ 145.026943332269184, 43.003982774985218 ] ] ], [ [ [ 145.028666938728406, 43.006263891865274 ], [ 145.028940557460942, 43.006201387184433 ], [ 145.028659169485309, 43.006185837906287 ], [ 145.028666938728406, 43.006263891865274 ] ] ], [ [ [ 145.030492218041559, 43.009710279206161 ], [ 145.030663890526284, 43.009777775124405 ], [ 145.030702775412919, 43.009707504797689 ], [ 145.030492218041559, 43.009710279206161 ] ] ], [ [ [ 145.029964720695489, 43.009753054560008 ], [ 145.030171672684673, 43.009807775608522 ], [ 145.029964720695489, 43.009686667505889 ], [ 145.029964720695489, 43.009753054560008 ] ] ], [ [ [ 145.02563666679896, 43.015314721097695 ], [ 145.025816393611876, 43.015388891784085 ], [ 145.025820271488556, 43.015338054008168 ], [ 145.02563666679896, 43.015314721097695 ] ] ], [ [ [ 145.024986938996221, 43.016279440943606 ], [ 145.025147223365821, 43.016318613613294 ], [ 145.025002502663597, 43.01624055875493 ], [ 145.024986938996221, 43.016279440943606 ] ] ], [ [ [ 145.025506393705314, 43.016560837912493 ], [ 145.025506393705314, 43.016256108033133 ], [ 145.025315005383391, 43.016388892033888 ], [ 145.025506393705314, 43.016560837912493 ] ] ], [ [ [ 145.025049441878423, 43.016762775282018 ], [ 145.025209728046661, 43.016848612873332 ], [ 145.025225278224184, 43.016762775282018 ], [ 145.025049441878423, 43.016762775282018 ] ] ], [ [ [ 145.025248612034034, 43.017031945967688 ], [ 145.025162775341983, 43.017447225009619 ], [ 145.025432217622892, 43.017248053954688 ], [ 145.025248612034034, 43.017031945967688 ] ] ], [ [ [ 145.026179441827935, 43.018125559347254 ], [ 145.026198884271253, 43.018469441211892 ], [ 145.026398053527487, 43.018231108279167 ], [ 145.026179441827935, 43.018125559347254 ] ] ], [ [ [ 145.024424449029311, 43.019240000126047 ], [ 145.024604162352375, 43.019166108229456 ], [ 145.02445194580082, 43.019138892046385 ], [ 145.024424449029311, 43.019240000126047 ] ] ], [ [ [ 145.025516666661019, 43.019272775018692 ], [ 145.025711945450098, 43.019288333290092 ], [ 145.025668885011214, 43.0192141715969 ], [ 145.025516666661019, 43.019272775018692 ] ] ], [ [ [ 145.025971919668564, 43.020380505056437 ], [ 145.026029363864268, 43.020325306467896 ], [ 145.025253306495074, 43.019712108227395 ], [ 145.025971919668564, 43.020380505056437 ] ] ], [ [ [ 145.032367782047686, 43.021429171219438 ], [ 145.032539169447318, 43.021468054307434 ], [ 145.032434162806567, 43.021358891899524 ], [ 145.032367782047686, 43.021429171219438 ] ] ], [ [ [ 145.0291530609652, 43.0217361080351 ], [ 145.029348611349519, 43.021794721349465 ], [ 145.029211672480869, 43.02163833284294 ], [ 145.0291530609652, 43.0217361080351 ] ] ], [ [ [ 145.031634448771001, 43.022083613268308 ], [ 145.03185333296517, 43.022236108609718 ], [ 145.031892502936785, 43.02216194601715 ], [ 145.031634448771001, 43.022083613268308 ] ] ], [ [ [ 145.031060271214756, 43.022314171561959 ], [ 145.031243890293467, 43.022368892610473 ], [ 145.031239999826312, 43.022275279480709 ], [ 145.031060271214756, 43.022314171561959 ] ] ], [ [ [ 145.030626666687454, 43.022607225543197 ], [ 145.030818053210737, 43.022603333277402 ], [ 145.030669728025714, 43.022470559169165 ], [ 145.030626666687454, 43.022607225543197 ] ] ], [ [ [ 145.050482217180729, 43.030722224751059 ], [ 145.050693333031063, 43.03065583859626 ], [ 145.05047833930405, 43.03065166754061 ], [ 145.050482217180729, 43.030722224751059 ] ] ], [ [ [ 145.051001945283701, 43.030980000127045 ], [ 145.051111114886226, 43.03087833356841 ], [ 145.050997781422666, 43.03089389183981 ], [ 145.051001945283701, 43.030980000127045 ] ] ], [ [ [ 145.051763332911719, 43.030981386881649 ], [ 145.051899999285752, 43.031118054155058 ], [ 145.051954720334265, 43.03106722537234 ], [ 145.051763332911719, 43.030981386881649 ] ] ], [ [ [ 145.061774162347888, 43.029088613448891 ], [ 145.062395278219697, 43.028656387582373 ], [ 145.061258611595804, 43.028735838188538 ], [ 145.061774162347888, 43.029088613448891 ] ] ], [ [ [ 145.059392775556375, 43.028785279317333 ], [ 145.059451387971308, 43.029039171420777 ], [ 145.059654448594074, 43.028832224827454 ], [ 145.059392775556375, 43.028785279317333 ] ] ], [ [ [ 145.060705006031412, 43.028919171282894 ], [ 145.060884720253853, 43.028970000065613 ], [ 145.060892502986803, 43.028895838372421 ], [ 145.060705006031412, 43.028919171282894 ] ] ], [ [ [ 145.067496108758633, 43.030070000430328 ], [ 145.067679727837344, 43.030081667335253 ], [ 145.067703332343058, 43.029952775600293 ], [ 145.067496108758633, 43.030070000430328 ] ] ], [ [ [ 145.060149169248916, 43.03044110837061 ], [ 145.060473332578454, 43.030113054573974 ], [ 145.059785836847027, 43.030343612867625 ], [ 145.060149169248916, 43.03044110837061 ] ] ], [ [ [ 145.081557223886989, 43.043034440886913 ], [ 145.08183444890085, 43.043124170744079 ], [ 145.081842217244684, 43.043089170928681 ], [ 145.081557223886989, 43.043034440886913 ] ] ], [ [ [ 145.083689727798856, 43.044281946254955 ], [ 145.083783605329245, 43.044476946254235 ], [ 145.083849999577978, 43.04429361315988 ], [ 145.083689727798856, 43.044281946254955 ] ] ], [ [ [ 145.085991672977457, 43.044680279371562 ], [ 145.086226108248525, 43.044668613365957 ], [ 145.08606972783582, 43.044574721446395 ], [ 145.085991672977457, 43.044680279371562 ] ] ], [ [ [ 145.097889169449786, 43.04497499979658 ], [ 145.097607781474153, 43.044596108223971 ], [ 145.097389169774488, 43.044842224789022 ], [ 145.097889169449786, 43.04497499979658 ] ] ], [ [ [ 145.098268053827837, 43.04479638724365 ], [ 145.098373605457709, 43.045034721075695 ], [ 145.098502502588644, 43.044890279163212 ], [ 145.098268053827837, 43.04479638724365 ] ] ], [ [ [ 145.0947880534261, 43.045266387334095 ], [ 145.095061387972805, 43.045578891852529 ], [ 145.09524888492831, 43.045410838239775 ], [ 145.0947880534261, 43.045266387334095 ] ] ], [ [ [ 145.099318611265062, 43.045775559194851 ], [ 145.099533332497458, 43.045674171426015 ], [ 145.099349727807862, 43.045646667459891 ], [ 145.099318611265062, 43.045775559194851 ] ] ], [ [ [ 145.094112217405041, 43.045619171587646 ], [ 145.094174720287242, 43.045884721602761 ], [ 145.094264720840329, 43.045708892451614 ], [ 145.094112217405041, 43.045619171587646 ] ] ], [ [ [ 145.087102217893175, 43.046342775099163 ], [ 145.087293605315836, 43.046299999745372 ], [ 145.087082775449858, 43.046284170778051 ], [ 145.087102217893175, 43.046342775099163 ] ] ], [ [ [ 145.087910557326495, 43.047448054484278 ], [ 145.088047223700642, 43.047565279314369 ], [ 145.088047223700642, 43.047471667083926 ], [ 145.087910557326495, 43.047448054484278 ] ] ], [ [ [ 145.110057223362332, 43.053373054323174 ], [ 145.116060829343951, 43.052658613104654 ], [ 145.116755836213088, 43.051935837868768 ], [ 145.114131114459497, 43.050361667257278 ], [ 145.113998339451996, 43.049510558765462 ], [ 145.110071672769664, 43.048485837951205 ], [ 145.107997781272729, 43.04891917088321 ], [ 145.104775550851173, 43.047498892260251 ], [ 145.103025278593918, 43.048425837882291 ], [ 145.100693890510797, 43.048205558839641 ], [ 145.099135005676203, 43.047451667060955 ], [ 145.098865550804703, 43.046134171055314 ], [ 145.097639441207434, 43.045224171358598 ], [ 145.096123606019773, 43.044966386989358 ], [ 145.095307223949362, 43.045709441038014 ], [ 145.095584448963336, 43.047296667107673 ], [ 145.097138339862681, 43.048438612751966 ], [ 145.097605836240518, 43.051786386732545 ], [ 145.096540271816252, 43.053069171605159 ], [ 145.099353605684541, 43.052045279066533 ], [ 145.110057223362332, 43.053373054323174 ] ] ], [ [ [ 145.088872632266316, 43.049247026828994 ], [ 145.090123280764942, 43.050206721263351 ], [ 145.090174448592052, 43.050150559500878 ], [ 145.088872632266316, 43.049247026828994 ] ] ], [ [ [ 145.116067223523714, 43.050265278819722 ], [ 145.115879727467586, 43.050085559201364 ], [ 145.115786108941961, 43.050230000214526 ], [ 145.116067223523714, 43.050265278819722 ] ] ], [ [ [ 145.117055550573355, 43.052142504772917 ], [ 145.117180271252664, 43.052181667550087 ], [ 145.117172502908829, 43.052099440736754 ], [ 145.117055550573355, 43.052142504772917 ] ] ], [ [ [ 145.118607223744561, 43.052466667203078 ], [ 145.118888339225691, 43.05222055873196 ], [ 145.118458884170309, 43.052244171331608 ], [ 145.118607223744561, 43.052466667203078 ] ] ], [ [ [ 145.086709584679738, 43.055137802068089 ], [ 145.085933721564174, 43.054584919558579 ], [ 145.08588888496422, 43.054645972733624 ], [ 145.086709584679738, 43.055137802068089 ] ] ], [ [ [ 145.08813566752724, 43.05596900046919 ], [ 145.088180583267444, 43.055909558879193 ], [ 145.087376199951791, 43.055534198044995 ], [ 145.08813566752724, 43.05596900046919 ] ] ], [ [ [ 145.089726108673176, 43.056905919572671 ], [ 145.089771166506353, 43.056843865452208 ], [ 145.089226938172828, 43.056601721192635 ], [ 145.089726108673176, 43.056905919572671 ] ] ], [ [ [ 145.089630972991245, 43.05832044073594 ], [ 145.089904967640337, 43.057617838192868 ], [ 145.089551088911776, 43.058295441381688 ], [ 145.089630972991245, 43.05832044073594 ] ] ], [ [ [ 145.121528884550571, 43.062233891880794 ], [ 145.121525005774629, 43.062425279303341 ], [ 145.121651387501743, 43.062366666888352 ], [ 145.121528884550571, 43.062233891880794 ] ] ], [ [ [ 145.1230911148632, 43.062539720731706 ], [ 145.122948053410141, 43.062336667303498 ], [ 145.1229102719916, 43.062494170969387 ], [ 145.1230911148632, 43.062539720731706 ] ] ], [ [ [ 145.121215005867953, 43.062725838127108 ], [ 145.121141114870738, 43.062940838149302 ], [ 145.121354720943827, 43.062828892339667 ], [ 145.121215005867953, 43.062725838127108 ] ] ], [ [ [ 145.120817781615528, 43.062934171474978 ], [ 145.120692775851126, 43.06284444161787 ], [ 145.120606666664457, 43.06292250546943 ], [ 145.120817781615528, 43.062934171474978 ] ] ], [ [ [ 145.124440271501499, 43.062989171313347 ], [ 145.124446666580525, 43.063180558735951 ], [ 145.124605550705724, 43.063107505007508 ], [ 145.124440271501499, 43.062989171313347 ] ] ], [ [ [ 145.087759078219051, 43.063737559241133 ], [ 145.087921387861911, 43.062827386874574 ], [ 145.087676783057304, 43.063724135060966 ], [ 145.087759078219051, 43.063737559241133 ] ] ], [ [ [ 145.120033890251989, 43.063612504913351 ], [ 145.120326938837366, 43.063389721258773 ], [ 145.119916666321274, 43.063471667483611 ], [ 145.120033890251989, 43.063612504913351 ] ] ], [ [ [ 145.121451945750891, 43.063834999885501 ], [ 145.124177223400352, 43.06350722487872 ], [ 145.121142217439569, 43.063256108083067 ], [ 145.121451945750891, 43.063834999885501 ] ] ], [ [ [ 145.124557223836973, 43.067285279492239 ], [ 145.124529727964727, 43.067504170880966 ], [ 145.124666666833377, 43.067467505521108 ], [ 145.124557223836973, 43.067285279492239 ] ] ], [ [ [ 145.122479143298051, 43.077351080887865 ], [ 145.123716393696782, 43.076774865467826 ], [ 145.122446977246341, 43.077287252404915 ], [ 145.122479143298051, 43.077351080887865 ] ] ], [ [ [ 145.120519753484018, 43.078104837768194 ], [ 145.121712217644927, 43.077571171072861 ], [ 145.120488884254769, 43.078042000338201 ], [ 145.120519753484018, 43.078104837768194 ] ] ], [ [ [ 145.177712775724217, 43.260929720730189 ], [ 145.185366938933271, 43.256558054210984 ], [ 145.195602217568421, 43.257659441330304 ], [ 145.225497496312528, 43.206023333610119 ], [ 145.227068053448079, 43.206396386783979 ], [ 145.227094448550133, 43.207822775400928 ], [ 145.228646938305701, 43.208675559329777 ], [ 145.228408611668328, 43.209353891868773 ], [ 145.230797781192791, 43.208714441518453 ], [ 145.233690557573368, 43.210043892212013 ], [ 145.234649999298199, 43.211167505176377 ], [ 145.23446055800855, 43.213133054447098 ], [ 145.235786938416709, 43.214676387305587 ], [ 145.23967555028662, 43.216514721177589 ], [ 145.241292217462046, 43.218365838013199 ], [ 145.244951114602486, 43.219443892221989 ], [ 145.24513693881886, 43.220599171214928 ], [ 145.246446666480665, 43.221386667061211 ], [ 145.250153332910145, 43.22150000052477 ], [ 145.253512502200351, 43.223235279284893 ], [ 145.256327223722565, 43.223318613163656 ], [ 145.259128611896131, 43.225401945743386 ], [ 145.262261387653098, 43.22521444159338 ], [ 145.262649441518647, 43.225758333580416 ], [ 145.264724720669506, 43.224045278866697 ], [ 145.265667223663627, 43.226482505463423 ], [ 145.266659169585182, 43.226230000114583 ], [ 145.266458884270264, 43.226750837980944 ], [ 145.267687781765858, 43.227289720744182 ], [ 145.272484163013928, 43.224409999821773 ], [ 145.274700557484948, 43.218150559201092 ], [ 145.283926393888123, 43.211396387133732 ], [ 145.287137223604191, 43.210091666897085 ], [ 145.293324162680165, 43.209243054023887 ], [ 145.297979999677409, 43.206240838244241 ], [ 145.304805005946491, 43.206001667143369 ], [ 145.313801672609316, 43.20269222496637 ], [ 145.313689999294184, 43.200333332917126 ], [ 145.316194720909834, 43.195472224763535 ], [ 145.315601387794004, 43.19185000017751 ], [ 145.316953060735386, 43.186889721083901 ], [ 145.318997223343331, 43.184569721115906 ], [ 145.320554720524115, 43.184018054489798 ], [ 145.320445278427087, 43.182116946140297 ], [ 145.321916666421203, 43.180828332761507 ], [ 145.321502502538692, 43.178825838441867 ], [ 145.32495527866331, 43.176684171337627 ], [ 145.324796667032729, 43.174678054548735 ], [ 145.326168611592379, 43.173589721088945 ], [ 145.32597888431826, 43.172918054324896 ], [ 145.324129999600018, 43.171984441129212 ], [ 145.324329169755515, 43.170690278933421 ], [ 145.322358884654932, 43.17113944083269 ], [ 145.322423332770768, 43.1702372247683 ], [ 145.321662775217078, 43.17047417094642 ], [ 145.319914720687962, 43.169187775295768 ], [ 145.320426393563366, 43.16858638695237 ], [ 145.317017781345726, 43.166767505416203 ], [ 145.313722502591645, 43.167988612984288 ], [ 145.310935278740317, 43.167440279245682 ], [ 145.311312217884733, 43.16981138678625 ], [ 145.308644720777465, 43.171004171105778 ], [ 145.306639441257403, 43.170773333123009 ], [ 145.305039441217446, 43.171623053960957 ], [ 145.299491945297177, 43.170292505195107 ], [ 145.298774448182371, 43.171712774824869 ], [ 145.297085005169038, 43.172656387582379 ], [ 145.293285278692792, 43.172511666880098 ], [ 145.284098884755849, 43.170153891788857 ], [ 145.270192775876126, 43.164774999866495 ], [ 145.257216666715976, 43.161601108004902 ], [ 145.245962502967359, 43.157606946303702 ], [ 145.239501114185259, 43.153904171240697 ], [ 145.237839441337314, 43.150871945983681 ], [ 145.234844162927971, 43.150123333225395 ], [ 145.23476666654858, 43.149094441355544 ], [ 145.232356938522116, 43.149042505507396 ], [ 145.231819415533778, 43.148047559447491 ], [ 145.231110466475002, 43.149105198146572 ], [ 145.230478079399973, 43.148455359727222 ], [ 145.229864772341557, 43.148839801915472 ], [ 145.229419636707007, 43.148409774891377 ], [ 145.230965745772778, 43.147456972861164 ], [ 145.232914227709671, 43.147881801803862 ], [ 145.23094885830335, 43.147382197830325 ], [ 145.229489610257474, 43.14816891936033 ], [ 145.229853332965149, 43.14549444081598 ], [ 145.225721114538032, 43.144255000567966 ], [ 145.225314720797883, 43.141928613614766 ], [ 145.221061387972895, 43.140953333030041 ], [ 145.219758053591477, 43.141686107827809 ], [ 145.21842888438573, 43.141354170758518 ], [ 145.218103605896886, 43.139224441255124 ], [ 145.215638611832674, 43.138467775067909 ], [ 145.209911387300849, 43.137618892398109 ], [ 145.20897805379434, 43.138160000084099 ], [ 145.208263605381262, 43.137109721436673 ], [ 145.200719727833302, 43.135898613430413 ], [ 145.191741387555226, 43.137416387556414 ], [ 145.183420271828254, 43.139629441046054 ], [ 145.184118339989595, 43.142616108446816 ], [ 145.17916666650865, 43.143640559464416 ], [ 145.178204448576594, 43.148053892473342 ], [ 145.177177224049842, 43.148560279133733 ], [ 145.172017496910144, 43.149300000294943 ], [ 145.172055278328571, 43.148136945763611 ], [ 145.169456056851686, 43.146636306420589 ], [ 145.17141975351899, 43.148117505118933 ], [ 145.170889727279246, 43.149746108096565 ], [ 145.169612334741601, 43.149474946311898 ], [ 145.169970855770543, 43.148150333071555 ], [ 145.169216938810905, 43.150298054411849 ], [ 145.151306108390372, 43.145483333289349 ], [ 145.146555836283028, 43.14503000033443 ], [ 145.134640557515922, 43.137640000385886 ], [ 145.131531114669428, 43.133458053946185 ], [ 145.128094448999832, 43.134615558761197 ], [ 145.123626394043072, 43.133216946604989 ], [ 145.119279169298352, 43.129360279553453 ], [ 145.116824500350617, 43.125364946035575 ], [ 145.11955072588546, 43.124108198334852 ], [ 145.118304941819815, 43.120179440728748 ], [ 145.119437716177799, 43.12408405423588 ], [ 145.117462943460282, 43.125010026791472 ], [ 145.116629078569304, 43.124044640547879 ], [ 145.118108910298133, 43.123294640135725 ], [ 145.116753553733702, 43.123905224946327 ], [ 145.115826743909338, 43.122785999774237 ], [ 145.117814746553449, 43.121575441253754 ], [ 145.115535836609752, 43.122683892547798 ], [ 145.11501138796541, 43.120993891954697 ], [ 145.114458611575856, 43.121264171504492 ], [ 145.112808339433514, 43.119418613378457 ], [ 145.110451945700902, 43.110230838082884 ], [ 145.11018389017454, 43.09855694634615 ], [ 145.115533605391761, 43.084277775299256 ], [ 145.122973644518311, 43.084106748527802 ], [ 145.116539804668378, 43.084203054227714 ], [ 145.116875939772967, 43.082082693861423 ], [ 145.11876214006088, 43.080635440972969 ], [ 145.121306808662439, 43.081312946135711 ], [ 145.121400804004111, 43.082153694437636 ], [ 145.123869169626687, 43.082057667527522 ], [ 145.123960440921792, 43.083059225403076 ], [ 145.125609493583397, 43.08300610784579 ], [ 145.124112995618475, 43.082947640221562 ], [ 145.124921698377875, 43.082233027232576 ], [ 145.124059727874283, 43.082250467785002 ], [ 145.12400367043324, 43.081589775447924 ], [ 145.126975161774453, 43.082229802263726 ], [ 145.126095031260888, 43.082993413915062 ], [ 145.130365446708197, 43.081507721304433 ], [ 145.131652360368321, 43.082337135450587 ], [ 145.129786912835925, 43.082304999975918 ], [ 145.133984163038917, 43.082810559260054 ], [ 145.134291244645397, 43.084960775319701 ], [ 145.134762632389766, 43.082025306322976 ], [ 145.137889442044298, 43.080607224743801 ], [ 145.141701114215266, 43.081570838423602 ], [ 145.14423472025635, 43.081013613087919 ], [ 145.152038339997603, 43.083872775508326 ], [ 145.159930271365056, 43.084687775320731 ], [ 145.163957781726481, 43.083513613262824 ], [ 145.162989999688875, 43.082619440734788 ], [ 145.16520888438265, 43.078323053766098 ], [ 145.169216393821671, 43.077644721227045 ], [ 145.169591387732567, 43.077160838302234 ], [ 145.17248416231439, 43.076536946223257 ], [ 145.172648339849161, 43.076034171240167 ], [ 145.168878053579533, 43.075853332865165 ], [ 145.167457497066039, 43.076874171306144 ], [ 145.165136393629837, 43.07666833357689 ], [ 145.164599727695418, 43.077340279130738 ], [ 145.162017781295731, 43.077285279292369 ], [ 145.16205805383629, 43.077861108003901 ], [ 145.160729727295234, 43.078131667242815 ], [ 145.156710829741201, 43.077721387532165 ], [ 145.150147496509931, 43.07474277535897 ], [ 145.148678053749336, 43.07180138702455 ], [ 145.149285005298907, 43.070495558823154 ], [ 145.150671672659769, 43.070136107895223 ], [ 145.143693060386568, 43.069551387586614 ], [ 145.138055550423474, 43.068094440905895 ], [ 145.132644720877352, 43.068949721352737 ], [ 145.124960271199711, 43.06737777476468 ], [ 145.129149999473043, 43.070529721369724 ], [ 145.129512671772545, 43.071734387532103 ], [ 145.127674448517155, 43.075480000002187 ], [ 145.122290829758185, 43.078088891889024 ], [ 145.119607418247938, 43.078501414508821 ], [ 145.11682780805711, 43.074122333079401 ], [ 145.113917056027503, 43.073333387525963 ], [ 145.116779441618064, 43.074177224999119 ], [ 145.117559170019831, 43.075404586452692 ], [ 145.11581914373869, 43.075913108103634 ], [ 145.116253994726208, 43.076840532165022 ], [ 145.117356251490037, 43.076159891965631 ], [ 145.117710829891053, 43.076909721506581 ], [ 145.116361581521915, 43.077083440848298 ], [ 145.117150505491622, 43.078767891724965 ], [ 145.117958974427324, 43.078177108187163 ], [ 145.118320751901365, 43.078917279009374 ], [ 145.115909662301306, 43.079570414343323 ], [ 145.11556871582377, 43.078810532180455 ], [ 145.116670245935325, 43.078888081619823 ], [ 145.116260777413117, 43.07796819837381 ], [ 145.114099195721451, 43.078496198440973 ], [ 145.113529999510092, 43.074668531827456 ], [ 145.113090557483474, 43.075175694602763 ], [ 145.114111945410173, 43.078880279101782 ], [ 145.113456108512764, 43.079059171343829 ], [ 145.105658611356034, 43.079127224841727 ], [ 145.106124331572801, 43.078547225074544 ], [ 145.104926109052826, 43.079281667215355 ], [ 145.098561387498194, 43.077060000019173 ], [ 145.092696666518123, 43.072875279170944 ], [ 145.090514448982844, 43.069806667343983 ], [ 145.089048611604312, 43.069012225134259 ], [ 145.087065278240175, 43.065648613193105 ], [ 145.0871036055471, 43.062515000167309 ], [ 145.088068028616817, 43.062444666888041 ], [ 145.088405161968808, 43.061517359738502 ], [ 145.087793332496517, 43.061193054316163 ], [ 145.088639415576722, 43.060934027083874 ], [ 145.088399169786044, 43.059938332788022 ], [ 145.089169169321849, 43.05956053209303 ], [ 145.089370414213477, 43.059003919195675 ], [ 145.088575278626422, 43.058588053795802 ], [ 145.0893074967438, 43.057880837730636 ], [ 145.088665550774749, 43.056669171245403 ], [ 145.084975550581362, 43.054959171528708 ], [ 145.084543384969379, 43.054065505318988 ], [ 145.086162826553391, 43.05381813509905 ], [ 145.089719636252426, 43.050835892362727 ], [ 145.086121698757552, 43.053759892305379 ], [ 145.084534162421846, 43.053995279059052 ], [ 145.085843695830022, 43.052262612829509 ], [ 145.088147664483358, 43.051399505582879 ], [ 145.087079727647506, 43.051038891831581 ], [ 145.088035550500422, 43.04784610791171 ], [ 145.085863891005943, 43.044926108153561 ], [ 145.082255278558478, 43.044621387267398 ], [ 145.080458611176141, 43.042858613534349 ], [ 145.072037781318727, 43.042846666940306 ], [ 145.060144720302787, 43.039897225176958 ], [ 145.054346693045659, 43.035340613078972 ], [ 145.05529427990723, 43.03449444096583 ], [ 145.054875745319578, 43.033913000484745 ], [ 145.054747587431393, 43.034887135333179 ], [ 145.054351555679887, 43.034061081054233 ], [ 145.053538274471975, 43.034780892124616 ], [ 145.052450077709068, 43.03390919815115 ], [ 145.053220077244987, 43.033192801806535 ], [ 145.054884162973963, 43.033365747731239 ], [ 145.053184033316711, 43.033122387588264 ], [ 145.052397133720888, 43.033855441175831 ], [ 145.051429441615596, 43.033488613109171 ], [ 145.050260972266187, 43.032589586040729 ], [ 145.05007082950533, 43.030743053948925 ], [ 145.045794162870493, 43.031046108391365 ], [ 145.042794449004759, 43.030257224891159 ], [ 145.039149441893414, 43.030877775089436 ], [ 145.035041114855744, 43.02934555875072 ], [ 145.033550829407432, 43.029947505573091 ], [ 145.030984720968263, 43.029245838324925 ], [ 145.029664837262658, 43.02754738680261 ], [ 145.030574033864696, 43.027347891991781 ], [ 145.029401388063775, 43.026927775496631 ], [ 145.03158031048315, 43.026882775220088 ], [ 145.029390271544003, 43.026854946598689 ], [ 145.029215278762308, 43.026274441412511 ], [ 145.02977639366577, 43.022898333391538 ], [ 145.026235330196528, 43.023069171305394 ], [ 145.023921050816057, 43.020831640068309 ], [ 145.024942165348875, 43.020437504987058 ], [ 145.023707366501981, 43.020213170901286 ], [ 145.025062087245715, 43.019869504873895 ], [ 145.023542775278997, 43.019945279051569 ], [ 145.025544162533265, 43.013295279054034 ], [ 145.028325550683803, 43.01325722514099 ], [ 145.030184448453724, 43.01208694635568 ], [ 145.029618339614899, 43.0112716668541 ], [ 145.030461945962202, 43.010840838534023 ], [ 145.027974162177998, 43.009358054330903 ], [ 145.027751672601767, 43.006967775042938 ], [ 145.02550555104051, 43.005794441260605 ], [ 145.025645836286458, 43.00263083854253 ], [ 145.02434999955301, 43.000761946606701 ], [ 145.024848611574384, 42.999953332880182 ], [ 145.023282217400606, 42.998969999765848 ], [ 145.023407496558889, 42.99968610832741 ], [ 145.022130271295168, 42.999725279198458 ], [ 145.01754082944592, 42.997877505142924 ], [ 145.017440557735767, 42.99719666709268 ], [ 145.015161114494049, 42.997022225595401 ], [ 145.014261387752981, 42.995596667052723 ], [ 145.012812217510032, 42.995448054084591 ], [ 145.011004162911945, 42.993975559024989 ], [ 145.00859306072141, 42.993125278808748 ], [ 145.008590271923708, 42.994125279058551 ], [ 145.007704720296829, 42.993806387554912 ], [ 145.007446938625549, 42.992590559007283 ], [ 145.004625550428955, 42.994079721202354 ], [ 145.003581672256587, 42.992251667480616 ], [ 145.002049441528698, 42.992018332979853 ], [ 145.001491945497037, 42.991016107807297 ], [ 145.000566108739122, 42.990873054448059 ], [ 144.995527223502791, 42.993704171510501 ], [ 144.996924448904338, 42.99847555880018 ], [ 144.99620277533802, 43.000683333269365 ], [ 144.996873332338623, 43.004496667387457 ], [ 144.995911114406567, 43.00579361298503 ], [ 144.995792775316545, 43.009408053938728 ], [ 144.998644720677476, 43.012917775135406 ], [ 144.992206666604602, 43.016032225407059 ], [ 144.992323605450224, 43.017498613170631 ], [ 144.994849441348833, 43.019493054061343 ], [ 144.994578611413999, 43.022263613475161 ], [ 144.993583605998765, 43.023810279221152 ], [ 144.990344448537599, 43.024968892000913 ], [ 144.987982502390764, 43.027109171451286 ], [ 144.989877781334712, 43.030936945983456 ], [ 144.98906527893962, 43.034030000484279 ], [ 144.976995550604329, 43.041047225149498 ], [ 144.974211672231036, 43.046043892611749 ], [ 144.976221672292468, 43.048692504855353 ], [ 144.976005836800141, 43.049975838314481 ], [ 144.973859727944273, 43.051363612740715 ], [ 144.973435551010084, 43.054035279104994 ], [ 144.970250271932628, 43.056776945999445 ], [ 144.96768555024812, 43.057526387033306 ], [ 144.965659441530192, 43.059966387139241 ], [ 144.969033890301944, 43.06582777523181 ], [ 144.973161114793811, 43.064671945853775 ], [ 144.974723332515964, 43.067989170763781 ], [ 144.975892217352111, 43.074170838013913 ], [ 144.980396938567992, 43.076134171355079 ], [ 144.98565693831722, 43.076506945739141 ], [ 144.991439999956242, 43.0780666669433 ], [ 144.991408611818201, 43.081579441338306 ], [ 144.99247888419336, 43.084363054411597 ], [ 144.990042217874247, 43.087804441521939 ], [ 144.989669558603396, 43.090440559484421 ], [ 144.98710658879827, 43.091742279582718 ], [ 144.98513169826947, 43.094657639738443 ], [ 144.986408948714143, 43.100903054532523 ], [ 144.9845123864377, 43.103840135114297 ], [ 144.992079727297778, 43.112299387606811 ], [ 144.994142087687351, 43.113634693786253 ], [ 144.998404577409474, 43.120147333133104 ], [ 145.005781750327742, 43.121147279423553 ], [ 145.007954331627275, 43.124122305999776 ], [ 145.00096717219742, 43.128135586388396 ], [ 144.992615693559628, 43.130780945784181 ], [ 144.988985913769056, 43.134846586500942 ], [ 144.985522022923192, 43.136488531820476 ], [ 144.975385693994781, 43.138724505431753 ], [ 144.967954086012469, 43.143545054161109 ], [ 144.954880855467309, 43.147658135015092 ], [ 144.950413501981757, 43.147564865426375 ], [ 144.947186393637367, 43.149316108052119 ], [ 144.947855524313127, 43.15096717159787 ], [ 144.946873527591379, 43.156280413910167 ], [ 144.924426303631208, 43.169671170788092 ], [ 144.946062502782411, 43.189368333581911 ], [ 144.935440829530876, 43.195731946272474 ], [ 144.952526666872359, 43.211139440932641 ], [ 144.925882502975355, 43.226970000065592 ], [ 144.930160557264117, 43.230810559360009 ], [ 144.912435278565454, 43.241329721589523 ], [ 144.915957496741271, 43.244682225104782 ], [ 144.917789169334924, 43.244543332908677 ], [ 144.923551672471831, 43.247206945844027 ], [ 144.928142217789286, 43.248186107902711 ], [ 144.931657781881313, 43.247923333195445 ], [ 144.937409727876798, 43.249319170943124 ], [ 144.939628053192223, 43.24855889217929 ], [ 144.941591387432709, 43.249131946482294 ], [ 144.946999999250693, 43.248481108016904 ], [ 144.955035836534762, 43.24426861340595 ], [ 144.96259527864936, 43.237623892428871 ], [ 144.964929728024686, 43.238109440898143 ], [ 144.972053061000111, 43.235469441461703 ], [ 144.977808884872275, 43.235253613163877 ], [ 144.981086108837076, 43.234165278804767 ], [ 144.981313890923502, 43.233326667292033 ], [ 144.985437496543454, 43.234073892396395 ], [ 144.987326666392732, 43.23214722531435 ], [ 144.993072217309191, 43.229660838177324 ], [ 144.99598250259055, 43.22452277480636 ], [ 145.004955278763305, 43.219747774940004 ], [ 145.007645005312952, 43.219086667116187 ], [ 145.009712776024003, 43.217178053924215 ], [ 145.015832217383149, 43.215326667292004 ], [ 145.018021946056137, 43.215298333251667 ], [ 145.019248339839237, 43.21649083788202 ], [ 145.023663060502031, 43.214954721183631 ], [ 145.027495005190531, 43.217635558834161 ], [ 145.02776250223792, 43.218675837919761 ], [ 145.029787781780897, 43.218606946253715 ], [ 145.029647224040332, 43.217953054589941 ], [ 145.0311833326449, 43.217640559064705 ], [ 145.032680557262097, 43.218398333216669 ], [ 145.032493060306706, 43.2191902789084 ], [ 145.035876666874856, 43.219998891735656 ], [ 145.034521672737242, 43.221175838094609 ], [ 145.035573332743297, 43.22153222503232 ], [ 145.034780271892259, 43.224633613550566 ], [ 145.036367497062542, 43.225551386987092 ], [ 145.036715005893029, 43.22697083823374 ], [ 145.038929727625032, 43.226123054535492 ], [ 145.041534720950835, 43.227596946242215 ], [ 145.042023060915653, 43.228412224844476 ], [ 145.040530829334443, 43.229497774902541 ], [ 145.043007223204995, 43.230263333586151 ], [ 145.043843890383414, 43.23229972155508 ], [ 145.046321672807153, 43.233059721529116 ], [ 145.046533890326941, 43.234320278758048 ], [ 145.048356393432982, 43.23434889248756 ], [ 145.048444162768078, 43.23726250526056 ], [ 145.049921672447454, 43.236559721054448 ], [ 145.050243605458149, 43.234234441166677 ], [ 145.051259441869888, 43.234074440982852 ], [ 145.054305550860704, 43.23572555938722 ], [ 145.055101945498564, 43.237367225017579 ], [ 145.058416666695962, 43.237663892474814 ], [ 145.061885836562283, 43.239770279175218 ], [ 145.063350829477372, 43.241982225599372 ], [ 145.066377223530253, 43.242636946438097 ], [ 145.066476938560072, 43.243633054422105 ], [ 145.065167223488743, 43.244118612783893 ], [ 145.069104162227518, 43.243962504865863 ], [ 145.072035006010879, 43.24271610836189 ], [ 145.072815550997007, 43.24169917117996 ], [ 145.072135005226528, 43.2409602791937 ], [ 145.074726108523237, 43.241112504738453 ], [ 145.074391945631987, 43.23975805379132 ], [ 145.077042502209906, 43.240208333547912 ], [ 145.081543890538342, 43.239513332974127 ], [ 145.081754720404206, 43.237698054122063 ], [ 145.088041945579448, 43.238086107987669 ], [ 145.089783605928801, 43.240115278897179 ], [ 145.091611945635009, 43.236316386991859 ], [ 145.094295278904156, 43.237729441360784 ], [ 145.097550271627938, 43.237548892567531 ], [ 145.098850829802132, 43.238341946224011 ], [ 145.100384448183945, 43.237259999749369 ], [ 145.101676393550861, 43.237954440944861 ], [ 145.10084306105864, 43.235559720804645 ], [ 145.108423060775863, 43.236196108064121 ], [ 145.11006472101019, 43.235572775363437 ], [ 145.110436108639647, 43.234475559299767 ], [ 145.113533060802297, 43.236906387220188 ], [ 145.119437496743217, 43.235783053944942 ], [ 145.122992217317119, 43.238607775028981 ], [ 145.123906393465518, 43.237087775080909 ], [ 145.122716393447035, 43.234579440888638 ], [ 145.12454000002117, 43.23332417077404 ], [ 145.128146666335738, 43.235295559342774 ], [ 145.130311946039683, 43.234460000129047 ], [ 145.133250271283146, 43.237266386734518 ], [ 145.136776938405205, 43.236019721333264 ], [ 145.137337496628334, 43.237077225133987 ], [ 145.135840557995493, 43.240158333040824 ], [ 145.138973332853197, 43.240919171182952 ], [ 145.137285278393051, 43.242914999727645 ], [ 145.141873060993134, 43.243836946018405 ], [ 145.141126666862419, 43.246139441582102 ], [ 145.141612775609246, 43.246562225466505 ], [ 145.144918053925267, 43.245636667498388 ], [ 145.146621387866958, 43.243981667620005 ], [ 145.149418884673992, 43.243471108105325 ], [ 145.1501116729155, 43.245782505158672 ], [ 145.15116389050138, 43.246156945986456 ], [ 145.152381387291371, 43.245435838093613 ], [ 145.152731387243875, 43.244064441221155 ], [ 145.154080271387556, 43.246878613257536 ], [ 145.155262503062204, 43.247625838361898 ], [ 145.154153060715316, 43.248050278797507 ], [ 145.155008611858079, 43.248511945769849 ], [ 145.154945836481374, 43.250176386731027 ], [ 145.157026393753199, 43.250326108563229 ], [ 145.15442250299634, 43.252176666919809 ], [ 145.154365836714192, 43.252976666939787 ], [ 145.156701672844065, 43.252045279566175 ], [ 145.16024221740463, 43.253328333336071 ], [ 145.160798053287749, 43.253837505196884 ], [ 145.160333060622406, 43.254822775450918 ], [ 145.162513890503874, 43.25575389212861 ], [ 145.162590557708199, 43.256669170845726 ], [ 145.161558053261729, 43.256929440941121 ], [ 145.162257223991901, 43.257980278966841 ], [ 145.164228340066074, 43.258318892602972 ], [ 145.164999441271334, 43.25715777521134 ], [ 145.167954720534112, 43.258493333200931 ], [ 145.170162775591848, 43.256965000134812 ], [ 145.17318444820387, 43.258742225073775 ], [ 145.175624448309804, 43.257971387369821 ], [ 145.177712775724217, 43.260929720730189 ] ] ], [ [ [ 145.125016938381236, 43.06267527914099 ], [ 145.125039169622141, 43.062359171039077 ], [ 145.124785278418017, 43.062611386806225 ], [ 145.125016938381236, 43.06267527914099 ] ] ], [ [ [ 145.124753890279976, 43.063237775403195 ], [ 145.124793060251704, 43.063461667022466 ], [ 145.124910271591943, 43.06325722504107 ], [ 145.124753890279976, 43.063237775403195 ] ] ], [ [ [ 145.137930829744164, 43.065073892446321 ], [ 145.137852775785177, 43.065506108420323 ], [ 145.138157496671283, 43.065123333575173 ], [ 145.137930829744164, 43.065073892446321 ] ] ], [ [ [ 145.128315836906495, 43.067859721449167 ], [ 145.128409727926737, 43.067970279604879 ], [ 145.128470829665275, 43.067905279305364 ], [ 145.128315836906495, 43.067859721449167 ] ] ], [ [ [ 145.136431114904212, 43.067891107788569 ], [ 145.136483060644878, 43.0679861085722 ], [ 145.13651666651117, 43.067931387523686 ], [ 145.136431114904212, 43.067891107788569 ] ] ], [ [ [ 145.139963332641855, 43.068274171316148 ], [ 145.140002502613584, 43.068349721562583 ], [ 145.140049169333906, 43.068278054588689 ], [ 145.139963332641855, 43.068274171316148 ] ] ], [ [ [ 145.142560829219065, 43.068797775497103 ], [ 145.142629727180292, 43.068733892155592 ], [ 145.142525550613868, 43.068737775428133 ], [ 145.142560829219065, 43.068797775497103 ] ] ], [ [ [ 145.151598884481132, 43.070292505395003 ], [ 145.151049441878399, 43.070171387399796 ], [ 145.150920271353584, 43.070276946224283 ], [ 145.151598884481132, 43.070292505395003 ] ] ], [ [ [ 145.152464720270814, 43.07040972123184 ], [ 145.152509169262885, 43.070529440781229 ], [ 145.152597496177691, 43.070487775190827 ], [ 145.152464720270814, 43.07040972123184 ] ] ], [ [ [ 145.129051828579236, 43.071601613423866 ], [ 145.129173721790039, 43.071164468265749 ], [ 145.129089221490517, 43.071159252197901 ], [ 145.129051828579236, 43.071601613423866 ] ] ], [ [ [ 145.173122775395996, 43.075235279184938 ], [ 145.173238611672787, 43.075275558920055 ], [ 145.173189169644616, 43.07517389236142 ], [ 145.173122775395996, 43.075235279184938 ] ] ], [ [ [ 145.173259441770028, 43.075481107966937 ], [ 145.173377781759427, 43.075547504913573 ], [ 145.173353060295653, 43.07544861276341 ], [ 145.173259441770028, 43.075481107966937 ] ] ], [ [ [ 145.168964162766088, 43.075553613108923 ], [ 145.169210271237262, 43.075700838423131 ], [ 145.169259999249789, 43.075629171449293 ], [ 145.168964162766088, 43.075553613108923 ] ] ], [ [ [ 145.173754162424871, 43.076342775398928 ], [ 145.173695550909088, 43.075933054167308 ], [ 145.173405006036432, 43.076274999791565 ], [ 145.173754162424871, 43.076342775398928 ] ] ], [ [ [ 145.17517972726273, 43.076455278788274 ], [ 145.175726393658351, 43.075936946433103 ], [ 145.174283060914718, 43.076253333324814 ], [ 145.17517972726273, 43.076455278788274 ] ] ], [ [ [ 145.174148611369446, 43.076401386914654 ], [ 145.174290557663312, 43.076560558822905 ], [ 145.174376666849867, 43.07649666738746 ], [ 145.174148611369446, 43.076401386914654 ] ] ], [ [ [ 145.164532502473207, 43.076525279318332 ], [ 145.164778611843644, 43.076628053841773 ], [ 145.164807223774574, 43.076552505393977 ], [ 145.164532502473207, 43.076525279318332 ] ] ], [ [ [ 145.173844162977957, 43.076596667502372 ], [ 145.173895005250415, 43.07668917086869 ], [ 145.173940557710694, 43.076628053841773 ], [ 145.173844162977957, 43.076596667502372 ] ] ], [ [ [ 145.173428611441409, 43.076660558937817 ], [ 145.173506666299772, 43.076686667156139 ], [ 145.17353277541747, 43.076659171283893 ], [ 145.173428611441409, 43.076660558937817 ] ] ], [ [ [ 145.174882775619722, 43.076716387051761 ], [ 145.174998611896626, 43.076750278902409 ], [ 145.175003890916969, 43.076708613312007 ], [ 145.174882775619722, 43.076716387051761 ] ] ], [ [ [ 145.17244167294507, 43.076812775489373 ], [ 145.171862217267744, 43.076697225196938 ], [ 145.171811387585649, 43.07679361273523 ], [ 145.17244167294507, 43.076812775489373 ] ] ], [ [ [ 145.16476944145677, 43.076915559006011 ], [ 145.164841114725846, 43.076999999950203 ], [ 145.16486583618962, 43.076905000065892 ], [ 145.16476944145677, 43.076915559006011 ] ] ], [ [ [ 145.162959441625162, 43.077193053816529 ], [ 145.163119441808931, 43.077273613286764 ], [ 145.163073890248029, 43.077139721321259 ], [ 145.162959441625162, 43.077193053816529 ] ] ], [ [ [ 145.163469727745905, 43.082800558798908 ], [ 145.16328472101327, 43.082581667410182 ], [ 145.163149441393784, 43.082688333300098 ], [ 145.163469727745905, 43.082800558798908 ] ] ], [ [ [ 145.163970829990035, 43.083689441514707 ], [ 145.16406444851566, 43.083617775440132 ], [ 145.163961672193636, 43.08365277525553 ], [ 145.163970829990035, 43.083689441514707 ] ] ], [ [ [ 145.122632269963447, 43.083145892169341 ], [ 145.123836510746514, 43.084059514335308 ], [ 145.13333817102, 43.084388640123791 ], [ 145.123806497671922, 43.083990982398063 ], [ 145.122632269963447, 43.083145892169341 ] ] ], [ [ [ 145.164171387799456, 43.083840279405536 ], [ 145.164166108779114, 43.083953612869095 ], [ 145.164241672515345, 43.083888613468901 ], [ 145.164171387799456, 43.083840279405536 ] ] ], [ [ [ 145.163279441992813, 43.083936945733626 ], [ 145.163338053508596, 43.084018891958465 ], [ 145.163426393913142, 43.083966667427944 ], [ 145.163279441992813, 43.083936945733626 ] ] ], [ [ [ 145.146147223915477, 43.084415278942117 ], [ 145.146219999753384, 43.084593892394366 ], [ 145.146249999338124, 43.084406387345041 ], [ 145.146147223915477, 43.084415278942117 ] ] ], [ [ [ 145.187176666270261, 43.087057225410774 ], [ 145.18748416246433, 43.087273333397775 ], [ 145.187445005982454, 43.087070279070304 ], [ 145.187176666270261, 43.087057225410774 ] ] ], [ [ [ 145.187701387409334, 43.08737389199166 ], [ 145.187732775547374, 43.08727361308695 ], [ 145.187654448194394, 43.087315279576671 ], [ 145.187701387409334, 43.08737389199166 ] ] ], [ [ [ 145.15963250223831, 43.145969171340369 ], [ 145.159598611287038, 43.145919441529145 ], [ 145.159608884242743, 43.145969171340369 ], [ 145.15963250223831, 43.145969171340369 ] ] ], [ [ [ 145.159409727577099, 43.14605889220428 ], [ 145.159502217453564, 43.146011945794839 ], [ 145.159399169536186, 43.145990000538234 ], [ 145.159409727577099, 43.14605889220428 ] ] ], [ [ [ 145.167809000684997, 43.146520053757627 ], [ 145.168841166986454, 43.145792000400661 ], [ 145.167763138857936, 43.146460387337186 ], [ 145.167809000684997, 43.146520053757627 ] ] ], [ [ [ 145.159913606028226, 43.1465172253898 ], [ 145.159942217959156, 43.146446946069887 ], [ 145.15988500578851, 43.146450838335682 ], [ 145.159913606028226, 43.1465172253898 ] ] ], [ [ [ 145.159322775725741, 43.146528892294725 ], [ 145.159391672787592, 43.146478054518752 ], [ 145.159308339808263, 43.146478054518752 ], [ 145.159322775725741, 43.146528892294725 ] ] ], [ [ [ 145.189157496821167, 43.087256667161626 ], [ 145.189175550711298, 43.08716027872407 ], [ 145.189118339440029, 43.087195559127906 ], [ 145.189157496821167, 43.087256667161626 ] ] ], [ [ [ 145.198930271215204, 43.087681108496554 ], [ 145.199012217440099, 43.08760305453751 ], [ 145.198927781891825, 43.087659171333883 ], [ 145.198930271215204, 43.087681108496554 ] ] ], [ [ [ 145.189713060209783, 43.087855837776885 ], [ 145.189722218006182, 43.087781387401265 ], [ 145.189680557811698, 43.08782444154491 ], [ 145.189713060209783, 43.087855837776885 ] ] ], [ [ [ 145.199940829505863, 43.088166666858342 ], [ 145.199889999823768, 43.088118613383472 ], [ 145.199866393519414, 43.088170559124194 ], [ 145.199940829505863, 43.088166666858342 ] ] ], [ [ [ 145.191145550726787, 43.08823472125556 ], [ 145.191113060919179, 43.088156387607341 ], [ 145.191083060435062, 43.088195559377709 ], [ 145.191145550726787, 43.08823472125556 ] ] ], [ [ [ 145.190083060185202, 43.088259171124037 ], [ 145.190033605566668, 43.088220279042787 ], [ 145.190046666420699, 43.08826583779836 ], [ 145.190083060185202, 43.088259171124037 ] ] ], [ [ [ 145.190411387375775, 43.088304720886299 ], [ 145.190356666327261, 43.088207225383314 ], [ 145.190326666742408, 43.08826583779836 ], [ 145.190411387375775, 43.088304720886299 ] ] ], [ [ [ 145.200191945402139, 43.088401108424591 ], [ 145.200100829689745, 43.088407775098915 ], [ 145.200172502958821, 43.08842722473679 ], [ 145.200191945402139, 43.088401108424591 ] ] ], [ [ [ 145.200319727373653, 43.088496108308902 ], [ 145.200279169748114, 43.088435000275183 ], [ 145.200257223592189, 43.088470278880436 ], [ 145.200319727373653, 43.088496108308902 ] ] ], [ [ [ 145.202343332379087, 43.088624170868968 ], [ 145.202443605887879, 43.088510838304728 ], [ 145.202261114558951, 43.088573333092995 ], [ 145.202343332379087, 43.088624170868968 ] ] ], [ [ [ 145.201686938801345, 43.088626386798467 ], [ 145.201987781810885, 43.088696667017757 ], [ 145.201996666213404, 43.088625278833717 ], [ 145.201686938801345, 43.088626386798467 ] ] ], [ [ [ 145.201333605961281, 43.089199441101471 ], [ 145.20109167304247, 43.088791946591243 ], [ 145.200426393263569, 43.088698053772305 ], [ 145.201333605961281, 43.089199441101471 ] ] ], [ [ [ 145.236501114335169, 43.149395278969109 ], [ 145.236644162298376, 43.149542505182637 ], [ 145.236577781539609, 43.149381108351633 ], [ 145.236501114335169, 43.149395278969109 ] ] ], [ [ [ 145.237467223633644, 43.149525559257313 ], [ 145.237230272059605, 43.149608892236756 ], [ 145.237538611817627, 43.149602505251607 ], [ 145.237467223633644, 43.149525559257313 ] ] ], [ [ [ 145.237319999218812, 43.14979499973964 ], [ 145.237409727277281, 43.149752225285113 ], [ 145.237321387771999, 43.149748333019318 ], [ 145.237319999218812, 43.14979499973964 ] ] ], [ [ [ 145.237810829406385, 43.149849720788154 ], [ 145.23798778181083, 43.149819721203357 ], [ 145.237808053199274, 43.149753333249919 ], [ 145.237810829406385, 43.149849720788154 ] ] ], [ [ [ 145.238827496791714, 43.149868054367403 ], [ 145.238848611974049, 43.149780838115362 ], [ 145.23879111471831, 43.149817225584684 ], [ 145.238827496791714, 43.149868054367403 ] ] ], [ [ [ 145.238318884309251, 43.149905558794671 ], [ 145.238402217288694, 43.149850837746158 ], [ 145.238282218050131, 43.149844440868435 ], [ 145.238318884309251, 43.149905558794671 ] ] ], [ [ [ 145.239547496719752, 43.149841946149081 ], [ 145.239632217353119, 43.150033333571628 ], [ 145.239684162194521, 43.149931667012993 ], [ 145.239547496719752, 43.149841946149081 ] ] ], [ [ [ 145.239099441885969, 43.149860278828953 ], [ 145.239124162450366, 43.150035838183555 ], [ 145.239256938357244, 43.149935559278788 ], [ 145.239099441885969, 43.149860278828953 ] ] ], [ [ [ 145.239558053861288, 43.150261387253408 ], [ 145.239710271312106, 43.150417505063956 ], [ 145.239697496442432, 43.150228613260083 ], [ 145.239558053861288, 43.150261387253408 ] ] ], [ [ [ 145.240681388035796, 43.150582775275041 ], [ 145.240277781294708, 43.150576387390515 ], [ 145.240319441489191, 43.150745558860592 ], [ 145.240681388035796, 43.150582775275041 ] ] ], [ [ [ 145.239089169829526, 43.152572224928406 ], [ 145.239236393345095, 43.152535559568605 ], [ 145.239086667016295, 43.15252917078476 ], [ 145.239089169829526, 43.152572224928406 ] ] ], [ [ [ 145.239444720397728, 43.152661945792318 ], [ 145.23952167268726, 43.152610000051652 ], [ 145.23943027188966, 43.152610000051652 ], [ 145.239444720397728, 43.152661945792318 ] ] ], [ [ [ 145.239888611370475, 43.152686667256035 ], [ 145.240085278712854, 43.152694440995845 ], [ 145.23998749632608, 43.152581387221403 ], [ 145.239888611370475, 43.152686667256035 ] ] ], [ [ [ 145.314516108431803, 43.166488333370069 ], [ 145.314188053735847, 43.166680279271645 ], [ 145.31463527849553, 43.166709441587614 ], [ 145.314516108431803, 43.166488333370069 ] ] ], [ [ [ 145.313880557541893, 43.166716946430085 ], [ 145.314066108364386, 43.167145838509782 ], [ 145.314291114243701, 43.166933054417086 ], [ 145.313880557541893, 43.166716946430085 ] ] ], [ [ [ 145.314921672997002, 43.167170000595206 ], [ 145.314909727302279, 43.166696108238966 ], [ 145.314399169586181, 43.167140838279238 ], [ 145.314921672997002, 43.167170000595206 ] ] ], [ [ [ 145.309120271483494, 43.167176946059385 ], [ 145.308945836281509, 43.166921667201336 ], [ 145.3088808296867, 43.167161386888665 ], [ 145.309120271483494, 43.167176946059385 ] ] ], [ [ [ 145.310166938453676, 43.167446945920005 ], [ 145.310316393187122, 43.167653612824154 ], [ 145.310383060829736, 43.167495000294196 ], [ 145.310166938453676, 43.167446945920005 ] ] ], [ [ [ 145.321419442053752, 43.16970333324241 ], [ 145.321541945904301, 43.169763333311323 ], [ 145.321541945904301, 43.16971889241313 ], [ 145.321419442053752, 43.16970333324241 ] ] ], [ [ [ 145.30424527869684, 43.17001166760457 ], [ 145.304139727966231, 43.170228892549517 ], [ 145.304336393509971, 43.170139170786285 ], [ 145.30424527869684, 43.17001166760457 ] ] ], [ [ [ 145.299271672549821, 43.170243332963594 ], [ 145.299400557989543, 43.170258892134314 ], [ 145.299400557989543, 43.170200278820005 ], [ 145.299271672549821, 43.170243332963594 ] ] ], [ [ [ 145.2987299991903, 43.170693613619562 ], [ 145.298986666601536, 43.170387774876076 ], [ 145.298579169393292, 43.17057138676023 ], [ 145.2987299991903, 43.170693613619562 ] ] ], [ [ [ 145.298502502188853, 43.171309721166892 ], [ 145.298616938221357, 43.171239440947602 ], [ 145.298490829888124, 43.171270559289042 ], [ 145.298502502188853, 43.171309721166892 ] ] ] ] } },
{ "type": "Feature", "properties": { "fid": 32, "OBJECTID": 8302.0, "N03_001": "北海道", "N03_002": "十勝総合振興局", "N03_003": "河西郡", "N03_004": "更別村", "N03_007": "01639", "Shape_Leng": 0.804039116794663, "Shape_Area": 0.019414577898221999, "join_key": "河西郡更別村" }, "geometry": { "type": "MultiPolygon", "coordinates": [ [ [ [ 143.248430751178375, 42.725561107858994 ], [ 143.28468778191575, 42.71864138679075 ], [ 143.27926138780299, 42.707376946489035 ], [ 143.277912502759932, 42.699634720765914 ], [ 143.278385550652843, 42.698497505555622 ], [ 143.277270557690258, 42.688316386791996 ], [ 143.261841946049117, 42.643257774826623 ], [ 143.261675836770678, 42.63988166680565 ], [ 143.269411945305251, 42.634081946125093 ], [ 143.302335550745283, 42.630903332822697 ], [ 143.304193890935494, 42.625844720957275 ], [ 143.301958611600867, 42.622225559462152 ], [ 143.301229441285841, 42.619323333005582 ], [ 143.301485278622863, 42.616633612751173 ], [ 143.30045472030929, 42.615310558935334 ], [ 143.300296393763688, 42.611305838293958 ], [ 143.299251672926516, 42.610395558908067 ], [ 143.299071387634626, 42.605098333521426 ], [ 143.294303605727009, 42.605295278754284 ], [ 143.293813605613536, 42.603567775532554 ], [ 143.29766416267114, 42.599760559502386 ], [ 143.2964977815476, 42.598753054410111 ], [ 143.296678339334107, 42.597665279429293 ], [ 143.295136393230109, 42.595172225617887 ], [ 143.295279727177899, 42.592620559391491 ], [ 143.293896938592979, 42.59209889235018 ], [ 143.290893890940538, 42.593309721566584 ], [ 143.288285836322416, 42.593398613255545 ], [ 143.282776666809923, 42.59041917100808 ], [ 143.275711024444377, 42.59051317084635 ], [ 143.277266497251276, 42.589577532377405 ], [ 143.276333554050439, 42.588234892226637 ], [ 143.273643255531965, 42.58862766753299 ], [ 143.270965887465877, 42.584995468566206 ], [ 143.269581387471248, 42.585572612985857 ], [ 143.265313773412117, 42.584343973595651 ], [ 143.256212528185756, 42.579609838023771 ], [ 143.252772776043003, 42.580953468328062 ], [ 143.247356666577048, 42.577281639835974 ], [ 143.229473475920372, 42.570092387453883 ], [ 143.223592723625529, 42.572582360187937 ], [ 143.222357496701306, 42.570724440880383 ], [ 143.206333890896531, 42.573703332742753 ], [ 143.195274448357281, 42.574516667010755 ], [ 143.163124448734493, 42.574109171601151 ], [ 143.154030271280135, 42.57498055890585 ], [ 143.143243332314114, 42.577353054100342 ], [ 143.125682502745462, 42.576648053964675 ], [ 143.120226666627559, 42.574649720808111 ], [ 143.116922502571583, 42.574378054503768 ], [ 143.115837496603376, 42.575402775317968 ], [ 143.115115836526797, 42.574908891932012 ], [ 143.110877496299622, 42.576797225411781 ], [ 143.109038339547965, 42.576856108522747 ], [ 143.107797781442628, 42.57801361333776 ], [ 143.10215583692252, 42.578650559076209 ], [ 143.097798884211329, 42.581211946074632 ], [ 143.093516393566915, 42.580775000566007 ], [ 143.092099727520576, 42.579264721389961 ], [ 143.086125836937981, 42.578412774729941 ], [ 143.083753605244851, 42.576915279416767 ], [ 143.078891114833255, 42.579806387554925 ], [ 143.074358884255275, 42.578673053818534 ], [ 143.069269441831466, 42.579686945896015 ], [ 143.067971945848853, 42.579180279546449 ], [ 143.065751672601777, 42.580052505019239 ], [ 143.063319999318651, 42.579416387556421 ], [ 143.061162217262677, 42.580217224845228 ], [ 143.055919169734125, 42.578684441034284 ], [ 143.046173890312957, 42.586029170909683 ], [ 143.044780829671708, 42.585991386793239 ], [ 143.04053722391393, 42.588256386922865 ], [ 143.042697781277752, 42.589237225317845 ], [ 143.044985836427372, 42.588814441433499 ], [ 143.046772775843124, 42.589376108520753 ], [ 143.048320271663329, 42.590953333229891 ], [ 143.05205944139027, 42.591939170956152 ], [ 143.056880271607383, 42.59445666744142 ], [ 143.070323890635223, 42.594379721447126 ], [ 143.07224167241543, 42.595692505005275 ], [ 143.074776108530727, 42.595704721395919 ], [ 143.077819727298788, 42.597066387603888 ], [ 143.081736393519918, 42.597233612941068 ], [ 143.08489666694777, 42.598367505156432 ], [ 143.088448339719321, 42.597592505389969 ], [ 143.090903890902041, 42.599806108365385 ], [ 143.095154162434824, 42.597252225310115 ], [ 143.094455278588384, 42.596605558799638 ], [ 143.098555278803246, 42.593091946236484 ], [ 143.111069441301879, 42.600773892201516 ], [ 143.106085005518821, 42.604301667288269 ], [ 143.10582610868812, 42.6070258378723 ], [ 143.128934162581686, 42.620988613034228 ], [ 143.122743605533174, 42.6266908382118 ], [ 143.13901444845817, 42.636748333468972 ], [ 143.163186394036984, 42.665187224910653 ], [ 143.183340557221072, 42.696306945908987 ], [ 143.186341672230583, 42.695744721242079 ], [ 143.187582502830423, 42.69891527931685 ], [ 143.20755756153244, 42.702306747758371 ], [ 143.205978196436831, 42.707540198621416 ], [ 143.207636393404982, 42.707836386740041 ], [ 143.240074162592691, 42.701783333334333 ], [ 143.248430751178375, 42.725561107858994 ] ] ] ] } }
]
}
